---- LDMXSW: Loading configuration --------
Setting detector for tracking to ldmx-det-v15-8gev
Setting detector for tracking to ldmx-ti-v16-8gev
[ TruthSeedProcessor ] 0  info: Seed Smearing is set to false
---- LDMXSW: Configuration load complete  --------
---- LDMXSW: Starting event processing --------
[ APrimePhysics ] 0  info: Configuration: A' mass: 0 MeV, Dark brem enabled: NO, FCP enabled: NO, FCP mass: 0 MeV, FCP charge: 0.1 e, FCP xsec factor: 1
[ FCPPhysics ] 0  info: FCPPhysics configuration: Enabled: NO, FCP mass: 0 MeV, FCP charge: 0.1 e, FCP PDG ID: 17
[ RunManager ] 0  info:  Biasing enabled with 1 operator(s)
[ RunManager ] 0  info: Biasing operator 'target_bias_en' set to bias e-
[ APrimePhysics ] 0  info: Initializing A' with:, Mass: 0 MeV, PDG ID: 622, Lifetime (tau): -1, Decay mode: no_decay, Decay product ID: 11 (e+e-)
[ APrimePhysics ] 0  info: FCP not enabled, A' conversion process not registered
[ GenieNuclearPhysics ] 0  info: GENIE electronuclear process is not enabled
[ target_bias_en ] 0  info: Biasing particles of type e-
[ GEANT4 ] 0  warn: G4Material WARNING: duplicate name of material Hydrogen
[ GEANT4 ] 0  warn: G4Material WARNING: duplicate name of material Carbon
[ GEANT4 ] 0  warn: G4Material WARNING: duplicate name of material Nitrogen
[ GEANT4 ] 0  warn: G4Material WARNING: duplicate name of material Oxygen
[ GEANT4 ] 0  warn: G4Material WARNING: duplicate name of material Aluminum
[ GEANT4 ] 0  warn: G4Material WARNING: duplicate name of material Aluminum3003
[ GEANT4 ] 0  warn: G4Material WARNING: duplicate name of material Silicon
[ GEANT4 ] 0  warn: G4Material WARNING: duplicate name of material Argon
[ GEANT4 ] 0  warn: G4Material WARNING: duplicate name of material Iron
[ GEANT4 ] 0  warn: G4Material WARNING: duplicate name of material Copper
[ GEANT4 ] 0  warn: G4Material WARNING: duplicate name of material Titanium
[ GEANT4 ] 0  warn: G4Material WARNING: duplicate name of material Tungsten
[ GEANT4 ] 0  warn: G4Material WARNING: duplicate name of material Vacuum
[ GEANT4 ] 0  warn: G4Material WARNING: duplicate name of material Air
[ GEANT4 ] 0  warn: G4Material WARNING: duplicate name of material FR4
[ GEANT4 ] 0  warn: G4Material WARNING: duplicate name of material Glue
[ GEANT4 ] 0  warn: G4Material WARNING: duplicate name of material CarbonEpoxyComposite
[ GEANT4 ] 0  warn: G4Material WARNING: duplicate name of material Steel
[ GEANT4 ] 0  warn: G4Material WARNING: duplicate name of material Scintillator
[ GEANT4 ] 0  warn: G4Material WARNING: duplicate name of material Polyvinyltoluene
[ GEANT4 ] 0  warn: G4Material WARNING: duplicate name of material AcrylicPMMA
[ GEANT4 ] 0  warn: G4Material WARNING: duplicate name of material LYSO
[ TrackersTrackingGeometry ] 0  info: x_length = 609 y_length = 480 z_length = 240
[ TrackersTrackingGeometry ] 0  info: x_length = 174 y_length = 480 z_length = 240
[ Process ] 0  info: RunHeader { run: 1, numTries: 0, completed: false, detectorName: ldmx-ti-v16-8gev, description: Ti Target EN Simulation
  intParameters: 
    Included Scoring Planes = 1
    RandomNumberMasterSeed[test] = 1
    Use Random Seed from Event Header = 0
  floatParameters: 
    BiasOperator::ElectroNuclear::Factor = 100000
    BiasOperator::ElectroNuclear::Threshold = 0
    Gen0 Direction X = 0.0485658
    Gen0 Direction Y = 0
    Gen0 Direction Z = 0.99882
    Gen0 Energy [GeV] = 8
    Gen0 Time [ns] = 0
    Gen0 X [mm] = -21.7459
    Gen0 Y [mm] = 0
    Gen0 Z [mm] = -883
  stringParameters: 
    BiasOperator::ElectroNuclear::Volume = target
    Geant4 revision = 
    Gen0 Class = simcore::generators::ParticleGun
    Gen0 Particle = e-
    Pass = test, version = v4.9.2
    SIM revision = bd6e4467735743f9267b707bb68599dca8dff420
    SIM version = v4.9.2
}
[ biasing::TargetENProcessFilter ] 1  info: Electronuclear reaction resulted in 5 particles via biasWrapper(electronNuclear) process.
[ TruthSeedProcessor ] 1  warn: Propagation to target surface failed — track may have exited the B-field map.
[ Tagger_TrackFinder ] 1  info: Number of TaggerRecoSeeds seed tracks = 1
[ Tagger_TrackFinder ] 1  info: Number of CKF tracks 1
[ Recoil_TrackFinder ] 1  info: Number of RecoilRecoSeeds seed tracks = 47
[ Recoil_TrackFinder ] 1  info: Number of CKF tracks 21
[ TrackerVetoProcessor ] 1  info: Tagger requirements passed for 1 tracks
[ TrackerVetoProcessor ] 1  info: Recoil requirements passed for 6 tracks
[ TrackerVetoProcessor ] 1  info: Tracker veto failed
[ EcalClusterProducer ] 1  info: Using CLUE clustering algorithm
[ CLUE ] 1  info: Starting CLUE clustering with parameters:dc 5, rc 550, delta_c 10, delta_o 40, nbr_of_layers 1, reclustering false
[ EcalVetoProcessor ] 1  info:    Is this event is fiducial in ECAL? true
[ EcalVetoProcessor ] 1  info:  BDT was ran, score is 0.000324965
[ EcalVetoProcessor ] 1  info:  The pred > bdtCutVal = false
[ EcalMipTrackingProcessor ] 1  info: Finding linreg tracks from a total of 66 hits using a radius of 35 mm
[ EcalMipTrackingProcessor ] 1  info:  MIP tracking completed; found 6 straight tracks and 0 lin-reg tracks
[ HcalVetoProcessor ] 1  info: There are 25 / 25 HCal hits read out. 25 are not associated with the recoil ele. Total PE of 1227
[ HcalVetoProcessor ] 1  info: HCAL veto passed? false
[ ElectronCounter ] 1  info: Found 1 electrons (tracks) using input collection TriggerPadTracksY_
[ trigger ] 1  info: Got trigger energy cut 3000 for 1 electrons counted in the event.
[ trigger ] 1  info: Got trigger energy sum 4518.22; and decision is pass = false
[ TrigScintDigiVerifier ] 1  info: There are 3 ts digis in this event
[ TrigScintDigiVerifier ] 1  info:  There are 68 sim hits in this event, adding up to a total energy of 42.7336
[ EcalClusterAnalyzer ] 1  info: Avg number of clusters per layer: 0
[ EcalClusterAnalyzer ] 1  info: Number of ECal CLUE clusters: 0, TS counted electrons: 1, SP electrons: 1
[ biasing::TargetENProcessFilter ] 2  info: Electronuclear reaction resulted in 4 particles via biasWrapper(electronNuclear) process.
[ TruthSeedProcessor ] 2  warn: Propagation to target surface failed — track may have exited the B-field map.
[ Tagger_TrackFinder ] 2  info: Number of TaggerRecoSeeds seed tracks = 1
[ Tagger_TrackFinder ] 2  info: Number of CKF tracks 1
[ Recoil_TrackFinder ] 2  info: Number of RecoilRecoSeeds seed tracks = 34
[ Recoil_TrackFinder ] 2  info: Number of CKF tracks 28
[ TrackerVetoProcessor ] 2  info: Tagger requirements passed for 1 tracks
[ TrackerVetoProcessor ] 2  info: Recoil requirements passed for 18 tracks
[ TrackerVetoProcessor ] 2  info: Tracker veto failed
[ EcalClusterProducer ] 2  info: Using CLUE clustering algorithm
[ CLUE ] 2  info: Starting CLUE clustering with parameters:dc 5, rc 550, delta_c 10, delta_o 40, nbr_of_layers 1, reclustering false
[ EcalVetoProcessor ] 2  info:    Is this event is fiducial in ECAL? true
[ EcalVetoProcessor ] 2  info:  BDT was ran, score is 0.000646174
[ EcalVetoProcessor ] 2  info:  The pred > bdtCutVal = false
[ EcalMipTrackingProcessor ] 2  info: Finding linreg tracks from a total of 60 hits using a radius of 35 mm
[ EcalMipTrackingProcessor ] 2  info:  MIP tracking completed; found 6 straight tracks and 0 lin-reg tracks
[ HcalVetoProcessor ] 2  info: There are 48 / 48 HCal hits read out. 48 are not associated with the recoil ele. Total PE of 1899
[ HcalVetoProcessor ] 2  info: HCAL veto passed? false
[ ElectronCounter ] 2  info: Found 1 electrons (tracks) using input collection TriggerPadTracksY_
[ trigger ] 2  info: Got trigger energy cut 3000 for 1 electrons counted in the event.
[ trigger ] 2  info: Got trigger energy sum 3959.46; and decision is pass = false
[ TrigScintDigiVerifier ] 2  info: There are 1 ts digis in this event
[ TrigScintDigiVerifier ] 2  info:  There are 50 sim hits in this event, adding up to a total energy of 20.2518
[ EcalClusterAnalyzer ] 2  info: Avg number of clusters per layer: 0
[ EcalClusterAnalyzer ] 2  info: Number of ECal CLUE clusters: 0, TS counted electrons: 1, SP electrons: 1
[ biasing::TargetENProcessFilter ] 3  info: Electronuclear reaction resulted in 19 particles via biasWrapper(electronNuclear) process.
[ TruthSeedProcessor ] 3  warn: Propagation to target surface failed — track may have exited the B-field map.
[ Tagger_TrackFinder ] 3  info: Number of TaggerRecoSeeds seed tracks = 1
[ Tagger_TrackFinder ] 3  info: Number of CKF tracks 1
[ Recoil_TrackFinder ] 3  info: Number of RecoilRecoSeeds seed tracks = 1
[ Recoil_TrackFinder ] 3  info: Number of CKF tracks 1
[ TrackerVetoProcessor ] 3  info: Tagger requirements passed for 1 tracks
[ TrackerVetoProcessor ] 3  info: Recoil requirements passed for 1 tracks
[ TrackerVetoProcessor ] 3  info: Tracker veto passed, skim will keep the event
[ EcalClusterProducer ] 3  info: Using CLUE clustering algorithm
[ CLUE ] 3  info: Starting CLUE clustering with parameters:dc 5, rc 550, delta_c 10, delta_o 40, nbr_of_layers 1, reclustering false
[ EcalVetoProcessor ] 3  info:    Is this event is fiducial in ECAL? true
[ EcalVetoProcessor ] 3  info:  BDT was ran, score is 0.000789881
[ EcalVetoProcessor ] 3  info:  The pred > bdtCutVal = false
[ EcalMipTrackingProcessor ] 3  info: Finding linreg tracks from a total of 17 hits using a radius of 35 mm
[ EcalMipTrackingProcessor ] 3  info:  MIP tracking completed; found 2 straight tracks and 0 lin-reg tracks
[ HcalVetoProcessor ] 3  info: There are 67 / 68 HCal hits read out. 67 are not associated with the recoil ele. Total PE of 1345
[ HcalVetoProcessor ] 3  info: HCAL veto passed? false
[ ElectronCounter ] 3  info: Found 1 electrons (tracks) using input collection TriggerPadTracksY_
[ trigger ] 3  info: Got trigger energy cut 3000 for 1 electrons counted in the event.
[ trigger ] 3  info: Got trigger energy sum 658.766; and decision is pass = true
[ TrigScintDigiVerifier ] 3  info: There are 4 ts digis in this event
[ TrigScintDigiVerifier ] 3  info:  There are 124 sim hits in this event, adding up to a total energy of 236.434
[ EcalClusterAnalyzer ] 3  info: Avg number of clusters per layer: 1
[ EcalClusterAnalyzer ] 3  info: Number of ECal CLUE clusters: 1, TS counted electrons: 1, SP electrons: 1
[ biasing::TargetENProcessFilter ] 8  info: Electronuclear reaction resulted in 12 particles via biasWrapper(electronNuclear) process.
[ TruthSeedProcessor ] 8  warn: Propagation to target surface failed — track may have exited the B-field map.
[ Tagger_TrackFinder ] 8  info: Number of TaggerRecoSeeds seed tracks = 2
[ Tagger_TrackFinder ] 8  info: Number of CKF tracks 2
[ Recoil_TrackFinder ] 8  info: Number of RecoilRecoSeeds seed tracks = 10
[ Recoil_TrackFinder ] 8  info: Number of CKF tracks 4
[ TrackerVetoProcessor ] 8  info: Tagger requirements passed for 2 tracks
[ TrackerVetoProcessor ] 8  info: Recoil requirements passed for 1 tracks
[ TrackerVetoProcessor ] 8  info: Tracker veto passed, skim will keep the event
[ EcalClusterProducer ] 8  info: Using CLUE clustering algorithm
[ CLUE ] 8  info: Starting CLUE clustering with parameters:dc 5, rc 550, delta_c 10, delta_o 40, nbr_of_layers 1, reclustering false
[ EcalVetoProcessor ] 8  info:    Is this event is fiducial in ECAL? true
[ EcalVetoProcessor ] 8  info:  BDT was ran, score is 0.351959
[ EcalVetoProcessor ] 8  info:  The pred > bdtCutVal = false
[ EcalMipTrackingProcessor ] 8  info: Finding linreg tracks from a total of 27 hits using a radius of 35 mm
[ EcalMipTrackingProcessor ] 8  info:  MIP tracking completed; found 0 straight tracks and 0 lin-reg tracks
[ HcalVetoProcessor ] 8  info: There are 31 / 32 HCal hits read out. 31 are not associated with the recoil ele. Total PE of 1110
[ HcalVetoProcessor ] 8  info: HCAL veto passed? false
[ ElectronCounter ] 8  info: Found 0 electrons (tracks) using input collection TriggerPadTracksY_
[ trigger ] 8  info: Got trigger energy cut 0 for 0 electrons counted in the event.
[ trigger ] 8  info: Got trigger energy sum 4683.22; and decision is pass = false
[ TrigScintDigiVerifier ] 8  info: There are 1 ts digis in this event
[ TrigScintDigiVerifier ] 8  info:  There are 41 sim hits in this event, adding up to a total energy of 30.2451
[ EcalClusterAnalyzer ] 8  info: Avg number of clusters per layer: 1
[ EcalClusterAnalyzer ] 8  info: Number of ECal CLUE clusters: 1, TS counted electrons: 0, SP electrons: 0
[ biasing::TargetENProcessFilter ] 10  info: Electronuclear reaction resulted in 7 particles via biasWrapper(electronNuclear) process.
[ TruthSeedProcessor ] 10  warn: Propagation to target surface failed — track may have exited the B-field map.
[ Tagger_TrackFinder ] 10  info: Number of TaggerRecoSeeds seed tracks = 1
[ Tagger_TrackFinder ] 10  info: Number of CKF tracks 1
[ Recoil_TrackFinder ] 10  info: Number of RecoilRecoSeeds seed tracks = 5
[ Recoil_TrackFinder ] 10  warn: smoothTrack failed: Did not find a compatible track state
[ Recoil_TrackFinder ] 10  info: Number of CKF tracks 2
[ TrackerVetoProcessor ] 10  info: Tagger requirements passed for 1 tracks
[ TrackerVetoProcessor ] 10  info: Recoil requirements passed for 2 tracks
[ TrackerVetoProcessor ] 10  info: Tracker veto failed
[ EcalClusterProducer ] 10  info: Using CLUE clustering algorithm
[ CLUE ] 10  info: Starting CLUE clustering with parameters:dc 5, rc 550, delta_c 10, delta_o 40, nbr_of_layers 1, reclustering false
[ EcalVetoProcessor ] 10  info:    Is this event is fiducial in ECAL? true
[ EcalVetoProcessor ] 10  info:  BDT was ran, score is 0.830956
[ EcalVetoProcessor ] 10  info:  The pred > bdtCutVal = false
[ EcalMipTrackingProcessor ] 10  info: Finding linreg tracks from a total of 44 hits using a radius of 35 mm
[ EcalMipTrackingProcessor ] 10  info:  MIP tracking completed; found 1 straight tracks and 0 lin-reg tracks
[ HcalVetoProcessor ] 10  info: There are 30 / 30 HCal hits read out. 30 are not associated with the recoil ele. Total PE of 845
[ HcalVetoProcessor ] 10  info: HCAL veto passed? false
[ ElectronCounter ] 10  info: Found 1 electrons (tracks) using input collection TriggerPadTracksY_
[ trigger ] 10  info: Got trigger energy cut 3000 for 1 electrons counted in the event.
[ trigger ] 10  info: Got trigger energy sum 5490.88; and decision is pass = false
[ TrigScintDigiVerifier ] 10  info: There are 1 ts digis in this event
[ TrigScintDigiVerifier ] 10  info:  There are 87 sim hits in this event, adding up to a total energy of 82.5784
[ EcalClusterAnalyzer ] 10  info: Avg number of clusters per layer: 1
[ EcalClusterAnalyzer ] 10  info: Number of ECal CLUE clusters: 1, TS counted electrons: 1, SP electrons: 1
[ biasing::TargetENProcessFilter ] 12  info: Electronuclear reaction resulted in 5 particles via biasWrapper(electronNuclear) process.
[ TruthSeedProcessor ] 12  warn: Propagation to target surface failed — track may have exited the B-field map.
[ Tagger_TrackFinder ] 12  info: Number of TaggerRecoSeeds seed tracks = 1
[ Tagger_TrackFinder ] 12  info: Number of CKF tracks 1
[ Recoil_TrackFinder ] 12  info: Number of RecoilRecoSeeds seed tracks = 29
00:09:26    Propagator     WARNING   Field lookup was unsuccessful, this is very likely an error
[ Recoil_TrackFinder ] 12  info: Number of CKF tracks 11
[ TrackerVetoProcessor ] 12  info: Tagger requirements passed for 1 tracks
[ TrackerVetoProcessor ] 12  info: Recoil requirements passed for 2 tracks
[ TrackerVetoProcessor ] 12  info: Tracker veto failed
[ EcalClusterProducer ] 12  info: Using CLUE clustering algorithm
[ CLUE ] 12  info: Starting CLUE clustering with parameters:dc 5, rc 550, delta_c 10, delta_o 40, nbr_of_layers 1, reclustering false
[ EcalVetoProcessor ] 12  info:    Is this event is fiducial in ECAL? true
[ EcalVetoProcessor ] 12  info:  BDT was ran, score is 0.979855
[ EcalVetoProcessor ] 12  info:  The pred > bdtCutVal = true
[ EcalMipTrackingProcessor ] 12  info: Finding linreg tracks from a total of 33 hits using a radius of 35 mm
[ EcalMipTrackingProcessor ] 12  info:  MIP tracking completed; found 0 straight tracks and 0 lin-reg tracks
[ HcalVetoProcessor ] 12  info: There are 24 / 24 HCal hits read out. 24 are not associated with the recoil ele. Total PE of 953
[ HcalVetoProcessor ] 12  info: HCAL veto passed? false
[ ElectronCounter ] 12  info: Found 1 electrons (tracks) using input collection TriggerPadTracksY_
[ trigger ] 12  info: Got trigger energy cut 3000 for 1 electrons counted in the event.
[ trigger ] 12  info: Got trigger energy sum 4223.5; and decision is pass = false
[ TrigScintDigiVerifier ] 12  info: There are 2 ts digis in this event
[ TrigScintDigiVerifier ] 12  info:  There are 125 sim hits in this event, adding up to a total energy of 95.3409
[ EcalClusterAnalyzer ] 12  info: Avg number of clusters per layer: 1
[ EcalClusterAnalyzer ] 12  info: Number of ECal CLUE clusters: 1, TS counted electrons: 1, SP electrons: 1
[ biasing::TargetENProcessFilter ] 15  info: Electronuclear reaction resulted in 9 particles via biasWrapper(electronNuclear) process.
[ TruthSeedProcessor ] 15  warn: Propagation to target surface failed — track may have exited the B-field map.
[ Tagger_TrackFinder ] 15  info: Number of TaggerRecoSeeds seed tracks = 1
[ Tagger_TrackFinder ] 15  info: Number of CKF tracks 1
[ Recoil_TrackFinder ] 15  info: Number of RecoilRecoSeeds seed tracks = 6
[ Recoil_TrackFinder ] 15  info: Number of CKF tracks 4
[ TrackerVetoProcessor ] 15  info: Tagger requirements passed for 1 tracks
[ TrackerVetoProcessor ] 15  info: Recoil requirements passed for 1 tracks
[ TrackerVetoProcessor ] 15  info: Tracker veto passed, skim will keep the event
[ EcalClusterProducer ] 15  info: Using CLUE clustering algorithm
[ CLUE ] 15  info: Starting CLUE clustering with parameters:dc 5, rc 550, delta_c 10, delta_o 40, nbr_of_layers 1, reclustering false
[ EcalVetoProcessor ] 15  info:    Is this event is fiducial in ECAL? true
[ EcalVetoProcessor ] 15  info:  BDT was ran, score is 0.0456958
[ EcalVetoProcessor ] 15  info:  The pred > bdtCutVal = false
[ EcalMipTrackingProcessor ] 15  info: Finding linreg tracks from a total of 64 hits using a radius of 35 mm
[ EcalMipTrackingProcessor ] 15  info:  MIP tracking completed; found 1 straight tracks and 0 lin-reg tracks
[ HcalVetoProcessor ] 15  info: There are 31 / 31 HCal hits read out. 31 are not associated with the recoil ele. Total PE of 913
[ HcalVetoProcessor ] 15  info: HCAL veto passed? false
[ ElectronCounter ] 15  info: Found 1 electrons (tracks) using input collection TriggerPadTracksY_
[ trigger ] 15  info: Got trigger energy cut 3000 for 1 electrons counted in the event.
[ trigger ] 15  info: Got trigger energy sum 7106.67; and decision is pass = false
[ TrigScintDigiVerifier ] 15  info: There are 1 ts digis in this event
[ TrigScintDigiVerifier ] 15  info:  There are 39 sim hits in this event, adding up to a total energy of 52.1676
[ EcalClusterAnalyzer ] 15  info: Avg number of clusters per layer: 1
[ EcalClusterAnalyzer ] 15  info: Number of ECal CLUE clusters: 1, TS counted electrons: 1, SP electrons: 1
[ biasing::TargetENProcessFilter ] 18  info: Electronuclear reaction resulted in 8 particles via biasWrapper(electronNuclear) process.
[ TruthSeedProcessor ] 18  warn: Propagation to target surface failed — track may have exited the B-field map.
[ Tagger_TrackFinder ] 18  info: Number of TaggerRecoSeeds seed tracks = 1
[ Tagger_TrackFinder ] 18  info: Number of CKF tracks 1
[ Recoil_TrackFinder ] 18  info: Number of RecoilRecoSeeds seed tracks = 3
[ Recoil_TrackFinder ] 18  info: Number of CKF tracks 2
[ TrackerVetoProcessor ] 18  info: Tagger requirements passed for 1 tracks
[ TrackerVetoProcessor ] 18  info: Recoil requirements passed for 1 tracks
[ TrackerVetoProcessor ] 18  info: Tracker veto passed, skim will keep the event
[ EcalClusterProducer ] 18  info: Using CLUE clustering algorithm
[ CLUE ] 18  info: Starting CLUE clustering with parameters:dc 5, rc 550, delta_c 10, delta_o 40, nbr_of_layers 1, reclustering false
[ EcalVetoProcessor ] 18  info:    Is this event is fiducial in ECAL? true
[ EcalVetoProcessor ] 18  info:  BDT was ran, score is 0.643694
[ EcalVetoProcessor ] 18  info:  The pred > bdtCutVal = false
[ EcalMipTrackingProcessor ] 18  info: Finding linreg tracks from a total of 29 hits using a radius of 35 mm
[ EcalMipTrackingProcessor ] 18  info:  MIP tracking completed; found 3 straight tracks and 0 lin-reg tracks
[ HcalVetoProcessor ] 18  info: There are 15 / 16 HCal hits read out. 15 are not associated with the recoil ele. Total PE of 886
[ HcalVetoProcessor ] 18  info: HCAL veto passed? false
[ ElectronCounter ] 18  info: Found 1 electrons (tracks) using input collection TriggerPadTracksY_
[ trigger ] 18  info: Got trigger energy cut 3000 for 1 electrons counted in the event.
[ trigger ] 18  info: Got trigger energy sum 6354.34; and decision is pass = false
[ TrigScintDigiVerifier ] 18  info: There are 1 ts digis in this event
[ TrigScintDigiVerifier ] 18  info:  There are 36 sim hits in this event, adding up to a total energy of 13.7845
[ EcalClusterAnalyzer ] 18  info: Avg number of clusters per layer: 1
[ EcalClusterAnalyzer ] 18  info: Number of ECal CLUE clusters: 1, TS counted electrons: 1, SP electrons: 1
[ biasing::TargetENProcessFilter ] 19  info: Electronuclear reaction resulted in 20 particles via biasWrapper(electronNuclear) process.
[ TruthSeedProcessor ] 19  warn: Propagation to target surface failed — track may have exited the B-field map.
[ Tagger_TrackFinder ] 19  info: Number of TaggerRecoSeeds seed tracks = 1
[ Tagger_TrackFinder ] 19  info: Number of CKF tracks 1
[ Recoil_TrackFinder ] 19  info: Number of RecoilRecoSeeds seed tracks = 59
00:10:00    Propagator     WARNING   Field lookup was unsuccessful, this is very likely an error
00:10:00    Propagator     WARNING   Field lookup was unsuccessful, this is very likely an error
00:10:00    Propagator     WARNING   Field lookup was unsuccessful, this is very likely an error
00:10:00    Propagator     WARNING   Field lookup was unsuccessful, this is very likely an error
00:10:00    Propagator     WARNING   Field lookup was unsuccessful, this is very likely an error
00:10:00    Propagator     WARNING   Field lookup was unsuccessful, this is very likely an error
00:10:00    Propagator     WARNING   Field lookup was unsuccessful, this is very likely an error
00:10:00    Propagator     WARNING   Field lookup was unsuccessful, this is very likely an error
00:10:00    Propagator     WARNING   Field lookup was unsuccessful, this is very likely an error
00:10:00    Propagator     WARNING   Field lookup was unsuccessful, this is very likely an error
[ Recoil_TrackFinder ] 19  info: Number of CKF tracks 31
[ TrackerVetoProcessor ] 19  info: Tagger requirements passed for 1 tracks
[ TrackerVetoProcessor ] 19  info: Recoil requirements passed for 14 tracks
[ TrackerVetoProcessor ] 19  info: Tracker veto failed
[ EcalClusterProducer ] 19  info: Using CLUE clustering algorithm
[ CLUE ] 19  info: Starting CLUE clustering with parameters:dc 5, rc 550, delta_c 10, delta_o 40, nbr_of_layers 1, reclustering false
[ EcalVetoProcessor ] 19  info:    Is this event is fiducial in ECAL? true
[ EcalVetoProcessor ] 19  info:  BDT was ran, score is 0.00652158
[ EcalVetoProcessor ] 19  info:  The pred > bdtCutVal = false
[ EcalMipTrackingProcessor ] 19  info: Finding linreg tracks from a total of 74 hits using a radius of 35 mm
[ EcalMipTrackingProcessor ] 19  info:  MIP tracking completed; found 7 straight tracks and 0 lin-reg tracks
[ HcalVetoProcessor ] 19  info: There are 9 / 9 HCal hits read out. 9 are not associated with the recoil ele. Total PE of 296
[ HcalVetoProcessor ] 19  info: HCAL veto passed? false
[ ElectronCounter ] 19  info: Found 1 electrons (tracks) using input collection TriggerPadTracksY_
[ trigger ] 19  info: Got trigger energy cut 3000 for 1 electrons counted in the event.
[ trigger ] 19  info: Got trigger energy sum 6329.89; and decision is pass = false
[ TrigScintDigiVerifier ] 19  info: There are 2 ts digis in this event
[ TrigScintDigiVerifier ] 19  info:  There are 78 sim hits in this event, adding up to a total energy of 37.9304
[ EcalClusterAnalyzer ] 19  info: Avg number of clusters per layer: 1
[ EcalClusterAnalyzer ] 19  info: Number of ECal CLUE clusters: 1, TS counted electrons: 1, SP electrons: 1
[ biasing::TargetENProcessFilter ] 20  info: Electronuclear reaction resulted in 9 particles via biasWrapper(electronNuclear) process.
[ TruthSeedProcessor ] 20  warn: Propagation to target surface failed — track may have exited the B-field map.
[ Tagger_TrackFinder ] 20  info: Number of TaggerRecoSeeds seed tracks = 1
[ Tagger_TrackFinder ] 20  info: Number of CKF tracks 1
[ Recoil_TrackFinder ] 20  info: Number of RecoilRecoSeeds seed tracks = 76
00:10:04    Propagator     WARNING   Field lookup was unsuccessful, this is very likely an error
[ Recoil_TrackFinder ] 20  warn: smoothTrack failed: Did not find a compatible track state
[ Recoil_TrackFinder ] 20  warn: smoothTrack failed: Did not find a compatible track state
[ Recoil_TrackFinder ] 20  warn: smoothTrack failed: Did not find a compatible track state
00:10:04    Propagator     WARNING   Field lookup was unsuccessful, this is very likely an error
00:10:04    Propagator     WARNING   Field lookup was unsuccessful, this is very likely an error
[ Recoil_TrackFinder ] 20  info: Number of CKF tracks 17
[ TrackerVetoProcessor ] 20  info: Tagger requirements passed for 1 tracks
[ TrackerVetoProcessor ] 20  info: Recoil requirements passed for 5 tracks
[ TrackerVetoProcessor ] 20  info: Tracker veto failed
[ EcalClusterProducer ] 20  info: Using CLUE clustering algorithm
[ CLUE ] 20  info: Starting CLUE clustering with parameters:dc 5, rc 550, delta_c 10, delta_o 40, nbr_of_layers 1, reclustering false
[ EcalVetoProcessor ] 20  info:    Is this event is fiducial in ECAL? true
[ EcalVetoProcessor ] 20  info:  BDT was ran, score is 4.8995e-05
[ EcalVetoProcessor ] 20  info:  The pred > bdtCutVal = false
[ EcalMipTrackingProcessor ] 20  info: Finding linreg tracks from a total of 48 hits using a radius of 35 mm
[ EcalMipTrackingProcessor ] 20  info:  MIP tracking completed; found 9 straight tracks and 0 lin-reg tracks
[ HcalVetoProcessor ] 20  info: There are 58 / 59 HCal hits read out. 58 are not associated with the recoil ele. Total PE of 3405
[ HcalVetoProcessor ] 20  info: HCAL veto passed? false
[ ElectronCounter ] 20  info: Found 1 electrons (tracks) using input collection TriggerPadTracksY_
[ trigger ] 20  info: Got trigger energy cut 3000 for 1 electrons counted in the event.
[ trigger ] 20  info: Got trigger energy sum 1968.01; and decision is pass = true
[ TrigScintDigiVerifier ] 20  info: There are 2 ts digis in this event
[ TrigScintDigiVerifier ] 20  info:  There are 131 sim hits in this event, adding up to a total energy of 70.2056
[ EcalClusterAnalyzer ] 20  info: Avg number of clusters per layer: 0
[ EcalClusterAnalyzer ] 20  info: Number of ECal CLUE clusters: 0, TS counted electrons: 1, SP electrons: 1
[ biasing::TargetENProcessFilter ] 21  info: Electronuclear reaction resulted in 7 particles via biasWrapper(electronNuclear) process.
[ TruthSeedProcessor ] 21  warn: Propagation to target surface failed — track may have exited the B-field map.
[ Tagger_TrackFinder ] 21  info: Number of TaggerRecoSeeds seed tracks = 1
[ Tagger_TrackFinder ] 21  info: Number of CKF tracks 1
[ Recoil_TrackFinder ] 21  info: Number of RecoilRecoSeeds seed tracks = 1
[ Recoil_TrackFinder ] 21  info: Number of CKF tracks 1
[ TrackerVetoProcessor ] 21  info: Tagger requirements passed for 1 tracks
[ TrackerVetoProcessor ] 21  info: Recoil requirements passed for 1 tracks
[ TrackerVetoProcessor ] 21  info: Tracker veto passed, skim will keep the event
[ EcalClusterProducer ] 21  info: Using CLUE clustering algorithm
[ CLUE ] 21  info: Starting CLUE clustering with parameters:dc 5, rc 550, delta_c 10, delta_o 40, nbr_of_layers 1, reclustering false
[ EcalVetoProcessor ] 21  info:    Is this event is fiducial in ECAL? true
[ EcalVetoProcessor ] 21  info:  BDT was ran, score is 0.0295833
[ EcalVetoProcessor ] 21  info:  The pred > bdtCutVal = false
[ EcalMipTrackingProcessor ] 21  info: Finding linreg tracks from a total of 29 hits using a radius of 35 mm
[ EcalMipTrackingProcessor ] 21  info:  MIP tracking completed; found 6 straight tracks and 0 lin-reg tracks
[ HcalVetoProcessor ] 21  info: There are 7 / 7 HCal hits read out. 7 are not associated with the recoil ele. Total PE of 100
[ HcalVetoProcessor ] 21  info: HCAL veto passed? false
[ ElectronCounter ] 21  info: Found 1 electrons (tracks) using input collection TriggerPadTracksY_
[ trigger ] 21  info: Got trigger energy cut 3000 for 1 electrons counted in the event.
[ trigger ] 21  info: Got trigger energy sum 6751.04; and decision is pass = false
[ TrigScintDigiVerifier ] 21  info: There are 4 ts digis in this event
[ TrigScintDigiVerifier ] 21  info:  There are 53 sim hits in this event, adding up to a total energy of 23.1382
[ EcalClusterAnalyzer ] 21  info: Avg number of clusters per layer: 1
[ EcalClusterAnalyzer ] 21  info: Number of ECal CLUE clusters: 1, TS counted electrons: 1, SP electrons: 1
[ biasing::TargetENProcessFilter ] 23  info: Electronuclear reaction resulted in 10 particles via biasWrapper(electronNuclear) process.
[ TruthSeedProcessor ] 23  warn: Propagation to target surface failed — track may have exited the B-field map.
[ Tagger_TrackFinder ] 23  info: Number of TaggerRecoSeeds seed tracks = 1
[ Tagger_TrackFinder ] 23  info: Number of CKF tracks 1
[ Recoil_TrackFinder ] 23  info: Number of RecoilRecoSeeds seed tracks = 388
00:10:17    Propagator     WARNING   Field lookup was unsuccessful, this is very likely an error
00:10:17    Propagator     WARNING   Field lookup was unsuccessful, this is very likely an error
00:10:17    Propagator     WARNING   Field lookup was unsuccessful, this is very likely an error
00:10:17    Propagator     WARNING   Field lookup was unsuccessful, this is very likely an error
00:10:17    Propagator     WARNING   Field lookup was unsuccessful, this is very likely an error
00:10:17    Propagator     WARNING   Field lookup was unsuccessful, this is very likely an error
00:10:17    Propagator     WARNING   Field lookup was unsuccessful, this is very likely an error
00:10:17    Propagator     WARNING   Field lookup was unsuccessful, this is very likely an error
00:10:17    Propagator     WARNING   Field lookup was unsuccessful, this is very likely an error
00:10:17    Propagator     WARNING   Field lookup was unsuccessful, this is very likely an error
00:10:17    Propagator     WARNING   Field lookup was unsuccessful, this is very likely an error
00:10:17    Propagator     WARNING   Field lookup was unsuccessful, this is very likely an error
[ Recoil_TrackFinder ] 23  info: Number of CKF tracks 305
[ TrackerVetoProcessor ] 23  info: Tagger requirements passed for 1 tracks
[ TrackerVetoProcessor ] 23  info: Recoil requirements passed for 105 tracks
[ TrackerVetoProcessor ] 23  info: Tracker veto failed
[ EcalClusterProducer ] 23  info: Using CLUE clustering algorithm
[ CLUE ] 23  info: Starting CLUE clustering with parameters:dc 5, rc 550, delta_c 10, delta_o 40, nbr_of_layers 1, reclustering false
[ EcalVetoProcessor ] 23  info:    Is this event is fiducial in ECAL? true
[ EcalVetoProcessor ] 23  info:  BDT was ran, score is 0.983158
[ EcalVetoProcessor ] 23  info:  The pred > bdtCutVal = true
[ EcalMipTrackingProcessor ] 23  info: Finding linreg tracks from a total of 64 hits using a radius of 35 mm
[ EcalMipTrackingProcessor ] 23  info:  MIP tracking completed; found 10 straight tracks and 0 lin-reg tracks
[ HcalVetoProcessor ] 23  info: There are 8 / 8 HCal hits read out. 8 are not associated with the recoil ele. Total PE of 41
[ HcalVetoProcessor ] 23  info: HCAL veto passed? false
[ ElectronCounter ] 23  info: Found 1 electrons (tracks) using input collection TriggerPadTracksY_
[ trigger ] 23  info: Got trigger energy cut 3000 for 1 electrons counted in the event.
[ trigger ] 23  info: Got trigger energy sum 6493.06; and decision is pass = false
[ TrigScintDigiVerifier ] 23  info: There are 2 ts digis in this event
[ TrigScintDigiVerifier ] 23  info:  There are 132 sim hits in this event, adding up to a total energy of 47.1918
[ EcalClusterAnalyzer ] 23  info: Avg number of clusters per layer: 1
[ EcalClusterAnalyzer ] 23  info: Number of ECal CLUE clusters: 1, TS counted electrons: 1, SP electrons: 1
[ biasing::TargetENProcessFilter ] 24  info: Electronuclear reaction resulted in 8 particles via biasWrapper(electronNuclear) process.
[ TruthSeedProcessor ] 24  warn: Propagation to target surface failed — track may have exited the B-field map.
[ Tagger_TrackFinder ] 24  info: Number of TaggerRecoSeeds seed tracks = 1
[ Tagger_TrackFinder ] 24  info: Number of CKF tracks 1
[ Recoil_TrackFinder ] 24  info: Number of RecoilRecoSeeds seed tracks = 1
[ Recoil_TrackFinder ] 24  info: Number of CKF tracks 1
[ TrackerVetoProcessor ] 24  info: Tagger requirements passed for 1 tracks
[ TrackerVetoProcessor ] 24  info: Recoil requirements passed for 1 tracks
[ TrackerVetoProcessor ] 24  info: Tracker veto passed, skim will keep the event
[ EcalClusterProducer ] 24  info: Using CLUE clustering algorithm
[ CLUE ] 24  info: Starting CLUE clustering with parameters:dc 5, rc 550, delta_c 10, delta_o 40, nbr_of_layers 1, reclustering false
[ EcalVetoProcessor ] 24  info:    Is this event is fiducial in ECAL? true
[ EcalVetoProcessor ] 24  info:  BDT was ran, score is 0.00374472
[ EcalVetoProcessor ] 24  info:  The pred > bdtCutVal = false
[ EcalMipTrackingProcessor ] 24  info: Finding linreg tracks from a total of 43 hits using a radius of 35 mm
[ EcalMipTrackingProcessor ] 24  info:  MIP tracking completed; found 3 straight tracks and 0 lin-reg tracks
[ HcalVetoProcessor ] 24  info: There are 17 / 18 HCal hits read out. 17 are not associated with the recoil ele. Total PE of 728
[ HcalVetoProcessor ] 24  info: HCAL veto passed? false
[ ElectronCounter ] 24  info: Found 1 electrons (tracks) using input collection TriggerPadTracksY_
[ trigger ] 24  info: Got trigger energy cut 3000 for 1 electrons counted in the event.
[ trigger ] 24  info: Got trigger energy sum 6146.97; and decision is pass = false
[ TrigScintDigiVerifier ] 24  info: There are 1 ts digis in this event
[ TrigScintDigiVerifier ] 24  info:  There are 33 sim hits in this event, adding up to a total energy of 25.2712
[ EcalClusterAnalyzer ] 24  info: Avg number of clusters per layer: 1
[ EcalClusterAnalyzer ] 24  info: Number of ECal CLUE clusters: 1, TS counted electrons: 1, SP electrons: 1
[ biasing::TargetENProcessFilter ] 27  info: Electronuclear reaction resulted in 12 particles via biasWrapper(electronNuclear) process.
[ TruthSeedProcessor ] 27  warn: Propagation to target surface failed — track may have exited the B-field map.
[ Tagger_TrackFinder ] 27  info: Number of TaggerRecoSeeds seed tracks = 1
[ Tagger_TrackFinder ] 27  info: Number of CKF tracks 1
[ Recoil_TrackFinder ] 27  info: Number of RecoilRecoSeeds seed tracks = 277
[ Recoil_TrackFinder ] 27  warn: smoothTrack failed: Did not find a compatible track state
[ Recoil_TrackFinder ] 27  warn: smoothTrack failed: Did not find a compatible track state
[ Recoil_TrackFinder ] 27  warn: smoothTrack failed: Did not find a compatible track state
[ Recoil_TrackFinder ] 27  warn: smoothTrack failed: Did not find a compatible track state
00:10:38    Propagator     WARNING   Field lookup was unsuccessful, this is very likely an error
00:10:38    Propagator     WARNING   Field lookup was unsuccessful, this is very likely an error
00:10:38    Propagator     WARNING   Field lookup was unsuccessful, this is very likely an error
00:10:38    Propagator     WARNING   Field lookup was unsuccessful, this is very likely an error
00:10:38    Propagator     WARNING   Field lookup was unsuccessful, this is very likely an error
00:10:38    Propagator     WARNING   Field lookup was unsuccessful, this is very likely an error
[ Recoil_TrackFinder ] 27  warn: smoothTrack failed: Did not find a compatible track state
[ Recoil_TrackFinder ] 27  warn: smoothTrack failed: Did not find a compatible track state
[ Recoil_TrackFinder ] 27  warn: smoothTrack failed: Did not find a compatible track state
[ Recoil_TrackFinder ] 27  info: Number of CKF tracks 134
[ TrackerVetoProcessor ] 27  info: Tagger requirements passed for 1 tracks
[ TrackerVetoProcessor ] 27  info: Recoil requirements passed for 40 tracks
[ TrackerVetoProcessor ] 27  info: Tracker veto failed
[ EcalClusterProducer ] 27  info: Using CLUE clustering algorithm
[ CLUE ] 27  info: Starting CLUE clustering with parameters:dc 5, rc 550, delta_c 10, delta_o 40, nbr_of_layers 1, reclustering false
[ EcalVetoProcessor ] 27  info:    Is this event is fiducial in ECAL? true
[ EcalVetoProcessor ] 27  info:  BDT was ran, score is 0.00107896
[ EcalVetoProcessor ] 27  info:  The pred > bdtCutVal = false
[ EcalMipTrackingProcessor ] 27  info: Finding linreg tracks from a total of 55 hits using a radius of 35 mm
[ EcalMipTrackingProcessor ] 27  info:  MIP tracking completed; found 12 straight tracks and 0 lin-reg tracks
[ HcalVetoProcessor ] 27  info: There are 39 / 42 HCal hits read out. 39 are not associated with the recoil ele. Total PE of 1239
[ HcalVetoProcessor ] 27  info: HCAL veto passed? false
[ ElectronCounter ] 27  info: Found 1 electrons (tracks) using input collection TriggerPadTracksY_
[ trigger ] 27  info: Got trigger energy cut 3000 for 1 electrons counted in the event.
[ trigger ] 27  info: Got trigger energy sum 5192.73; and decision is pass = false
[ TrigScintDigiVerifier ] 27  info: There are 2 ts digis in this event
[ TrigScintDigiVerifier ] 27  info:  There are 74 sim hits in this event, adding up to a total energy of 33.6645
[ EcalClusterAnalyzer ] 27  info: Avg number of clusters per layer: 1
[ EcalClusterAnalyzer ] 27  info: Number of ECal CLUE clusters: 1, TS counted electrons: 1, SP electrons: 1
[ Tagger_TrackFinder ] 28  info: Number of TaggerRecoSeeds seed tracks = 1
[ Tagger_TrackFinder ] 28  info: Number of CKF tracks 1
[ Recoil_TrackFinder ] 28  info: Number of RecoilRecoSeeds seed tracks = 0
[ Recoil_TrackFinder ] 28  warn: No seed tracks, returning...
[ TrackerVetoProcessor ] 28  info: Tagger requirements passed for 0 tracks
[ TrackerVetoProcessor ] 28  info: Recoil requirements passed for 0 tracks
[ TrackerVetoProcessor ] 28  info: Tracker veto failed
[ EcalClusterProducer ] 28  info: Using CLUE clustering algorithm
[ CLUE ] 28  info: Starting CLUE clustering with parameters:dc 5, rc 550, delta_c 10, delta_o 40, nbr_of_layers 1, reclustering false
[ EcalVetoProcessor ] 28  info:    Is this event is fiducial in ECAL? false
[ EcalVetoProcessor ] 28  info:  BDT was ran, score is 0.660119
[ EcalVetoProcessor ] 28  info:  The pred > bdtCutVal = false
[ EcalMipTrackingProcessor ] 28  info: Finding linreg tracks from a total of 48 hits using a radius of 35 mm
[ EcalMipTrackingProcessor ] 28  info:  MIP tracking completed; found 14 straight tracks and 0 lin-reg tracks
[ EcalPnetVetoProcessor ] 28  info:   No recoil track at ECAL
[ HcalVetoProcessor ] 28  info: There are 0 / 0 HCal hits read out. 0 are not associated with the recoil ele. Total PE of 0
[ HcalVetoProcessor ] 28  info: HCAL veto passed? true
[ ElectronCounter ] 28  info: Found 0 electrons (tracks) using input collection TriggerPadTracksY_
[ trigger ] 28  info: Got trigger energy cut 0 for 0 electrons counted in the event.
[ trigger ] 28  info: Got trigger energy sum 7989.87; and decision is pass = false
[ TrigScintDigiVerifier ] 28  info: There are 2 ts digis in this event
[ ElectroNuclearDQM ] 28  warn: No EN daughters found, skipping kinematics
[ EcalClusterAnalyzer ] 28  info: Avg number of clusters per layer: 1
[ EcalClusterAnalyzer ] 28  info: Number of ECal CLUE clusters: 1, TS counted electrons: 0, SP electrons: 0
[ biasing::TargetENProcessFilter ] 35  info: Electronuclear reaction resulted in 14 particles via biasWrapper(electronNuclear) process.
[ TruthSeedProcessor ] 35  warn: Propagation to target surface failed — track may have exited the B-field map.
[ Tagger_TrackFinder ] 35  info: Number of TaggerRecoSeeds seed tracks = 1
[ Tagger_TrackFinder ] 35  info: Number of CKF tracks 1
[ Recoil_TrackFinder ] 35  info: Number of RecoilRecoSeeds seed tracks = 2
[ Recoil_TrackFinder ] 35  info: Number of CKF tracks 0
[ TrackerVetoProcessor ] 35  info: Tagger requirements passed for 1 tracks
[ TrackerVetoProcessor ] 35  info: Recoil requirements passed for 0 tracks
[ TrackerVetoProcessor ] 35  info: Tracker veto failed
[ EcalClusterProducer ] 35  info: Using CLUE clustering algorithm
[ CLUE ] 35  info: Starting CLUE clustering with parameters:dc 5, rc 550, delta_c 10, delta_o 40, nbr_of_layers 1, reclustering false
[ EcalVetoProcessor ] 35  info:    Is this event is fiducial in ECAL? false
[ EcalVetoProcessor ] 35  info:  BDT was ran, score is 0.000359774
[ EcalVetoProcessor ] 35  info:  The pred > bdtCutVal = false
[ EcalMipTrackingProcessor ] 35  info: Finding linreg tracks from a total of 79 hits using a radius of 35 mm
[ EcalMipTrackingProcessor ] 35  info:  MIP tracking completed; found 13 straight tracks and 0 lin-reg tracks
[ EcalPnetVetoProcessor ] 35  info:   No recoil track at ECAL
[ HcalVetoProcessor ] 35  info: There are 39 / 39 HCal hits read out. 39 are not associated with the recoil ele. Total PE of 1345
[ HcalVetoProcessor ] 35  info: HCAL veto passed? false
[ ElectronCounter ] 35  info: Found 1 electrons (tracks) using input collection TriggerPadTracksY_
[ trigger ] 35  info: Got trigger energy cut 3000 for 1 electrons counted in the event.
[ trigger ] 35  info: Got trigger energy sum 5811.18; and decision is pass = false
[ TrigScintDigiVerifier ] 35  info: There are 2 ts digis in this event
[ TrigScintDigiVerifier ] 35  info:  There are 133 sim hits in this event, adding up to a total energy of 155.61
[ EcalClusterAnalyzer ] 35  info: Avg number of clusters per layer: 0
[ EcalClusterAnalyzer ] 35  info: Number of ECal CLUE clusters: 0, TS counted electrons: 1, SP electrons: 1
[ TruthSeedProcessor ] 36  warn: Propagation to target surface failed — track may have exited the B-field map.
[ Tagger_TrackFinder ] 36  info: Number of TaggerRecoSeeds seed tracks = 2
[ Tagger_TrackFinder ] 36  info: Number of CKF tracks 2
[ Recoil_TrackFinder ] 36  info: Number of RecoilRecoSeeds seed tracks = 0
[ Recoil_TrackFinder ] 36  warn: No seed tracks, returning...
[ TrackerVetoProcessor ] 36  info: Tagger requirements passed for 0 tracks
[ TrackerVetoProcessor ] 36  info: Recoil requirements passed for 0 tracks
[ TrackerVetoProcessor ] 36  info: Tracker veto failed
[ EcalClusterProducer ] 36  info: Using CLUE clustering algorithm
[ CLUE ] 36  info: Starting CLUE clustering with parameters:dc 5, rc 550, delta_c 10, delta_o 40, nbr_of_layers 1, reclustering false
[ EcalVetoProcessor ] 36  info:    Is this event is fiducial in ECAL? false
[ EcalVetoProcessor ] 36  info:  BDT was ran, score is 0.911645
[ EcalVetoProcessor ] 36  info:  The pred > bdtCutVal = false
[ EcalMipTrackingProcessor ] 36  info: Finding linreg tracks from a total of 36 hits using a radius of 35 mm
[ EcalMipTrackingProcessor ] 36  info:  MIP tracking completed; found 15 straight tracks and 0 lin-reg tracks
[ EcalPnetVetoProcessor ] 36  info:   No recoil track at ECAL
[ HcalVetoProcessor ] 36  info: There are 0 / 0 HCal hits read out. 0 are not associated with the recoil ele. Total PE of 0
[ HcalVetoProcessor ] 36  info: HCAL veto passed? true
[ ElectronCounter ] 36  info: Found 0 electrons (tracks) using input collection TriggerPadTracksY_
[ trigger ] 36  info: Got trigger energy cut 0 for 0 electrons counted in the event.
[ trigger ] 36  info: Got trigger energy sum 7079.27; and decision is pass = false
[ TrigScintDigiVerifier ] 36  info: There are 1 ts digis in this event
[ ElectroNuclearDQM ] 36  warn: No EN daughters found, skipping kinematics
[ EcalClusterAnalyzer ] 36  info: Avg number of clusters per layer: 1
[ EcalClusterAnalyzer ] 36  info: Number of ECal CLUE clusters: 1, TS counted electrons: 0, SP electrons: 0
[ biasing::TargetENProcessFilter ] 38  info: Electronuclear reaction resulted in 15 particles via biasWrapper(electronNuclear) process.
[ TruthSeedProcessor ] 38  warn: Propagation to target surface failed — track may have exited the B-field map.
[ Tagger_TrackFinder ] 38  info: Number of TaggerRecoSeeds seed tracks = 1
[ Tagger_TrackFinder ] 38  info: Number of CKF tracks 1
[ Recoil_TrackFinder ] 38  info: Number of RecoilRecoSeeds seed tracks = 1
[ Recoil_TrackFinder ] 38  info: Number of CKF tracks 1
[ TrackerVetoProcessor ] 38  info: Tagger requirements passed for 1 tracks
[ TrackerVetoProcessor ] 38  info: Recoil requirements passed for 1 tracks
[ TrackerVetoProcessor ] 38  info: Tracker veto passed, skim will keep the event
[ EcalClusterProducer ] 38  info: Using CLUE clustering algorithm
[ CLUE ] 38  info: Starting CLUE clustering with parameters:dc 5, rc 550, delta_c 10, delta_o 40, nbr_of_layers 1, reclustering false
[ EcalVetoProcessor ] 38  info:    Is this event is fiducial in ECAL? true
[ EcalVetoProcessor ] 38  info:  BDT was ran, score is 0.425982
[ EcalVetoProcessor ] 38  info:  The pred > bdtCutVal = false
[ EcalMipTrackingProcessor ] 38  info: Finding linreg tracks from a total of 33 hits using a radius of 35 mm
[ EcalMipTrackingProcessor ] 38  info:  MIP tracking completed; found 2 straight tracks and 0 lin-reg tracks
[ HcalVetoProcessor ] 38  info: There are 14 / 14 HCal hits read out. 14 are not associated with the recoil ele. Total PE of 606
[ HcalVetoProcessor ] 38  info: HCAL veto passed? false
[ ElectronCounter ] 38  info: Found 1 electrons (tracks) using input collection TriggerPadTracksY_
[ trigger ] 38  info: Got trigger energy cut 3000 for 1 electrons counted in the event.
[ trigger ] 38  info: Got trigger energy sum 7087.53; and decision is pass = false
[ TrigScintDigiVerifier ] 38  info: There are 3 ts digis in this event
[ TrigScintDigiVerifier ] 38  info:  There are 102 sim hits in this event, adding up to a total energy of 123.291
[ EcalClusterAnalyzer ] 38  info: Avg number of clusters per layer: 1
[ EcalClusterAnalyzer ] 38  info: Number of ECal CLUE clusters: 1, TS counted electrons: 1, SP electrons: 1
[ biasing::TargetENProcessFilter ] 41  info: Electronuclear reaction resulted in 15 particles via biasWrapper(electronNuclear) process.
[ TruthSeedProcessor ] 41  warn: Propagation to target surface failed — track may have exited the B-field map.
[ Tagger_TrackFinder ] 41  info: Number of TaggerRecoSeeds seed tracks = 1
[ Tagger_TrackFinder ] 41  info: Number of CKF tracks 1
[ Recoil_TrackFinder ] 41  info: Number of RecoilRecoSeeds seed tracks = 106
00:11:39    Propagator     WARNING   Field lookup was unsuccessful, this is very likely an error
00:11:39    Propagator     WARNING   Field lookup was unsuccessful, this is very likely an error
00:11:39    Propagator     WARNING   Field lookup was unsuccessful, this is very likely an error
[ Recoil_TrackFinder ] 41  warn: smoothTrack failed: Did not find a compatible track state
00:11:39    Propagator     WARNING   Field lookup was unsuccessful, this is very likely an error
[ Recoil_TrackFinder ] 41  info: Number of CKF tracks 34
[ TrackerVetoProcessor ] 41  info: Tagger requirements passed for 1 tracks
[ TrackerVetoProcessor ] 41  info: Recoil requirements passed for 12 tracks
[ TrackerVetoProcessor ] 41  info: Tracker veto failed
[ EcalClusterProducer ] 41  info: Using CLUE clustering algorithm
[ CLUE ] 41  info: Starting CLUE clustering with parameters:dc 5, rc 550, delta_c 10, delta_o 40, nbr_of_layers 1, reclustering false
[ EcalVetoProcessor ] 41  info:    Is this event is fiducial in ECAL? true
[ EcalVetoProcessor ] 41  info:  BDT was ran, score is 0.000976086
[ EcalVetoProcessor ] 41  info:  The pred > bdtCutVal = false
[ EcalMipTrackingProcessor ] 41  info: Finding linreg tracks from a total of 47 hits using a radius of 35 mm
[ EcalMipTrackingProcessor ] 41  info:  MIP tracking completed; found 5 straight tracks and 0 lin-reg tracks
[ HcalVetoProcessor ] 41  info: There are 44 / 44 HCal hits read out. 44 are not associated with the recoil ele. Total PE of 1412
[ HcalVetoProcessor ] 41  info: HCAL veto passed? false
[ ElectronCounter ] 41  info: Found 1 electrons (tracks) using input collection TriggerPadTracksY_
[ trigger ] 41  info: Got trigger energy cut 3000 for 1 electrons counted in the event.
[ trigger ] 41  info: Got trigger energy sum 3160.52; and decision is pass = false
[ TrigScintDigiVerifier ] 41  info: There are 1 ts digis in this event
[ TrigScintDigiVerifier ] 41  info:  There are 67 sim hits in this event, adding up to a total energy of 23.5196
[ EcalClusterAnalyzer ] 41  info: Avg number of clusters per layer: 0
[ EcalClusterAnalyzer ] 41  info: Number of ECal CLUE clusters: 0, TS counted electrons: 1, SP electrons: 1
[ biasing::TargetENProcessFilter ] 45  info: Electronuclear reaction resulted in 7 particles via biasWrapper(electronNuclear) process.
[ TruthSeedProcessor ] 45  warn: Propagation to target surface failed — track may have exited the B-field map.
[ Tagger_TrackFinder ] 45  info: Number of TaggerRecoSeeds seed tracks = 1
[ Tagger_TrackFinder ] 45  info: Number of CKF tracks 1
[ Recoil_TrackFinder ] 45  info: Number of RecoilRecoSeeds seed tracks = 1
[ Recoil_TrackFinder ] 45  info: Number of CKF tracks 1
[ TrackerVetoProcessor ] 45  info: Tagger requirements passed for 1 tracks
[ TrackerVetoProcessor ] 45  info: Recoil requirements passed for 1 tracks
[ TrackerVetoProcessor ] 45  info: Tracker veto passed, skim will keep the event
[ EcalClusterProducer ] 45  info: Using CLUE clustering algorithm
[ CLUE ] 45  info: Starting CLUE clustering with parameters:dc 5, rc 550, delta_c 10, delta_o 40, nbr_of_layers 1, reclustering false
[ EcalVetoProcessor ] 45  info:    Is this event is fiducial in ECAL? true
[ EcalVetoProcessor ] 45  info:  BDT was ran, score is 0.119607
[ EcalVetoProcessor ] 45  info:  The pred > bdtCutVal = false
[ EcalMipTrackingProcessor ] 45  info: Finding linreg tracks from a total of 43 hits using a radius of 35 mm
[ EcalMipTrackingProcessor ] 45  info:  MIP tracking completed; found 2 straight tracks and 0 lin-reg tracks
[ HcalVetoProcessor ] 45  info: There are 11 / 11 HCal hits read out. 11 are not associated with the recoil ele. Total PE of 352
[ HcalVetoProcessor ] 45  info: HCAL veto passed? false
[ ElectronCounter ] 45  info: Found 1 electrons (tracks) using input collection TriggerPadTracksY_
[ trigger ] 45  info: Got trigger energy cut 3000 for 1 electrons counted in the event.
[ trigger ] 45  info: Got trigger energy sum 7286.27; and decision is pass = false
[ TrigScintDigiVerifier ] 45  info: There are 1 ts digis in this event
[ TrigScintDigiVerifier ] 45  info:  There are 23 sim hits in this event, adding up to a total energy of 7.75781
[ EcalClusterAnalyzer ] 45  info: Avg number of clusters per layer: 1
[ EcalClusterAnalyzer ] 45  info: Number of ECal CLUE clusters: 1, TS counted electrons: 1, SP electrons: 1
[ biasing::TargetENProcessFilter ] 46  info: Electronuclear reaction resulted in 7 particles via biasWrapper(electronNuclear) process.
[ TruthSeedProcessor ] 46  warn: Propagation to target surface failed — track may have exited the B-field map.
[ Tagger_TrackFinder ] 46  info: Number of TaggerRecoSeeds seed tracks = 1
[ Tagger_TrackFinder ] 46  info: Number of CKF tracks 1
[ Recoil_TrackFinder ] 46  info: Number of RecoilRecoSeeds seed tracks = 1
[ Recoil_TrackFinder ] 46  info: Number of CKF tracks 1
[ TrackerVetoProcessor ] 46  info: Tagger requirements passed for 1 tracks
[ TrackerVetoProcessor ] 46  info: Recoil requirements passed for 1 tracks
[ TrackerVetoProcessor ] 46  info: Tracker veto passed, skim will keep the event
[ EcalClusterProducer ] 46  info: Using CLUE clustering algorithm
[ CLUE ] 46  info: Starting CLUE clustering with parameters:dc 5, rc 550, delta_c 10, delta_o 40, nbr_of_layers 1, reclustering false
[ EcalVetoProcessor ] 46  info:    Is this event is fiducial in ECAL? true
[ EcalVetoProcessor ] 46  info:  BDT was ran, score is 0.370191
[ EcalVetoProcessor ] 46  info:  The pred > bdtCutVal = false
[ EcalMipTrackingProcessor ] 46  info: Finding linreg tracks from a total of 40 hits using a radius of 35 mm
[ EcalMipTrackingProcessor ] 46  info:  MIP tracking completed; found 1 straight tracks and 0 lin-reg tracks
[ HcalVetoProcessor ] 46  info: There are 9 / 9 HCal hits read out. 9 are not associated with the recoil ele. Total PE of 140
[ HcalVetoProcessor ] 46  info: HCAL veto passed? false
[ ElectronCounter ] 46  info: Found 1 electrons (tracks) using input collection TriggerPadTracksY_
[ trigger ] 46  info: Got trigger energy cut 3000 for 1 electrons counted in the event.
[ trigger ] 46  info: Got trigger energy sum 7968.05; and decision is pass = false
[ TrigScintDigiVerifier ] 46  info: There are 4 ts digis in this event
[ TrigScintDigiVerifier ] 46  info:  There are 49 sim hits in this event, adding up to a total energy of 6.6356
[ EcalClusterAnalyzer ] 46  info: Avg number of clusters per layer: 1
[ EcalClusterAnalyzer ] 46  info: Number of ECal CLUE clusters: 1, TS counted electrons: 1, SP electrons: 1
[ biasing::TargetENProcessFilter ] 49  info: Electronuclear reaction resulted in 8 particles via biasWrapper(electronNuclear) process.
[ TruthSeedProcessor ] 49  warn: Propagation to target surface failed — track may have exited the B-field map.
[ Tagger_TrackFinder ] 49  info: Number of TaggerRecoSeeds seed tracks = 1
[ Tagger_TrackFinder ] 49  info: Number of CKF tracks 1
[ Recoil_TrackFinder ] 49  info: Number of RecoilRecoSeeds seed tracks = 31
[ Recoil_TrackFinder ] 49  info: Number of CKF tracks 12
[ TrackerVetoProcessor ] 49  info: Tagger requirements passed for 0 tracks
[ TrackerVetoProcessor ] 49  info: Recoil requirements passed for 1 tracks
[ TrackerVetoProcessor ] 49  info: Tracker veto failed
[ EcalClusterProducer ] 49  info: Using CLUE clustering algorithm
[ CLUE ] 49  info: Starting CLUE clustering with parameters:dc 5, rc 550, delta_c 10, delta_o 40, nbr_of_layers 1, reclustering false
[ EcalVetoProcessor ] 49  info:    Is this event is fiducial in ECAL? true
[ EcalVetoProcessor ] 49  info:  BDT was ran, score is 0.0130635
[ EcalVetoProcessor ] 49  info:  The pred > bdtCutVal = false
[ EcalMipTrackingProcessor ] 49  info: Finding linreg tracks from a total of 64 hits using a radius of 35 mm
[ EcalMipTrackingProcessor ] 49  info:  MIP tracking completed; found 8 straight tracks and 0 lin-reg tracks
[ HcalVetoProcessor ] 49  info: There are 28 / 30 HCal hits read out. 28 are not associated with the recoil ele. Total PE of 799
[ HcalVetoProcessor ] 49  info: HCAL veto passed? false
[ ElectronCounter ] 49  info: Found 1 electrons (tracks) using input collection TriggerPadTracksY_
[ trigger ] 49  info: Got trigger energy cut 3000 for 1 electrons counted in the event.
[ trigger ] 49  info: Got trigger energy sum 5813.29; and decision is pass = false
[ TrigScintDigiVerifier ] 49  info: There are 1 ts digis in this event
[ TrigScintDigiVerifier ] 49  info:  There are 91 sim hits in this event, adding up to a total energy of 49.1958
[ EcalClusterAnalyzer ] 49  info: Avg number of clusters per layer: 1
[ EcalClusterAnalyzer ] 49  info: Number of ECal CLUE clusters: 1, TS counted electrons: 1, SP electrons: 1
[ biasing::TargetENProcessFilter ] 50  info: Electronuclear reaction resulted in 7 particles via biasWrapper(electronNuclear) process.
[ TruthSeedProcessor ] 50  warn: Propagation to target surface failed — track may have exited the B-field map.
[ Tagger_TrackFinder ] 50  info: Number of TaggerRecoSeeds seed tracks = 1
[ Tagger_TrackFinder ] 50  info: Number of CKF tracks 1
[ Recoil_TrackFinder ] 50  info: Number of RecoilRecoSeeds seed tracks = 1
[ Recoil_TrackFinder ] 50  info: Number of CKF tracks 1
[ TrackerVetoProcessor ] 50  info: Tagger requirements passed for 1 tracks
[ TrackerVetoProcessor ] 50  info: Recoil requirements passed for 1 tracks
[ TrackerVetoProcessor ] 50  info: Tracker veto passed, skim will keep the event
[ EcalClusterProducer ] 50  info: Using CLUE clustering algorithm
[ CLUE ] 50  info: Starting CLUE clustering with parameters:dc 5, rc 550, delta_c 10, delta_o 40, nbr_of_layers 1, reclustering false
[ EcalVetoProcessor ] 50  info:    Is this event is fiducial in ECAL? true
[ EcalVetoProcessor ] 50  info:  BDT was ran, score is 0.972269
[ EcalVetoProcessor ] 50  info:  The pred > bdtCutVal = true
[ EcalMipTrackingProcessor ] 50  info: Finding linreg tracks from a total of 42 hits using a radius of 35 mm
[ EcalMipTrackingProcessor ] 50  info:  MIP tracking completed; found 1 straight tracks and 0 lin-reg tracks
[ HcalVetoProcessor ] 50  info: There are 0 / 0 HCal hits read out. 0 are not associated with the recoil ele. Total PE of 0
[ HcalVetoProcessor ] 50  info: HCAL veto passed? true
[ ElectronCounter ] 50  info: Found 1 electrons (tracks) using input collection TriggerPadTracksY_
[ trigger ] 50  info: Got trigger energy cut 3000 for 1 electrons counted in the event.
[ trigger ] 50  info: Got trigger energy sum 7011.23; and decision is pass = false
[ TrigScintDigiVerifier ] 50  info: There are 5 ts digis in this event
[ TrigScintDigiVerifier ] 50  info:  There are 39 sim hits in this event, adding up to a total energy of 28.5921
[ EcalClusterAnalyzer ] 50  info: Avg number of clusters per layer: 1
[ EcalClusterAnalyzer ] 50  info: Number of ECal CLUE clusters: 1, TS counted electrons: 1, SP electrons: 1
[ biasing::TargetENProcessFilter ] 53  info: Electronuclear reaction resulted in 11 particles via biasWrapper(electronNuclear) process.
[ TruthSeedProcessor ] 53  warn: Propagation to target surface failed — track may have exited the B-field map.
[ Tagger_TrackFinder ] 53  info: Number of TaggerRecoSeeds seed tracks = 1
[ Tagger_TrackFinder ] 53  info: Number of CKF tracks 1
[ Recoil_TrackFinder ] 53  info: Number of RecoilRecoSeeds seed tracks = 26
00:12:39    Propagator     WARNING   Field lookup was unsuccessful, this is very likely an error
00:12:39    Propagator     WARNING   Field lookup was unsuccessful, this is very likely an error
[ Recoil_TrackFinder ] 53  info: Number of CKF tracks 15
[ TrackerVetoProcessor ] 53  info: Tagger requirements passed for 1 tracks
[ TrackerVetoProcessor ] 53  info: Recoil requirements passed for 6 tracks
[ TrackerVetoProcessor ] 53  info: Tracker veto failed
[ EcalClusterProducer ] 53  info: Using CLUE clustering algorithm
[ CLUE ] 53  info: Starting CLUE clustering with parameters:dc 5, rc 550, delta_c 10, delta_o 40, nbr_of_layers 1, reclustering false
[ EcalVetoProcessor ] 53  info:    Is this event is fiducial in ECAL? true
[ EcalVetoProcessor ] 53  info:  BDT was ran, score is 4.55379e-05
[ EcalVetoProcessor ] 53  info:  The pred > bdtCutVal = false
[ EcalMipTrackingProcessor ] 53  info: Finding linreg tracks from a total of 75 hits using a radius of 35 mm
[ EcalMipTrackingProcessor ] 53  info:  MIP tracking completed; found 7 straight tracks and 0 lin-reg tracks
[ HcalVetoProcessor ] 53  info: There are 29 / 29 HCal hits read out. 29 are not associated with the recoil ele. Total PE of 1379
[ HcalVetoProcessor ] 53  info: HCAL veto passed? false
[ ElectronCounter ] 53  info: Found 1 electrons (tracks) using input collection TriggerPadTracksY_
[ trigger ] 53  info: Got trigger energy cut 3000 for 1 electrons counted in the event.
[ trigger ] 53  info: Got trigger energy sum 5666.51; and decision is pass = false
[ TrigScintDigiVerifier ] 53  info: There are 1 ts digis in this event
[ TrigScintDigiVerifier ] 53  info:  There are 108 sim hits in this event, adding up to a total energy of 40.0212
[ EcalClusterAnalyzer ] 53  info: Avg number of clusters per layer: 1
[ EcalClusterAnalyzer ] 53  info: Number of ECal CLUE clusters: 1, TS counted electrons: 1, SP electrons: 1
[ biasing::TargetENProcessFilter ] 55  info: Electronuclear reaction resulted in 9 particles via biasWrapper(electronNuclear) process.
[ TruthSeedProcessor ] 55  warn: Propagation to target surface failed — track may have exited the B-field map.
[ Tagger_TrackFinder ] 55  info: Number of TaggerRecoSeeds seed tracks = 1
[ Tagger_TrackFinder ] 55  info: Number of CKF tracks 1
[ Recoil_TrackFinder ] 55  info: Number of RecoilRecoSeeds seed tracks = 81
[ Recoil_TrackFinder ] 55  info: Number of CKF tracks 23
[ TrackerVetoProcessor ] 55  info: Tagger requirements passed for 1 tracks
[ TrackerVetoProcessor ] 55  info: Recoil requirements passed for 5 tracks
[ TrackerVetoProcessor ] 55  info: Tracker veto failed
[ EcalClusterProducer ] 55  info: Using CLUE clustering algorithm
[ CLUE ] 55  info: Starting CLUE clustering with parameters:dc 5, rc 550, delta_c 10, delta_o 40, nbr_of_layers 1, reclustering false
[ EcalVetoProcessor ] 55  info:    Is this event is fiducial in ECAL? true
[ EcalVetoProcessor ] 55  info:  BDT was ran, score is 0.000707269
[ EcalVetoProcessor ] 55  info:  The pred > bdtCutVal = false
[ EcalMipTrackingProcessor ] 55  info: Finding linreg tracks from a total of 42 hits using a radius of 35 mm
[ EcalMipTrackingProcessor ] 55  info:  MIP tracking completed; found 3 straight tracks and 0 lin-reg tracks
[ HcalVetoProcessor ] 55  info: There are 22 / 22 HCal hits read out. 22 are not associated with the recoil ele. Total PE of 104
[ HcalVetoProcessor ] 55  info: HCAL veto passed? false
[ ElectronCounter ] 55  info: Found 1 electrons (tracks) using input collection TriggerPadTracksY_
[ trigger ] 55  info: Got trigger energy cut 3000 for 1 electrons counted in the event.
[ trigger ] 55  info: Got trigger energy sum 6135.45; and decision is pass = false
[ TrigScintDigiVerifier ] 55  info: There are 3 ts digis in this event
[ TrigScintDigiVerifier ] 55  info:  There are 52 sim hits in this event, adding up to a total energy of 78.7693
[ EcalClusterAnalyzer ] 55  info: Avg number of clusters per layer: 1
[ EcalClusterAnalyzer ] 55  info: Number of ECal CLUE clusters: 1, TS counted electrons: 1, SP electrons: 1
[ biasing::TargetENProcessFilter ] 56  info: Electronuclear reaction resulted in 8 particles via biasWrapper(electronNuclear) process.
[ TruthSeedProcessor ] 56  warn: Propagation to target surface failed — track may have exited the B-field map.
[ Tagger_TrackFinder ] 56  info: Number of TaggerRecoSeeds seed tracks = 1
[ Tagger_TrackFinder ] 56  info: Number of CKF tracks 1
[ Recoil_TrackFinder ] 56  info: Number of RecoilRecoSeeds seed tracks = 71
00:12:54    Propagator     WARNING   Field lookup was unsuccessful, this is very likely an error
00:12:54    Propagator     WARNING   Field lookup was unsuccessful, this is very likely an error
00:12:54    Propagator     WARNING   Field lookup was unsuccessful, this is very likely an error
00:12:54    Propagator     WARNING   Field lookup was unsuccessful, this is very likely an error
[ Recoil_TrackFinder ] 56  info: Number of CKF tracks 52
[ Recoil_GSF ] 56  info:   [GSF dbg] fit failed (first few): Propagation reached the configured maximum number of steps
[ TrackerVetoProcessor ] 56  info: Tagger requirements passed for 1 tracks
[ TrackerVetoProcessor ] 56  info: Recoil requirements passed for 18 tracks
[ TrackerVetoProcessor ] 56  info: Tracker veto failed
[ EcalClusterProducer ] 56  info: Using CLUE clustering algorithm
[ CLUE ] 56  info: Starting CLUE clustering with parameters:dc 5, rc 550, delta_c 10, delta_o 40, nbr_of_layers 1, reclustering false
[ EcalVetoProcessor ] 56  info:    Is this event is fiducial in ECAL? true
[ EcalVetoProcessor ] 56  info:  BDT was ran, score is 4.76837e-07
[ EcalVetoProcessor ] 56  info:  The pred > bdtCutVal = false
[ EcalMipTrackingProcessor ] 56  info: Finding linreg tracks from a total of 28 hits using a radius of 35 mm
[ EcalMipTrackingProcessor ] 56  info:  MIP tracking completed; found 5 straight tracks and 0 lin-reg tracks
[ HcalVetoProcessor ] 56  info: There are 56 / 64 HCal hits read out. 56 are not associated with the recoil ele. Total PE of 2881
[ HcalVetoProcessor ] 56  info: HCAL veto passed? false
[ ElectronCounter ] 56  info: Found 1 electrons (tracks) using input collection TriggerPadTracksY_
[ trigger ] 56  info: Got trigger energy cut 3000 for 1 electrons counted in the event.
[ trigger ] 56  info: Got trigger energy sum 2505.98; and decision is pass = true
[ TrigScintDigiVerifier ] 56  info: There are 1 ts digis in this event
[ TrigScintDigiVerifier ] 56  info:  There are 94 sim hits in this event, adding up to a total energy of 49.6294
[ EcalClusterAnalyzer ] 56  info: Avg number of clusters per layer: 1
[ EcalClusterAnalyzer ] 56  info: Number of ECal CLUE clusters: 1, TS counted electrons: 1, SP electrons: 1
[ biasing::TargetENProcessFilter ] 58  info: Electronuclear reaction resulted in 16 particles via biasWrapper(electronNuclear) process.
[ TruthSeedProcessor ] 58  warn: Propagation to target surface failed — track may have exited the B-field map.
[ Tagger_TrackFinder ] 58  info: Number of TaggerRecoSeeds seed tracks = 1
[ Tagger_TrackFinder ] 58  info: Number of CKF tracks 1
[ Recoil_TrackFinder ] 58  info: Number of RecoilRecoSeeds seed tracks = 18
[ Recoil_TrackFinder ] 58  info: Number of CKF tracks 5
[ TrackerVetoProcessor ] 58  info: Tagger requirements passed for 1 tracks
[ TrackerVetoProcessor ] 58  info: Recoil requirements passed for 3 tracks
[ TrackerVetoProcessor ] 58  info: Tracker veto failed
[ EcalClusterProducer ] 58  info: Using CLUE clustering algorithm
[ CLUE ] 58  info: Starting CLUE clustering with parameters:dc 5, rc 550, delta_c 10, delta_o 40, nbr_of_layers 1, reclustering false
[ EcalVetoProcessor ] 58  info:    Is this event is fiducial in ECAL? true
[ EcalVetoProcessor ] 58  info:  BDT was ran, score is 0.0456506
[ EcalVetoProcessor ] 58  info:  The pred > bdtCutVal = false
[ EcalMipTrackingProcessor ] 58  info: Finding linreg tracks from a total of 51 hits using a radius of 35 mm
[ EcalMipTrackingProcessor ] 58  info:  MIP tracking completed; found 4 straight tracks and 0 lin-reg tracks
[ HcalVetoProcessor ] 58  info: There are 15 / 16 HCal hits read out. 15 are not associated with the recoil ele. Total PE of 1618
[ HcalVetoProcessor ] 58  info: HCAL veto passed? false
[ ElectronCounter ] 58  info: Found 0 electrons (tracks) using input collection TriggerPadTracksY_
[ trigger ] 58  info: Got trigger energy cut 0 for 0 electrons counted in the event.
[ trigger ] 58  info: Got trigger energy sum 7392.55; and decision is pass = false
[ TrigScintDigiVerifier ] 58  info: There are 1 ts digis in this event
[ TrigScintDigiVerifier ] 58  info:  There are 36 sim hits in this event, adding up to a total energy of 14.2914
[ EcalClusterAnalyzer ] 58  info: Avg number of clusters per layer: 1
[ EcalClusterAnalyzer ] 58  info: Number of ECal CLUE clusters: 1, TS counted electrons: 0, SP electrons: 0
[ biasing::TargetENProcessFilter ] 62  info: Electronuclear reaction resulted in 16 particles via biasWrapper(electronNuclear) process.
[ TruthSeedProcessor ] 62  warn: Propagation to target surface failed — track may have exited the B-field map.
[ Tagger_TrackFinder ] 62  info: Number of TaggerRecoSeeds seed tracks = 1
[ Tagger_TrackFinder ] 62  info: Number of CKF tracks 1
[ Recoil_TrackFinder ] 62  info: Number of RecoilRecoSeeds seed tracks = 4
[ Recoil_TrackFinder ] 62  warn: smoothTrack failed: Did not find a compatible track state
[ Recoil_TrackFinder ] 62  info: Number of CKF tracks 1
[ TrackerVetoProcessor ] 62  info: Tagger requirements passed for 1 tracks
[ TrackerVetoProcessor ] 62  info: Recoil requirements passed for 1 tracks
[ TrackerVetoProcessor ] 62  info: Tracker veto passed, skim will keep the event
[ EcalClusterProducer ] 62  info: Using CLUE clustering algorithm
[ CLUE ] 62  info: Starting CLUE clustering with parameters:dc 5, rc 550, delta_c 10, delta_o 40, nbr_of_layers 1, reclustering false
[ EcalVetoProcessor ] 62  info:    Is this event is fiducial in ECAL? true
[ EcalVetoProcessor ] 62  info:  BDT was ran, score is 0.951298
[ EcalVetoProcessor ] 62  info:  The pred > bdtCutVal = false
[ EcalMipTrackingProcessor ] 62  info: Finding linreg tracks from a total of 24 hits using a radius of 35 mm
[ EcalMipTrackingProcessor ] 62  info:  MIP tracking completed; found 1 straight tracks and 0 lin-reg tracks
[ HcalVetoProcessor ] 62  info: There are 3 / 3 HCal hits read out. 3 are not associated with the recoil ele. Total PE of 170
[ HcalVetoProcessor ] 62  info: HCAL veto passed? false
[ ElectronCounter ] 62  info: Found 1 electrons (tracks) using input collection TriggerPadTracksY_
[ trigger ] 62  info: Got trigger energy cut 3000 for 1 electrons counted in the event.
[ trigger ] 62  info: Got trigger energy sum 5661.44; and decision is pass = false
[ TrigScintDigiVerifier ] 62  info: There are 2 ts digis in this event
[ TrigScintDigiVerifier ] 62  info:  There are 52 sim hits in this event, adding up to a total energy of 13.7056
[ EcalClusterAnalyzer ] 62  info: Avg number of clusters per layer: 1
[ EcalClusterAnalyzer ] 62  info: Number of ECal CLUE clusters: 1, TS counted electrons: 1, SP electrons: 1
[ biasing::TargetENProcessFilter ] 64  info: Electronuclear reaction resulted in 10 particles via biasWrapper(electronNuclear) process.
[ TruthSeedProcessor ] 64  warn: Propagation to target surface failed — track may have exited the B-field map.
[ Tagger_TrackFinder ] 64  info: Number of TaggerRecoSeeds seed tracks = 1
[ Tagger_TrackFinder ] 64  info: Number of CKF tracks 1
[ Recoil_TrackFinder ] 64  info: Number of RecoilRecoSeeds seed tracks = 5
[ Recoil_TrackFinder ] 64  info: Number of CKF tracks 1
[ TrackerVetoProcessor ] 64  info: Tagger requirements passed for 1 tracks
[ TrackerVetoProcessor ] 64  info: Recoil requirements passed for 1 tracks
[ TrackerVetoProcessor ] 64  info: Tracker veto passed, skim will keep the event
[ EcalClusterProducer ] 64  info: Using CLUE clustering algorithm
[ CLUE ] 64  info: Starting CLUE clustering with parameters:dc 5, rc 550, delta_c 10, delta_o 40, nbr_of_layers 1, reclustering false
[ EcalVetoProcessor ] 64  info:    Is this event is fiducial in ECAL? true
[ EcalVetoProcessor ] 64  info:  BDT was ran, score is 0.834294
[ EcalVetoProcessor ] 64  info:  The pred > bdtCutVal = false
[ EcalMipTrackingProcessor ] 64  info: Finding linreg tracks from a total of 43 hits using a radius of 35 mm
[ EcalMipTrackingProcessor ] 64  info:  MIP tracking completed; found 0 straight tracks and 0 lin-reg tracks
[ HcalVetoProcessor ] 64  info: There are 4 / 4 HCal hits read out. 4 are not associated with the recoil ele. Total PE of 68
[ HcalVetoProcessor ] 64  info: HCAL veto passed? false
[ ElectronCounter ] 64  info: Found 1 electrons (tracks) using input collection TriggerPadTracksY_
[ trigger ] 64  info: Got trigger energy cut 3000 for 1 electrons counted in the event.
[ trigger ] 64  info: Got trigger energy sum 7486.71; and decision is pass = false
[ TrigScintDigiVerifier ] 64  info: There are 2 ts digis in this event
[ TrigScintDigiVerifier ] 64  info:  There are 25 sim hits in this event, adding up to a total energy of 34.7323
[ EcalClusterAnalyzer ] 64  info: Avg number of clusters per layer: 1
[ EcalClusterAnalyzer ] 64  info: Number of ECal CLUE clusters: 1, TS counted electrons: 1, SP electrons: 1
[ biasing::TargetENProcessFilter ] 65  info: Electronuclear reaction resulted in 7 particles via biasWrapper(electronNuclear) process.
[ TruthSeedProcessor ] 65  warn: Propagation to target surface failed — track may have exited the B-field map.
[ Tagger_TrackFinder ] 65  info: Number of TaggerRecoSeeds seed tracks = 1
[ Tagger_TrackFinder ] 65  info: Number of CKF tracks 1
[ Recoil_TrackFinder ] 65  info: Number of RecoilRecoSeeds seed tracks = 1
[ Recoil_TrackFinder ] 65  info: Number of CKF tracks 1
[ TrackerVetoProcessor ] 65  info: Tagger requirements passed for 1 tracks
[ TrackerVetoProcessor ] 65  info: Recoil requirements passed for 1 tracks
[ TrackerVetoProcessor ] 65  info: Tracker veto passed, skim will keep the event
[ EcalClusterProducer ] 65  info: Using CLUE clustering algorithm
[ CLUE ] 65  info: Starting CLUE clustering with parameters:dc 5, rc 550, delta_c 10, delta_o 40, nbr_of_layers 1, reclustering false
[ EcalVetoProcessor ] 65  info:    Is this event is fiducial in ECAL? true
[ EcalVetoProcessor ] 65  info:  BDT was ran, score is 0.624079
[ EcalVetoProcessor ] 65  info:  The pred > bdtCutVal = false
[ EcalMipTrackingProcessor ] 65  info: Finding linreg tracks from a total of 36 hits using a radius of 35 mm
[ EcalMipTrackingProcessor ] 65  info:  MIP tracking completed; found 2 straight tracks and 0 lin-reg tracks
[ HcalVetoProcessor ] 65  info: There are 2 / 2 HCal hits read out. 2 are not associated with the recoil ele. Total PE of 143
[ HcalVetoProcessor ] 65  info: HCAL veto passed? false
[ ElectronCounter ] 65  info: Found 1 electrons (tracks) using input collection TriggerPadTracksY_
[ trigger ] 65  info: Got trigger energy cut 3000 for 1 electrons counted in the event.
[ trigger ] 65  info: Got trigger energy sum 7869.75; and decision is pass = false
[ TrigScintDigiVerifier ] 65  info: There are 1 ts digis in this event
[ TrigScintDigiVerifier ] 65  info:  There are 28 sim hits in this event, adding up to a total energy of 28.0507
[ EcalClusterAnalyzer ] 65  info: Avg number of clusters per layer: 1
[ EcalClusterAnalyzer ] 65  info: Number of ECal CLUE clusters: 1, TS counted electrons: 1, SP electrons: 1
[ biasing::TargetENProcessFilter ] 66  info: Electronuclear reaction resulted in 21 particles via biasWrapper(electronNuclear) process.
[ TruthSeedProcessor ] 66  warn: Propagation to target surface failed — track may have exited the B-field map.
[ Tagger_TrackFinder ] 66  info: Number of TaggerRecoSeeds seed tracks = 1
[ Tagger_TrackFinder ] 66  info: Number of CKF tracks 1
[ Recoil_TrackFinder ] 66  info: Number of RecoilRecoSeeds seed tracks = 1
[ Recoil_TrackFinder ] 66  info: Number of CKF tracks 1
[ TrackerVetoProcessor ] 66  info: Tagger requirements passed for 1 tracks
[ TrackerVetoProcessor ] 66  info: Recoil requirements passed for 1 tracks
[ TrackerVetoProcessor ] 66  info: Tracker veto passed, skim will keep the event
[ EcalClusterProducer ] 66  info: Using CLUE clustering algorithm
[ CLUE ] 66  info: Starting CLUE clustering with parameters:dc 5, rc 550, delta_c 10, delta_o 40, nbr_of_layers 1, reclustering false
[ EcalVetoProcessor ] 66  info:    Is this event is fiducial in ECAL? true
[ EcalVetoProcessor ] 66  info:  BDT was ran, score is 0.848459
[ EcalVetoProcessor ] 66  info:  The pred > bdtCutVal = false
[ EcalMipTrackingProcessor ] 66  info: Finding linreg tracks from a total of 43 hits using a radius of 35 mm
[ EcalMipTrackingProcessor ] 66  info:  MIP tracking completed; found 7 straight tracks and 0 lin-reg tracks
[ HcalVetoProcessor ] 66  info: There are 4 / 4 HCal hits read out. 4 are not associated with the recoil ele. Total PE of 177
[ HcalVetoProcessor ] 66  info: HCAL veto passed? false
[ ElectronCounter ] 66  info: Found 1 electrons (tracks) using input collection TriggerPadTracksY_
[ trigger ] 66  info: Got trigger energy cut 3000 for 1 electrons counted in the event.
[ trigger ] 66  info: Got trigger energy sum 6262.68; and decision is pass = false
[ TrigScintDigiVerifier ] 66  info: There are 2 ts digis in this event
[ TrigScintDigiVerifier ] 66  info:  There are 41 sim hits in this event, adding up to a total energy of 58.8931
[ EcalClusterAnalyzer ] 66  info: Avg number of clusters per layer: 1
[ EcalClusterAnalyzer ] 66  info: Number of ECal CLUE clusters: 1, TS counted electrons: 1, SP electrons: 1
[ biasing::TargetENProcessFilter ] 71  info: Electronuclear reaction resulted in 5 particles via biasWrapper(electronNuclear) process.
[ TruthSeedProcessor ] 71  warn: Propagation to target surface failed — track may have exited the B-field map.
[ Tagger_TrackFinder ] 71  info: Number of TaggerRecoSeeds seed tracks = 1
[ Tagger_TrackFinder ] 71  info: Number of CKF tracks 1
[ Recoil_TrackFinder ] 71  info: Number of RecoilRecoSeeds seed tracks = 150
[ Recoil_TrackFinder ] 71  warn: smoothTrack failed: Did not find a compatible track state
[ Recoil_TrackFinder ] 71  warn: smoothTrack failed: Did not find a compatible track state
[ Recoil_TrackFinder ] 71  warn: smoothTrack failed: Did not find a compatible track state
[ Recoil_TrackFinder ] 71  warn: smoothTrack failed: Did not find a compatible track state
[ Recoil_TrackFinder ] 71  warn: smoothTrack failed: Did not find a compatible track state
[ Recoil_TrackFinder ] 71  warn: smoothTrack failed: Did not find a compatible track state
00:14:01    Propagator     WARNING   Field lookup was unsuccessful, this is very likely an error
[ Recoil_TrackFinder ] 71  warn: smoothTrack failed: Did not find a compatible track state
[ Recoil_TrackFinder ] 71  info: Number of CKF tracks 29
[ TrackerVetoProcessor ] 71  info: Tagger requirements passed for 1 tracks
[ TrackerVetoProcessor ] 71  info: Recoil requirements passed for 12 tracks
[ TrackerVetoProcessor ] 71  info: Tracker veto failed
[ EcalClusterProducer ] 71  info: Using CLUE clustering algorithm
[ CLUE ] 71  info: Starting CLUE clustering with parameters:dc 5, rc 550, delta_c 10, delta_o 40, nbr_of_layers 1, reclustering false
[ EcalVetoProcessor ] 71  info:    Is this event is fiducial in ECAL? true
[ EcalVetoProcessor ] 71  info:  BDT was ran, score is 0.0385643
[ EcalVetoProcessor ] 71  info:  The pred > bdtCutVal = false
[ EcalMipTrackingProcessor ] 71  info: Finding linreg tracks from a total of 36 hits using a radius of 35 mm
[ EcalMipTrackingProcessor ] 71  info:  MIP tracking completed; found 1 straight tracks and 0 lin-reg tracks
[ HcalVetoProcessor ] 71  info: There are 17 / 17 HCal hits read out. 17 are not associated with the recoil ele. Total PE of 537
[ HcalVetoProcessor ] 71  info: HCAL veto passed? false
[ ElectronCounter ] 71  info: Found 1 electrons (tracks) using input collection TriggerPadTracksY_
[ trigger ] 71  info: Got trigger energy cut 3000 for 1 electrons counted in the event.
[ trigger ] 71  info: Got trigger energy sum 4932.23; and decision is pass = false
[ TrigScintDigiVerifier ] 71  info: There are 1 ts digis in this event
[ TrigScintDigiVerifier ] 71  info:  There are 130 sim hits in this event, adding up to a total energy of 128.255
[ EcalClusterAnalyzer ] 71  info: Avg number of clusters per layer: 1
[ EcalClusterAnalyzer ] 71  info: Number of ECal CLUE clusters: 1, TS counted electrons: 1, SP electrons: 1
[ TruthSeedProcessor ] 72  warn: Propagation to target surface failed — track may have exited the B-field map.
[ Tagger_TrackFinder ] 72  info: Number of TaggerRecoSeeds seed tracks = 1
[ Tagger_TrackFinder ] 72  info: Number of CKF tracks 1
[ Recoil_TrackFinder ] 72  info: Number of RecoilRecoSeeds seed tracks = 1
[ Recoil_TrackFinder ] 72  info: Number of CKF tracks 1
[ TrackerVetoProcessor ] 72  info: Tagger requirements passed for 0 tracks
[ TrackerVetoProcessor ] 72  info: Recoil requirements passed for 0 tracks
[ TrackerVetoProcessor ] 72  info: Tracker veto failed
[ EcalClusterProducer ] 72  info: Using CLUE clustering algorithm
[ CLUE ] 72  info: Starting CLUE clustering with parameters:dc 5, rc 550, delta_c 10, delta_o 40, nbr_of_layers 1, reclustering false
[ EcalVetoProcessor ] 72  info:    Is this event is fiducial in ECAL? true
[ EcalVetoProcessor ] 72  info:  BDT was ran, score is 0.324739
[ EcalVetoProcessor ] 72  info:  The pred > bdtCutVal = false
[ EcalMipTrackingProcessor ] 72  info: Finding linreg tracks from a total of 35 hits using a radius of 35 mm
[ EcalMipTrackingProcessor ] 72  info:  MIP tracking completed; found 1 straight tracks and 0 lin-reg tracks
[ HcalVetoProcessor ] 72  info: There are 1 / 1 HCal hits read out. 1 are not associated with the recoil ele. Total PE of 3
[ HcalVetoProcessor ] 72  info: HCAL veto passed? true
[ ElectronCounter ] 72  info: Found 0 electrons (tracks) using input collection TriggerPadTracksY_
[ trigger ] 72  info: Got trigger energy cut 0 for 0 electrons counted in the event.
[ trigger ] 72  info: Got trigger energy sum 8639.97; and decision is pass = false
[ TrigScintDigiVerifier ] 72  info: There are 3 ts digis in this event
[ ElectroNuclearDQM ] 72  warn: No EN daughters found, skipping kinematics
[ EcalClusterAnalyzer ] 72  info: Avg number of clusters per layer: 1
[ EcalClusterAnalyzer ] 72  info: Number of ECal CLUE clusters: 1, TS counted electrons: 0, SP electrons: 0
[ biasing::TargetENProcessFilter ] 81  info: Electronuclear reaction resulted in 10 particles via biasWrapper(electronNuclear) process.
[ TruthSeedProcessor ] 81  warn: Propagation to target surface failed — track may have exited the B-field map.
[ Tagger_TrackFinder ] 81  info: Number of TaggerRecoSeeds seed tracks = 1
[ Tagger_TrackFinder ] 81  info: Number of CKF tracks 1
[ Recoil_TrackFinder ] 81  info: Number of RecoilRecoSeeds seed tracks = 2
[ Recoil_TrackFinder ] 81  info: Number of CKF tracks 2
[ TrackerVetoProcessor ] 81  info: Tagger requirements passed for 1 tracks
[ TrackerVetoProcessor ] 81  info: Recoil requirements passed for 2 tracks
[ TrackerVetoProcessor ] 81  info: Tracker veto failed
[ EcalClusterProducer ] 81  info: Using CLUE clustering algorithm
[ CLUE ] 81  info: Starting CLUE clustering with parameters:dc 5, rc 550, delta_c 10, delta_o 40, nbr_of_layers 1, reclustering false
[ EcalVetoProcessor ] 81  info:    Is this event is fiducial in ECAL? true
[ EcalVetoProcessor ] 81  info:  BDT was ran, score is 0.000890076
[ EcalVetoProcessor ] 81  info:  The pred > bdtCutVal = false
[ EcalMipTrackingProcessor ] 81  info: Finding linreg tracks from a total of 34 hits using a radius of 35 mm
[ EcalMipTrackingProcessor ] 81  info:  MIP tracking completed; found 2 straight tracks and 0 lin-reg tracks
[ HcalVetoProcessor ] 81  info: There are 13 / 13 HCal hits read out. 13 are not associated with the recoil ele. Total PE of 220
[ HcalVetoProcessor ] 81  info: HCAL veto passed? false
[ ElectronCounter ] 81  info: Found 1 electrons (tracks) using input collection TriggerPadTracksY_
[ trigger ] 81  info: Got trigger energy cut 3000 for 1 electrons counted in the event.
[ trigger ] 81  info: Got trigger energy sum 5804.82; and decision is pass = false
[ TrigScintDigiVerifier ] 81  info: There are 1 ts digis in this event
[ TrigScintDigiVerifier ] 81  info:  There are 39 sim hits in this event, adding up to a total energy of 35.943
[ EcalClusterAnalyzer ] 81  info: Avg number of clusters per layer: 1
[ EcalClusterAnalyzer ] 81  info: Number of ECal CLUE clusters: 1, TS counted electrons: 1, SP electrons: 1
[ biasing::TargetENProcessFilter ] 82  info: Electronuclear reaction resulted in 9 particles via biasWrapper(electronNuclear) process.
[ TruthSeedProcessor ] 82  warn: Propagation to target surface failed — track may have exited the B-field map.
[ Tagger_TrackFinder ] 82  info: Number of TaggerRecoSeeds seed tracks = 1
[ Tagger_TrackFinder ] 82  info: Number of CKF tracks 1
[ Recoil_TrackFinder ] 82  info: Number of RecoilRecoSeeds seed tracks = 62
[ Recoil_TrackFinder ] 82  warn: smoothTrack failed: Did not find a compatible track state
[ Recoil_TrackFinder ] 82  warn: smoothTrack failed: Did not find a compatible track state
00:14:59    Propagator     WARNING   Field lookup was unsuccessful, this is very likely an error
[ Recoil_TrackFinder ] 82  warn: smoothTrack failed: Did not find a compatible track state
[ Recoil_TrackFinder ] 82  warn: smoothTrack failed: Did not find a compatible track state
00:14:59    Propagator     WARNING   Field lookup was unsuccessful, this is very likely an error
[ Recoil_TrackFinder ] 82  info: Number of CKF tracks 13
[ TrackerVetoProcessor ] 82  info: Tagger requirements passed for 1 tracks
[ TrackerVetoProcessor ] 82  info: Recoil requirements passed for 5 tracks
[ TrackerVetoProcessor ] 82  info: Tracker veto failed
[ EcalClusterProducer ] 82  info: Using CLUE clustering algorithm
[ CLUE ] 82  info: Starting CLUE clustering with parameters:dc 5, rc 550, delta_c 10, delta_o 40, nbr_of_layers 1, reclustering false
[ EcalVetoProcessor ] 82  info:    Is this event is fiducial in ECAL? true
[ EcalVetoProcessor ] 82  info:  BDT was ran, score is 0.865324
[ EcalVetoProcessor ] 82  info:  The pred > bdtCutVal = false
[ EcalMipTrackingProcessor ] 82  info: Finding linreg tracks from a total of 21 hits using a radius of 35 mm
[ EcalMipTrackingProcessor ] 82  info:  MIP tracking completed; found 2 straight tracks and 0 lin-reg tracks
[ HcalVetoProcessor ] 82  info: There are 57 / 59 HCal hits read out. 57 are not associated with the recoil ele. Total PE of 1048
[ HcalVetoProcessor ] 82  info: HCAL veto passed? false
[ ElectronCounter ] 82  info: Found 1 electrons (tracks) using input collection TriggerPadTracksY_
[ trigger ] 82  info: Got trigger energy cut 3000 for 1 electrons counted in the event.
[ trigger ] 82  info: Got trigger energy sum 2419.58; and decision is pass = true
[ TrigScintDigiVerifier ] 82  info: There are 1 ts digis in this event
[ TrigScintDigiVerifier ] 82  info:  There are 50 sim hits in this event, adding up to a total energy of 54.9242
[ EcalClusterAnalyzer ] 82  info: Avg number of clusters per layer: 0
[ EcalClusterAnalyzer ] 82  info: Number of ECal CLUE clusters: 0, TS counted electrons: 1, SP electrons: 1
[ biasing::TargetENProcessFilter ] 83  info: Electronuclear reaction resulted in 15 particles via biasWrapper(electronNuclear) process.
[ TruthSeedProcessor ] 83  warn: Propagation to target surface failed — track may have exited the B-field map.
[ Tagger_TrackFinder ] 83  info: Number of TaggerRecoSeeds seed tracks = 1
[ Tagger_TrackFinder ] 83  info: Number of CKF tracks 1
[ Recoil_TrackFinder ] 83  info: Number of RecoilRecoSeeds seed tracks = 58
00:15:01    Propagator     WARNING   Field lookup was unsuccessful, this is very likely an error
00:15:01    Propagator     WARNING   Field lookup was unsuccessful, this is very likely an error
[ Recoil_TrackFinder ] 83  warn: smoothTrack failed: Did not find a compatible track state
[ Recoil_TrackFinder ] 83  warn: smoothTrack failed: Did not find a compatible track state
[ Recoil_TrackFinder ] 83  info: Number of CKF tracks 16
[ TrackerVetoProcessor ] 83  info: Tagger requirements passed for 1 tracks
[ TrackerVetoProcessor ] 83  info: Recoil requirements passed for 9 tracks
[ TrackerVetoProcessor ] 83  info: Tracker veto failed
[ EcalClusterProducer ] 83  info: Using CLUE clustering algorithm
[ CLUE ] 83  info: Starting CLUE clustering with parameters:dc 5, rc 550, delta_c 10, delta_o 40, nbr_of_layers 1, reclustering false
[ EcalVetoProcessor ] 83  info:    Is this event is fiducial in ECAL? true
[ EcalVetoProcessor ] 83  info:  BDT was ran, score is 4.07696e-05
[ EcalVetoProcessor ] 83  info:  The pred > bdtCutVal = false
[ EcalMipTrackingProcessor ] 83  info: Finding linreg tracks from a total of 84 hits using a radius of 35 mm
[ EcalMipTrackingProcessor ] 83  info:  MIP tracking completed; found 15 straight tracks and 0 lin-reg tracks
[ HcalVetoProcessor ] 83  info: There are 13 / 15 HCal hits read out. 13 are not associated with the recoil ele. Total PE of 390
[ HcalVetoProcessor ] 83  info: HCAL veto passed? false
[ ElectronCounter ] 83  info: Found 1 electrons (tracks) using input collection TriggerPadTracksY_
[ trigger ] 83  info: Got trigger energy cut 3000 for 1 electrons counted in the event.
[ trigger ] 83  info: Got trigger energy sum 6639.24; and decision is pass = false
[ TrigScintDigiVerifier ] 83  info: There are 1 ts digis in this event
[ TrigScintDigiVerifier ] 83  info:  There are 95 sim hits in this event, adding up to a total energy of 66.8176
[ EcalClusterAnalyzer ] 83  info: Avg number of clusters per layer: 0
[ EcalClusterAnalyzer ] 83  info: Number of ECal CLUE clusters: 0, TS counted electrons: 1, SP electrons: 1
[ biasing::TargetENProcessFilter ] 85  info: Electronuclear reaction resulted in 12 particles via biasWrapper(electronNuclear) process.
[ TruthSeedProcessor ] 85  warn: Propagation to target surface failed — track may have exited the B-field map.
[ Tagger_TrackFinder ] 85  info: Number of TaggerRecoSeeds seed tracks = 1
[ Tagger_TrackFinder ] 85  info: Number of CKF tracks 1
[ Recoil_TrackFinder ] 85  info: Number of RecoilRecoSeeds seed tracks = 15
00:15:14    Propagator     WARNING   Field lookup was unsuccessful, this is very likely an error
[ Recoil_TrackFinder ] 85  info: Number of CKF tracks 7
[ TrackerVetoProcessor ] 85  info: Tagger requirements passed for 1 tracks
[ TrackerVetoProcessor ] 85  info: Recoil requirements passed for 4 tracks
[ TrackerVetoProcessor ] 85  info: Tracker veto failed
[ EcalClusterProducer ] 85  info: Using CLUE clustering algorithm
[ CLUE ] 85  info: Starting CLUE clustering with parameters:dc 5, rc 550, delta_c 10, delta_o 40, nbr_of_layers 1, reclustering false
[ EcalVetoProcessor ] 85  info:    Is this event is fiducial in ECAL? true
[ EcalVetoProcessor ] 85  info:  BDT was ran, score is 0.00135452
[ EcalVetoProcessor ] 85  info:  The pred > bdtCutVal = false
[ EcalMipTrackingProcessor ] 85  info: Finding linreg tracks from a total of 38 hits using a radius of 35 mm
[ EcalMipTrackingProcessor ] 85  info:  MIP tracking completed; found 8 straight tracks and 0 lin-reg tracks
[ HcalVetoProcessor ] 85  info: There are 13 / 13 HCal hits read out. 13 are not associated with the recoil ele. Total PE of 163
[ HcalVetoProcessor ] 85  info: HCAL veto passed? false
[ ElectronCounter ] 85  info: Found 1 electrons (tracks) using input collection TriggerPadTracksY_
[ trigger ] 85  info: Got trigger energy cut 3000 for 1 electrons counted in the event.
[ trigger ] 85  info: Got trigger energy sum 4993.24; and decision is pass = false
[ TrigScintDigiVerifier ] 85  info: There are 2 ts digis in this event
[ TrigScintDigiVerifier ] 85  info:  There are 54 sim hits in this event, adding up to a total energy of 19.6025
[ EcalClusterAnalyzer ] 85  info: Avg number of clusters per layer: 2
[ EcalClusterAnalyzer ] 85  info: Number of ECal CLUE clusters: 2, TS counted electrons: 1, SP electrons: 1
[ biasing::TargetENProcessFilter ] 88  info: Electronuclear reaction resulted in 10 particles via biasWrapper(electronNuclear) process.
[ TruthSeedProcessor ] 88  warn: Propagation to target surface failed — track may have exited the B-field map.
[ Tagger_TrackFinder ] 88  info: Number of TaggerRecoSeeds seed tracks = 1
[ Tagger_TrackFinder ] 88  info: Number of CKF tracks 1
[ Recoil_TrackFinder ] 88  info: Number of RecoilRecoSeeds seed tracks = 1
[ Recoil_TrackFinder ] 88  info: Number of CKF tracks 1
[ TrackerVetoProcessor ] 88  info: Tagger requirements passed for 1 tracks
[ TrackerVetoProcessor ] 88  info: Recoil requirements passed for 1 tracks
[ TrackerVetoProcessor ] 88  info: Tracker veto passed, skim will keep the event
[ EcalClusterProducer ] 88  info: Using CLUE clustering algorithm
[ CLUE ] 88  info: Starting CLUE clustering with parameters:dc 5, rc 550, delta_c 10, delta_o 40, nbr_of_layers 1, reclustering false
[ EcalVetoProcessor ] 88  info:    Is this event is fiducial in ECAL? true
[ EcalVetoProcessor ] 88  info:  BDT was ran, score is 0.551382
[ EcalVetoProcessor ] 88  info:  The pred > bdtCutVal = false
[ EcalMipTrackingProcessor ] 88  info: Finding linreg tracks from a total of 41 hits using a radius of 35 mm
[ EcalMipTrackingProcessor ] 88  info:  MIP tracking completed; found 1 straight tracks and 0 lin-reg tracks
[ HcalVetoProcessor ] 88  info: There are 5 / 5 HCal hits read out. 5 are not associated with the recoil ele. Total PE of 320
[ HcalVetoProcessor ] 88  info: HCAL veto passed? false
[ ElectronCounter ] 88  info: Found 1 electrons (tracks) using input collection TriggerPadTracksY_
[ trigger ] 88  info: Got trigger energy cut 3000 for 1 electrons counted in the event.
[ trigger ] 88  info: Got trigger energy sum 7033.89; and decision is pass = false
[ TrigScintDigiVerifier ] 88  info: There are 3 ts digis in this event
[ TrigScintDigiVerifier ] 88  info:  There are 47 sim hits in this event, adding up to a total energy of 27.3745
[ EcalClusterAnalyzer ] 88  info: Avg number of clusters per layer: 1
[ EcalClusterAnalyzer ] 88  info: Number of ECal CLUE clusters: 1, TS counted electrons: 1, SP electrons: 1
[ biasing::TargetENProcessFilter ] 89  info: Electronuclear reaction resulted in 12 particles via biasWrapper(electronNuclear) process.
[ TruthSeedProcessor ] 89  warn: Propagation to target surface failed — track may have exited the B-field map.
[ Tagger_TrackFinder ] 89  info: Number of TaggerRecoSeeds seed tracks = 1
[ Tagger_TrackFinder ] 89  info: Number of CKF tracks 1
[ Recoil_TrackFinder ] 89  info: Number of RecoilRecoSeeds seed tracks = 1
[ Recoil_TrackFinder ] 89  info: Number of CKF tracks 1
[ TrackerVetoProcessor ] 89  info: Tagger requirements passed for 1 tracks
[ TrackerVetoProcessor ] 89  info: Recoil requirements passed for 1 tracks
[ TrackerVetoProcessor ] 89  info: Tracker veto passed, skim will keep the event
[ EcalClusterProducer ] 89  info: Using CLUE clustering algorithm
[ CLUE ] 89  info: Starting CLUE clustering with parameters:dc 5, rc 550, delta_c 10, delta_o 40, nbr_of_layers 1, reclustering false
[ EcalVetoProcessor ] 89  info:    Is this event is fiducial in ECAL? true
[ EcalVetoProcessor ] 89  info:  BDT was ran, score is 0.0916357
[ EcalVetoProcessor ] 89  info:  The pred > bdtCutVal = false
[ EcalMipTrackingProcessor ] 89  info: Finding linreg tracks from a total of 36 hits using a radius of 35 mm
[ EcalMipTrackingProcessor ] 89  info:  MIP tracking completed; found 2 straight tracks and 0 lin-reg tracks
[ HcalVetoProcessor ] 89  info: There are 27 / 27 HCal hits read out. 27 are not associated with the recoil ele. Total PE of 1062
[ HcalVetoProcessor ] 89  info: HCAL veto passed? false
[ ElectronCounter ] 89  info: Found 1 electrons (tracks) using input collection TriggerPadTracksY_
[ trigger ] 89  info: Got trigger energy cut 3000 for 1 electrons counted in the event.
[ trigger ] 89  info: Got trigger energy sum 4780.94; and decision is pass = false
[ TrigScintDigiVerifier ] 89  info: There are 1 ts digis in this event
[ TrigScintDigiVerifier ] 89  info:  There are 67 sim hits in this event, adding up to a total energy of 107.537
[ EcalClusterAnalyzer ] 89  info: Avg number of clusters per layer: 1
[ EcalClusterAnalyzer ] 89  info: Number of ECal CLUE clusters: 1, TS counted electrons: 1, SP electrons: 1
[ biasing::TargetENProcessFilter ] 90  info: Electronuclear reaction resulted in 12 particles via biasWrapper(electronNuclear) process.
[ TruthSeedProcessor ] 90  warn: Propagation to target surface failed — track may have exited the B-field map.
[ Tagger_TrackFinder ] 90  info: Number of TaggerRecoSeeds seed tracks = 1
[ Tagger_TrackFinder ] 90  info: Number of CKF tracks 1
[ Recoil_TrackFinder ] 90  info: Number of RecoilRecoSeeds seed tracks = 1
[ Recoil_TrackFinder ] 90  info: Number of CKF tracks 1
[ TrackerVetoProcessor ] 90  info: Tagger requirements passed for 1 tracks
[ TrackerVetoProcessor ] 90  info: Recoil requirements passed for 1 tracks
[ TrackerVetoProcessor ] 90  info: Tracker veto passed, skim will keep the event
[ EcalClusterProducer ] 90  info: Using CLUE clustering algorithm
[ CLUE ] 90  info: Starting CLUE clustering with parameters:dc 5, rc 550, delta_c 10, delta_o 40, nbr_of_layers 1, reclustering false
[ EcalVetoProcessor ] 90  info:    Is this event is fiducial in ECAL? true
[ EcalVetoProcessor ] 90  info:  BDT was ran, score is 0.000960529
[ EcalVetoProcessor ] 90  info:  The pred > bdtCutVal = false
[ EcalMipTrackingProcessor ] 90  info: Finding linreg tracks from a total of 44 hits using a radius of 35 mm
[ EcalMipTrackingProcessor ] 90  info:  MIP tracking completed; found 2 straight tracks and 0 lin-reg tracks
[ HcalVetoProcessor ] 90  info: There are 6 / 6 HCal hits read out. 6 are not associated with the recoil ele. Total PE of 146
[ HcalVetoProcessor ] 90  info: HCAL veto passed? false
[ ElectronCounter ] 90  info: Found 1 electrons (tracks) using input collection TriggerPadTracksY_
[ trigger ] 90  info: Got trigger energy cut 3000 for 1 electrons counted in the event.
[ trigger ] 90  info: Got trigger energy sum 9239.22; and decision is pass = false
[ TrigScintDigiVerifier ] 90  info: There are 1 ts digis in this event
[ TrigScintDigiVerifier ] 90  info:  There are 65 sim hits in this event, adding up to a total energy of 49.0035
[ EcalClusterAnalyzer ] 90  info: Avg number of clusters per layer: 1
[ EcalClusterAnalyzer ] 90  info: Number of ECal CLUE clusters: 1, TS counted electrons: 1, SP electrons: 1
[ biasing::TargetENProcessFilter ] 92  info: Electronuclear reaction resulted in 7 particles via biasWrapper(electronNuclear) process.
[ TruthSeedProcessor ] 92  warn: Propagation to target surface failed — track may have exited the B-field map.
[ Tagger_TrackFinder ] 92  info: Number of TaggerRecoSeeds seed tracks = 1
[ Tagger_TrackFinder ] 92  info: Number of CKF tracks 1
[ Recoil_TrackFinder ] 92  info: Number of RecoilRecoSeeds seed tracks = 3
[ Recoil_TrackFinder ] 92  info: Number of CKF tracks 2
[ TrackerVetoProcessor ] 92  info: Tagger requirements passed for 1 tracks
[ TrackerVetoProcessor ] 92  info: Recoil requirements passed for 2 tracks
[ TrackerVetoProcessor ] 92  info: Tracker veto failed
[ EcalClusterProducer ] 92  info: Using CLUE clustering algorithm
[ CLUE ] 92  info: Starting CLUE clustering with parameters:dc 5, rc 550, delta_c 10, delta_o 40, nbr_of_layers 1, reclustering false
[ EcalVetoProcessor ] 92  info:    Is this event is fiducial in ECAL? true
[ EcalVetoProcessor ] 92  info:  BDT was ran, score is 0.565229
[ EcalVetoProcessor ] 92  info:  The pred > bdtCutVal = false
[ EcalMipTrackingProcessor ] 92  info: Finding linreg tracks from a total of 42 hits using a radius of 35 mm
[ EcalMipTrackingProcessor ] 92  info:  MIP tracking completed; found 1 straight tracks and 0 lin-reg tracks
[ HcalVetoProcessor ] 92  info: There are 4 / 4 HCal hits read out. 4 are not associated with the recoil ele. Total PE of 11
[ HcalVetoProcessor ] 92  info: HCAL veto passed? true
[ ElectronCounter ] 92  info: Found 1 electrons (tracks) using input collection TriggerPadTracksY_
[ trigger ] 92  info: Got trigger energy cut 3000 for 1 electrons counted in the event.
[ trigger ] 92  info: Got trigger energy sum 9233.73; and decision is pass = false
[ TrigScintDigiVerifier ] 92  info: There are 2 ts digis in this event
[ TrigScintDigiVerifier ] 92  info:  There are 72 sim hits in this event, adding up to a total energy of 64.1303
[ EcalClusterAnalyzer ] 92  info: Avg number of clusters per layer: 1
[ EcalClusterAnalyzer ] 92  info: Number of ECal CLUE clusters: 1, TS counted electrons: 1, SP electrons: 1
[ Tagger_TrackFinder ] 93  info: Number of TaggerRecoSeeds seed tracks = 2
[ Tagger_TrackFinder ] 93  info: Number of CKF tracks 2
[ Recoil_TrackFinder ] 93  info: Number of RecoilRecoSeeds seed tracks = 0
[ Recoil_TrackFinder ] 93  warn: No seed tracks, returning...
[ TrackerVetoProcessor ] 93  info: Tagger requirements passed for 0 tracks
[ TrackerVetoProcessor ] 93  info: Recoil requirements passed for 0 tracks
[ TrackerVetoProcessor ] 93  info: Tracker veto failed
[ EcalClusterProducer ] 93  info: Using CLUE clustering algorithm
[ CLUE ] 93  info: Starting CLUE clustering with parameters:dc 5, rc 550, delta_c 10, delta_o 40, nbr_of_layers 1, reclustering false
[ EcalVetoProcessor ] 93  info:    Is this event is fiducial in ECAL? false
[ EcalVetoProcessor ] 93  info:  BDT was ran, score is 0.809775
[ EcalVetoProcessor ] 93  info:  The pred > bdtCutVal = false
[ EcalMipTrackingProcessor ] 93  info: Finding linreg tracks from a total of 50 hits using a radius of 35 mm
[ EcalMipTrackingProcessor ] 93  info:  MIP tracking completed; found 12 straight tracks and 0 lin-reg tracks
[ EcalPnetVetoProcessor ] 93  info:   No recoil track at ECAL
[ HcalVetoProcessor ] 93  info: There are 1 / 1 HCal hits read out. 1 are not associated with the recoil ele. Total PE of 18
[ HcalVetoProcessor ] 93  info: HCAL veto passed? false
[ ElectronCounter ] 93  info: Found 0 electrons (tracks) using input collection TriggerPadTracksY_
[ trigger ] 93  info: Got trigger energy cut 0 for 0 electrons counted in the event.
[ trigger ] 93  info: Got trigger energy sum 7445.27; and decision is pass = false
[ TrigScintDigiVerifier ] 93  info: There are 0 ts digis in this event
[ ElectroNuclearDQM ] 93  warn: No EN daughters found, skipping kinematics
[ EcalClusterAnalyzer ] 93  info: Avg number of clusters per layer: 1
[ EcalClusterAnalyzer ] 93  info: Number of ECal CLUE clusters: 1, TS counted electrons: 0, SP electrons: 0
[ biasing::TargetENProcessFilter ] 94  info: Electronuclear reaction resulted in 8 particles via biasWrapper(electronNuclear) process.
[ TruthSeedProcessor ] 94  warn: Propagation to target surface failed — track may have exited the B-field map.
[ Tagger_TrackFinder ] 94  info: Number of TaggerRecoSeeds seed tracks = 1
[ Tagger_TrackFinder ] 94  info: Number of CKF tracks 1
[ Recoil_TrackFinder ] 94  info: Number of RecoilRecoSeeds seed tracks = 7
00:15:42    Propagator     WARNING   Field lookup was unsuccessful, this is very likely an error
[ Recoil_TrackFinder ] 94  info: Number of CKF tracks 5
[ TrackerVetoProcessor ] 94  info: Tagger requirements passed for 1 tracks
[ TrackerVetoProcessor ] 94  info: Recoil requirements passed for 3 tracks
[ TrackerVetoProcessor ] 94  info: Tracker veto failed
[ EcalClusterProducer ] 94  info: Using CLUE clustering algorithm
[ CLUE ] 94  info: Starting CLUE clustering with parameters:dc 5, rc 550, delta_c 10, delta_o 40, nbr_of_layers 1, reclustering false
[ EcalVetoProcessor ] 94  info:    Is this event is fiducial in ECAL? true
[ EcalVetoProcessor ] 94  info:  BDT was ran, score is 0.00356829
[ EcalVetoProcessor ] 94  info:  The pred > bdtCutVal = false
[ EcalMipTrackingProcessor ] 94  info: Finding linreg tracks from a total of 47 hits using a radius of 35 mm
[ EcalMipTrackingProcessor ] 94  info:  MIP tracking completed; found 14 straight tracks and 0 lin-reg tracks
[ HcalVetoProcessor ] 94  info: There are 14 / 15 HCal hits read out. 14 are not associated with the recoil ele. Total PE of 1284
[ HcalVetoProcessor ] 94  info: HCAL veto passed? false
[ ElectronCounter ] 94  info: Found 1 electrons (tracks) using input collection TriggerPadTracksY_
[ trigger ] 94  info: Got trigger energy cut 3000 for 1 electrons counted in the event.
[ trigger ] 94  info: Got trigger energy sum 6085.01; and decision is pass = false
[ TrigScintDigiVerifier ] 94  info: There are 3 ts digis in this event
[ TrigScintDigiVerifier ] 94  info:  There are 35 sim hits in this event, adding up to a total energy of 19.1726
[ EcalClusterAnalyzer ] 94  info: Avg number of clusters per layer: 1
[ EcalClusterAnalyzer ] 94  info: Number of ECal CLUE clusters: 1, TS counted electrons: 1, SP electrons: 1
[ biasing::TargetENProcessFilter ] 99  info: Electronuclear reaction resulted in 7 particles via biasWrapper(electronNuclear) process.
[ TruthSeedProcessor ] 99  warn: Propagation to target surface failed — track may have exited the B-field map.
[ Tagger_TrackFinder ] 99  info: Number of TaggerRecoSeeds seed tracks = 1
[ Tagger_TrackFinder ] 99  info: Number of CKF tracks 1
[ Recoil_TrackFinder ] 99  info: Number of RecoilRecoSeeds seed tracks = 14
[ Recoil_TrackFinder ] 99  info: Number of CKF tracks 10
[ TrackerVetoProcessor ] 99  info: Tagger requirements passed for 1 tracks
[ TrackerVetoProcessor ] 99  info: Recoil requirements passed for 2 tracks
[ TrackerVetoProcessor ] 99  info: Tracker veto failed
[ EcalClusterProducer ] 99  info: Using CLUE clustering algorithm
[ CLUE ] 99  info: Starting CLUE clustering with parameters:dc 5, rc 550, delta_c 10, delta_o 40, nbr_of_layers 1, reclustering false
[ EcalVetoProcessor ] 99  info:    Is this event is fiducial in ECAL? true
[ EcalVetoProcessor ] 99  info:  BDT was ran, score is 0.0793703
[ EcalVetoProcessor ] 99  info:  The pred > bdtCutVal = false
[ EcalMipTrackingProcessor ] 99  info: Finding linreg tracks from a total of 42 hits using a radius of 35 mm
[ EcalMipTrackingProcessor ] 99  info:  MIP tracking completed; found 4 straight tracks and 0 lin-reg tracks
[ HcalVetoProcessor ] 99  info: There are 4 / 4 HCal hits read out. 4 are not associated with the recoil ele. Total PE of 10
[ HcalVetoProcessor ] 99  info: HCAL veto passed? false
[ ElectronCounter ] 99  info: Found 1 electrons (tracks) using input collection TriggerPadTracksY_
[ trigger ] 99  info: Got trigger energy cut 3000 for 1 electrons counted in the event.
[ trigger ] 99  info: Got trigger energy sum 7137.02; and decision is pass = false
[ TrigScintDigiVerifier ] 99  info: There are 1 ts digis in this event
[ TrigScintDigiVerifier ] 99  info:  There are 29 sim hits in this event, adding up to a total energy of 21.5561
[ EcalClusterAnalyzer ] 99  info: Avg number of clusters per layer: 1
[ EcalClusterAnalyzer ] 99  info: Number of ECal CLUE clusters: 1, TS counted electrons: 1, SP electrons: 1
[ biasing::TargetENProcessFilter ] 103  info: Electronuclear reaction resulted in 25 particles via biasWrapper(electronNuclear) process.
[ TruthSeedProcessor ] 103  warn: Propagation to target surface failed — track may have exited the B-field map.
[ Tagger_TrackFinder ] 103  info: Number of TaggerRecoSeeds seed tracks = 1
[ Tagger_TrackFinder ] 103  info: Number of CKF tracks 1
[ Recoil_TrackFinder ] 103  info: Number of RecoilRecoSeeds seed tracks = 1
[ Recoil_TrackFinder ] 103  info: Number of CKF tracks 1
[ TrackerVetoProcessor ] 103  info: Tagger requirements passed for 1 tracks
[ TrackerVetoProcessor ] 103  info: Recoil requirements passed for 1 tracks
[ TrackerVetoProcessor ] 103  info: Tracker veto passed, skim will keep the event
[ EcalClusterProducer ] 103  info: Using CLUE clustering algorithm
[ CLUE ] 103  info: Starting CLUE clustering with parameters:dc 5, rc 550, delta_c 10, delta_o 40, nbr_of_layers 1, reclustering false
[ EcalVetoProcessor ] 103  info:    Is this event is fiducial in ECAL? true
[ EcalVetoProcessor ] 103  info:  BDT was ran, score is 3.18289e-05
[ EcalVetoProcessor ] 103  info:  The pred > bdtCutVal = false
[ EcalMipTrackingProcessor ] 103  info: Finding linreg tracks from a total of 45 hits using a radius of 35 mm
[ EcalMipTrackingProcessor ] 103  info:  MIP tracking completed; found 0 straight tracks and 0 lin-reg tracks
[ HcalVetoProcessor ] 103  info: There are 26 / 26 HCal hits read out. 26 are not associated with the recoil ele. Total PE of 748
[ HcalVetoProcessor ] 103  info: HCAL veto passed? false
[ ElectronCounter ] 103  info: Found 1 electrons (tracks) using input collection TriggerPadTracksY_
[ trigger ] 103  info: Got trigger energy cut 3000 for 1 electrons counted in the event.
[ trigger ] 103  info: Got trigger energy sum 5501.84; and decision is pass = false
[ TrigScintDigiVerifier ] 103  info: There are 4 ts digis in this event
[ TrigScintDigiVerifier ] 103  info:  There are 72 sim hits in this event, adding up to a total energy of 13.2728
[ EcalClusterAnalyzer ] 103  info: Avg number of clusters per layer: 1
[ EcalClusterAnalyzer ] 103  info: Number of ECal CLUE clusters: 1, TS counted electrons: 1, SP electrons: 1
[ biasing::TargetENProcessFilter ] 104  info: Electronuclear reaction resulted in 8 particles via biasWrapper(electronNuclear) process.
[ TruthSeedProcessor ] 104  warn: Propagation to target surface failed — track may have exited the B-field map.
[ Tagger_TrackFinder ] 104  info: Number of TaggerRecoSeeds seed tracks = 1
[ Tagger_TrackFinder ] 104  info: Number of CKF tracks 1
[ Recoil_TrackFinder ] 104  info: Number of RecoilRecoSeeds seed tracks = 31
00:16:32    Propagator     WARNING   Field lookup was unsuccessful, this is very likely an error
00:16:32    Propagator     WARNING   Field lookup was unsuccessful, this is very likely an error
00:16:32    Propagator     WARNING   Field lookup was unsuccessful, this is very likely an error
[ Recoil_TrackFinder ] 104  info: Number of CKF tracks 18
00:16:32    GSF            WARNING   Performed steps with errors: MagneticFieldError:1 | MagneticFieldError:1 | MagneticFieldError:1 | MagneticFieldError:1 | MagneticFieldError:1 | MagneticFieldError:1 | MagneticFieldError:1 | MagneticFieldError:1 | MagneticFieldError:1 | MagneticFieldError:1 | MagneticFieldError:1 | MagneticFieldError:1
[ Recoil_GSF ] 104  info:   [GSF dbg] fit failed (first few): Stepping error occurred in all components
[ TrackerVetoProcessor ] 104  info: Tagger requirements passed for 1 tracks
[ TrackerVetoProcessor ] 104  info: Recoil requirements passed for 5 tracks
[ TrackerVetoProcessor ] 104  info: Tracker veto failed
[ EcalClusterProducer ] 104  info: Using CLUE clustering algorithm
[ CLUE ] 104  info: Starting CLUE clustering with parameters:dc 5, rc 550, delta_c 10, delta_o 40, nbr_of_layers 1, reclustering false
[ EcalVetoProcessor ] 104  info:    Is this event is fiducial in ECAL? true
[ EcalVetoProcessor ] 104  info:  BDT was ran, score is 0.487029
[ EcalVetoProcessor ] 104  info:  The pred > bdtCutVal = false
[ EcalMipTrackingProcessor ] 104  info: Finding linreg tracks from a total of 40 hits using a radius of 35 mm
[ EcalMipTrackingProcessor ] 104  info:  MIP tracking completed; found 5 straight tracks and 0 lin-reg tracks
[ HcalVetoProcessor ] 104  info: There are 57 / 58 HCal hits read out. 57 are not associated with the recoil ele. Total PE of 3106
[ HcalVetoProcessor ] 104  info: HCAL veto passed? false
[ ElectronCounter ] 104  info: Found 1 electrons (tracks) using input collection TriggerPadTracksY_
[ trigger ] 104  info: Got trigger energy cut 3000 for 1 electrons counted in the event.
[ trigger ] 104  info: Got trigger energy sum 3471.16; and decision is pass = false
[ TrigScintDigiVerifier ] 104  info: There are 2 ts digis in this event
[ TrigScintDigiVerifier ] 104  info:  There are 192 sim hits in this event, adding up to a total energy of 40.1123
[ EcalClusterAnalyzer ] 104  info: Avg number of clusters per layer: 1
[ EcalClusterAnalyzer ] 104  info: Number of ECal CLUE clusters: 1, TS counted electrons: 1, SP electrons: 1
[ biasing::TargetENProcessFilter ] 105  info: Electronuclear reaction resulted in 5 particles via biasWrapper(electronNuclear) process.
[ TruthSeedProcessor ] 105  warn: Propagation to target surface failed — track may have exited the B-field map.
[ Tagger_TrackFinder ] 105  info: Number of TaggerRecoSeeds seed tracks = 1
[ Tagger_TrackFinder ] 105  info: Number of CKF tracks 1
[ Recoil_TrackFinder ] 105  info: Number of RecoilRecoSeeds seed tracks = 1
[ Recoil_TrackFinder ] 105  info: Number of CKF tracks 1
[ TrackerVetoProcessor ] 105  info: Tagger requirements passed for 1 tracks
[ TrackerVetoProcessor ] 105  info: Recoil requirements passed for 1 tracks
[ TrackerVetoProcessor ] 105  info: Tracker veto passed, skim will keep the event
[ EcalClusterProducer ] 105  info: Using CLUE clustering algorithm
[ CLUE ] 105  info: Starting CLUE clustering with parameters:dc 5, rc 550, delta_c 10, delta_o 40, nbr_of_layers 1, reclustering false
[ EcalVetoProcessor ] 105  info:    Is this event is fiducial in ECAL? true
[ EcalVetoProcessor ] 105  info:  BDT was ran, score is 0.642883
[ EcalVetoProcessor ] 105  info:  The pred > bdtCutVal = false
[ EcalMipTrackingProcessor ] 105  info: Finding linreg tracks from a total of 27 hits using a radius of 35 mm
[ EcalMipTrackingProcessor ] 105  info:  MIP tracking completed; found 2 straight tracks and 0 lin-reg tracks
[ HcalVetoProcessor ] 105  info: There are 1 / 1 HCal hits read out. 1 are not associated with the recoil ele. Total PE of 7
[ HcalVetoProcessor ] 105  info: HCAL veto passed? true
[ ElectronCounter ] 105  info: Found 1 electrons (tracks) using input collection TriggerPadTracksY_
[ trigger ] 105  info: Got trigger energy cut 3000 for 1 electrons counted in the event.
[ trigger ] 105  info: Got trigger energy sum 8111.45; and decision is pass = false
[ TrigScintDigiVerifier ] 105  info: There are 2 ts digis in this event
[ TrigScintDigiVerifier ] 105  info:  There are 30 sim hits in this event, adding up to a total energy of 18.1116
[ EcalClusterAnalyzer ] 105  info: Avg number of clusters per layer: 1
[ EcalClusterAnalyzer ] 105  info: Number of ECal CLUE clusters: 1, TS counted electrons: 1, SP electrons: 1
[ biasing::TargetENProcessFilter ] 110  info: Electronuclear reaction resulted in 7 particles via biasWrapper(electronNuclear) process.
[ TruthSeedProcessor ] 110  warn: Propagation to target surface failed — track may have exited the B-field map.
[ Tagger_TrackFinder ] 110  info: Number of TaggerRecoSeeds seed tracks = 1
[ Tagger_TrackFinder ] 110  info: Number of CKF tracks 1
[ Recoil_TrackFinder ] 110  info: Number of RecoilRecoSeeds seed tracks = 1
[ Recoil_TrackFinder ] 110  info: Number of CKF tracks 1
[ TrackerVetoProcessor ] 110  info: Tagger requirements passed for 1 tracks
[ TrackerVetoProcessor ] 110  info: Recoil requirements passed for 1 tracks
[ TrackerVetoProcessor ] 110  info: Tracker veto passed, skim will keep the event
[ EcalClusterProducer ] 110  info: Using CLUE clustering algorithm
[ CLUE ] 110  info: Starting CLUE clustering with parameters:dc 5, rc 550, delta_c 10, delta_o 40, nbr_of_layers 1, reclustering false
[ EcalVetoProcessor ] 110  info:    Is this event is fiducial in ECAL? true
[ EcalVetoProcessor ] 110  info:  BDT was ran, score is 0.123998
[ EcalVetoProcessor ] 110  info:  The pred > bdtCutVal = false
[ EcalMipTrackingProcessor ] 110  info: Finding linreg tracks from a total of 39 hits using a radius of 35 mm
[ EcalMipTrackingProcessor ] 110  info:  MIP tracking completed; found 2 straight tracks and 0 lin-reg tracks
[ HcalVetoProcessor ] 110  info: There are 5 / 5 HCal hits read out. 5 are not associated with the recoil ele. Total PE of 23
[ HcalVetoProcessor ] 110  info: HCAL veto passed? false
[ ElectronCounter ] 110  info: Found 1 electrons (tracks) using input collection TriggerPadTracksY_
[ trigger ] 110  info: Got trigger energy cut 3000 for 1 electrons counted in the event.
[ trigger ] 110  info: Got trigger energy sum 6825.19; and decision is pass = false
[ TrigScintDigiVerifier ] 110  info: There are 1 ts digis in this event
[ TrigScintDigiVerifier ] 110  info:  There are 46 sim hits in this event, adding up to a total energy of 31.2657
[ EcalClusterAnalyzer ] 110  info: Avg number of clusters per layer: 1
[ EcalClusterAnalyzer ] 110  info: Number of ECal CLUE clusters: 1, TS counted electrons: 1, SP electrons: 1
[ TruthSeedProcessor ] 111  warn: Propagation to target surface failed — track may have exited the B-field map.
[ Tagger_TrackFinder ] 111  info: Number of TaggerRecoSeeds seed tracks = 2
[ Tagger_TrackFinder ] 111  info: Number of CKF tracks 2
[ Recoil_TrackFinder ] 111  info: Number of RecoilRecoSeeds seed tracks = 0
[ Recoil_TrackFinder ] 111  warn: No seed tracks, returning...
[ TrackerVetoProcessor ] 111  info: Tagger requirements passed for 0 tracks
[ TrackerVetoProcessor ] 111  info: Recoil requirements passed for 0 tracks
[ TrackerVetoProcessor ] 111  info: Tracker veto failed
[ EcalClusterProducer ] 111  info: Using CLUE clustering algorithm
[ CLUE ] 111  info: Starting CLUE clustering with parameters:dc 5, rc 550, delta_c 10, delta_o 40, nbr_of_layers 1, reclustering false
[ EcalVetoProcessor ] 111  info:    Is this event is fiducial in ECAL? false
[ EcalVetoProcessor ] 111  info:  BDT was ran, score is 0.303863
[ EcalVetoProcessor ] 111  info:  The pred > bdtCutVal = false
[ EcalMipTrackingProcessor ] 111  info: Finding linreg tracks from a total of 46 hits using a radius of 35 mm
[ EcalMipTrackingProcessor ] 111  info:  MIP tracking completed; found 18 straight tracks and 0 lin-reg tracks
[ EcalPnetVetoProcessor ] 111  info:   No recoil track at ECAL
[ HcalVetoProcessor ] 111  info: There are 1 / 1 HCal hits read out. 1 are not associated with the recoil ele. Total PE of 2
[ HcalVetoProcessor ] 111  info: HCAL veto passed? true
[ ElectronCounter ] 111  info: Found 0 electrons (tracks) using input collection TriggerPadTracksY_
[ trigger ] 111  info: Got trigger energy cut 0 for 0 electrons counted in the event.
[ trigger ] 111  info: Got trigger energy sum 8869.35; and decision is pass = false
[ TrigScintDigiVerifier ] 111  info: There are 1 ts digis in this event
[ ElectroNuclearDQM ] 111  warn: No EN daughters found, skipping kinematics
[ EcalClusterAnalyzer ] 111  info: Avg number of clusters per layer: 1
[ EcalClusterAnalyzer ] 111  info: Number of ECal CLUE clusters: 1, TS counted electrons: 0, SP electrons: 0
[ biasing::TargetENProcessFilter ] 117  info: Electronuclear reaction resulted in 8 particles via biasWrapper(electronNuclear) process.
[ TruthSeedProcessor ] 117  warn: Propagation to target surface failed — track may have exited the B-field map.
[ Tagger_TrackFinder ] 117  info: Number of TaggerRecoSeeds seed tracks = 1
[ Tagger_TrackFinder ] 117  info: Number of CKF tracks 1
[ Recoil_TrackFinder ] 117  info: Number of RecoilRecoSeeds seed tracks = 92
[ Recoil_TrackFinder ] 117  warn: smoothTrack failed: Did not find a compatible track state
[ Recoil_TrackFinder ] 117  warn: smoothTrack failed: Did not find a compatible track state
[ Recoil_TrackFinder ] 117  warn: smoothTrack failed: Did not find a compatible track state
[ Recoil_TrackFinder ] 117  warn: smoothTrack failed: Did not find a compatible track state
[ Recoil_TrackFinder ] 117  warn: smoothTrack failed: Did not find a compatible track state
[ Recoil_TrackFinder ] 117  warn: smoothTrack failed: Did not find a compatible track state
[ Recoil_TrackFinder ] 117  warn: smoothTrack failed: Did not find a compatible track state
[ Recoil_TrackFinder ] 117  warn: smoothTrack failed: Did not find a compatible track state
[ Recoil_TrackFinder ] 117  warn: smoothTrack failed: Did not find a compatible track state
[ Recoil_TrackFinder ] 117  warn: smoothTrack failed: Did not find a compatible track state
[ Recoil_TrackFinder ] 117  warn: smoothTrack failed: Did not find a compatible track state
[ Recoil_TrackFinder ] 117  warn: smoothTrack failed: Did not find a compatible track state
[ Recoil_TrackFinder ] 117  warn: smoothTrack failed: Did not find a compatible track state
00:17:36    Propagator     WARNING   Field lookup was unsuccessful, this is very likely an error
[ Recoil_TrackFinder ] 117  warn: smoothTrack failed: Did not find a compatible track state
[ Recoil_TrackFinder ] 117  warn: smoothTrack failed: Did not find a compatible track state
[ Recoil_TrackFinder ] 117  warn: smoothTrack failed: Did not find a compatible track state
[ Recoil_TrackFinder ] 117  warn: smoothTrack failed: Did not find a compatible track state
[ Recoil_TrackFinder ] 117  info: Number of CKF tracks 14
00:17:36    GSF            WARNING   Performed steps with errors: 1.52762 | MagneticFieldError:1 | MagneticFieldError:1 | MagneticFieldError:1 | MagneticFieldError:1 | MagneticFieldError:1 | MagneticFieldError:1 | MagneticFieldError:1 | MagneticFieldError:1 | MagneticFieldError:1 | 1.52926 | MagneticFieldError:1
00:17:36    GSF            WARNING   Performed steps with errors: 1.53568 | MagneticFieldError:1
00:17:36    GSF            WARNING   Performed steps with errors: MagneticFieldError:1
[ Recoil_GSF ] 117  info:   [GSF dbg] fit failed (first few): Stepping error occurred in all components
[ TrackerVetoProcessor ] 117  info: Tagger requirements passed for 1 tracks
[ TrackerVetoProcessor ] 117  info: Recoil requirements passed for 2 tracks
[ TrackerVetoProcessor ] 117  info: Tracker veto failed
[ EcalClusterProducer ] 117  info: Using CLUE clustering algorithm
[ CLUE ] 117  info: Starting CLUE clustering with parameters:dc 5, rc 550, delta_c 10, delta_o 40, nbr_of_layers 1, reclustering false
[ EcalVetoProcessor ] 117  info:    Is this event is fiducial in ECAL? true
[ EcalVetoProcessor ] 117  info:  BDT was ran, score is 2.02656e-05
[ EcalVetoProcessor ] 117  info:  The pred > bdtCutVal = false
[ EcalMipTrackingProcessor ] 117  info: Finding linreg tracks from a total of 72 hits using a radius of 35 mm
[ EcalMipTrackingProcessor ] 117  info:  MIP tracking completed; found 8 straight tracks and 0 lin-reg tracks
[ HcalVetoProcessor ] 117  info: There are 74 / 74 HCal hits read out. 74 are not associated with the recoil ele. Total PE of 5234
[ HcalVetoProcessor ] 117  info: HCAL veto passed? false
[ ElectronCounter ] 117  info: Found 1 electrons (tracks) using input collection TriggerPadTracksY_
[ trigger ] 117  info: Got trigger energy cut 3000 for 1 electrons counted in the event.
[ trigger ] 117  info: Got trigger energy sum 2622.93; and decision is pass = true
[ TrigScintDigiVerifier ] 117  info: There are 2 ts digis in this event
[ TrigScintDigiVerifier ] 117  info:  There are 75 sim hits in this event, adding up to a total energy of 38.8826
[ EcalClusterAnalyzer ] 117  info: Avg number of clusters per layer: 1
[ EcalClusterAnalyzer ] 117  info: Number of ECal CLUE clusters: 1, TS counted electrons: 1, SP electrons: 1
[ biasing::TargetENProcessFilter ] 124  info: Electronuclear reaction resulted in 23 particles via biasWrapper(electronNuclear) process.
[ TruthSeedProcessor ] 124  warn: Propagation to target surface failed — track may have exited the B-field map.
[ Tagger_TrackFinder ] 124  info: Number of TaggerRecoSeeds seed tracks = 1
[ Tagger_TrackFinder ] 124  info: Number of CKF tracks 1
[ Recoil_TrackFinder ] 124  info: Number of RecoilRecoSeeds seed tracks = 1
[ Recoil_TrackFinder ] 124  info: Number of CKF tracks 1
[ TrackerVetoProcessor ] 124  info: Tagger requirements passed for 1 tracks
[ TrackerVetoProcessor ] 124  info: Recoil requirements passed for 1 tracks
[ TrackerVetoProcessor ] 124  info: Tracker veto passed, skim will keep the event
[ EcalClusterProducer ] 124  info: Using CLUE clustering algorithm
[ CLUE ] 124  info: Starting CLUE clustering with parameters:dc 5, rc 550, delta_c 10, delta_o 40, nbr_of_layers 1, reclustering false
[ EcalVetoProcessor ] 124  info:    Is this event is fiducial in ECAL? true
[ EcalVetoProcessor ] 124  info:  BDT was ran, score is 0.908717
[ EcalVetoProcessor ] 124  info:  The pred > bdtCutVal = false
[ EcalMipTrackingProcessor ] 124  info: Finding linreg tracks from a total of 34 hits using a radius of 35 mm
[ EcalMipTrackingProcessor ] 124  info:  MIP tracking completed; found 6 straight tracks and 0 lin-reg tracks
[ HcalVetoProcessor ] 124  info: There are 3 / 3 HCal hits read out. 3 are not associated with the recoil ele. Total PE of 33
[ HcalVetoProcessor ] 124  info: HCAL veto passed? false
[ ElectronCounter ] 124  info: Found 0 electrons (tracks) using input collection TriggerPadTracksY_
[ trigger ] 124  info: Got trigger energy cut 0 for 0 electrons counted in the event.
[ trigger ] 124  info: Got trigger energy sum 7367.8; and decision is pass = false
[ TrigScintDigiVerifier ] 124  info: There are 2 ts digis in this event
[ TrigScintDigiVerifier ] 124  info:  There are 21 sim hits in this event, adding up to a total energy of 8.84868
[ EcalClusterAnalyzer ] 124  info: Avg number of clusters per layer: 1
[ EcalClusterAnalyzer ] 124  info: Number of ECal CLUE clusters: 1, TS counted electrons: 0, SP electrons: 0
[ biasing::TargetENProcessFilter ] 126  info: Electronuclear reaction resulted in 11 particles via biasWrapper(electronNuclear) process.
[ TruthSeedProcessor ] 126  warn: Propagation to target surface failed — track may have exited the B-field map.
[ Tagger_TrackFinder ] 126  info: Number of TaggerRecoSeeds seed tracks = 1
[ Tagger_TrackFinder ] 126  info: Number of CKF tracks 1
[ Recoil_TrackFinder ] 126  info: Number of RecoilRecoSeeds seed tracks = 873
00:18:27    Propagator     WARNING   Field lookup was unsuccessful, this is very likely an error
00:18:27    Propagator     WARNING   Field lookup was unsuccessful, this is very likely an error
00:18:27    Propagator     WARNING   Field lookup was unsuccessful, this is very likely an error
00:18:27    Propagator     WARNING   Field lookup was unsuccessful, this is very likely an error
00:18:27    Propagator     WARNING   Field lookup was unsuccessful, this is very likely an error
[ Recoil_TrackFinder ] 126  warn: smoothTrack failed: Did not find a compatible track state
00:18:27    Propagator     WARNING   Field lookup was unsuccessful, this is very likely an error
00:18:27    Propagator     WARNING   Field lookup was unsuccessful, this is very likely an error
00:18:27    Propagator     WARNING   Field lookup was unsuccessful, this is very likely an error
00:18:27    Propagator     WARNING   Field lookup was unsuccessful, this is very likely an error
[ Recoil_TrackFinder ] 126  warn: smoothTrack failed: Did not find a compatible track state
[ Recoil_TrackFinder ] 126  warn: smoothTrack failed: Did not find a compatible track state
00:18:27    Propagator     WARNING   Field lookup was unsuccessful, this is very likely an error
00:18:27    Propagator     WARNING   Field lookup was unsuccessful, this is very likely an error
00:18:27    Propagator     WARNING   Field lookup was unsuccessful, this is very likely an error
00:18:27    Propagator     WARNING   Field lookup was unsuccessful, this is very likely an error
[ Recoil_TrackFinder ] 126  warn: smoothTrack failed: Did not find a compatible track state
[ Recoil_TrackFinder ] 126  warn: smoothTrack failed: Did not find a compatible track state
[ Recoil_TrackFinder ] 126  warn: smoothTrack failed: Did not find a compatible track state
[ Recoil_TrackFinder ] 126  warn: smoothTrack failed: Did not find a compatible track state
[ Recoil_TrackFinder ] 126  warn: smoothTrack failed: Did not find a compatible track state
[ Recoil_TrackFinder ] 126  warn: smoothTrack failed: Did not find a compatible track state
00:18:27    Propagator     WARNING   Field lookup was unsuccessful, this is very likely an error
00:18:27    Propagator     WARNING   Field lookup was unsuccessful, this is very likely an error
00:18:27    Propagator     WARNING   Field lookup was unsuccessful, this is very likely an error
[ Recoil_TrackFinder ] 126  warn: smoothTrack failed: Did not find a compatible track state
00:18:27    Propagator     WARNING   Field lookup was unsuccessful, this is very likely an error
00:18:27    Propagator     WARNING   Field lookup was unsuccessful, this is very likely an error
00:18:27    Propagator     WARNING   Field lookup was unsuccessful, this is very likely an error
[ Recoil_TrackFinder ] 126  info: Number of CKF tracks 252
[ TrackerVetoProcessor ] 126  info: Tagger requirements passed for 1 tracks
[ TrackerVetoProcessor ] 126  info: Recoil requirements passed for 86 tracks
[ TrackerVetoProcessor ] 126  info: Tracker veto failed
[ EcalClusterProducer ] 126  info: Using CLUE clustering algorithm
[ CLUE ] 126  info: Starting CLUE clustering with parameters:dc 5, rc 550, delta_c 10, delta_o 40, nbr_of_layers 1, reclustering false
[ EcalVetoProcessor ] 126  info:    Is this event is fiducial in ECAL? true
[ EcalVetoProcessor ] 126  info:  BDT was ran, score is 5.79357e-05
[ EcalVetoProcessor ] 126  info:  The pred > bdtCutVal = false
[ EcalMipTrackingProcessor ] 126  info: Finding linreg tracks from a total of 50 hits using a radius of 35 mm
[ EcalMipTrackingProcessor ] 126  info:  MIP tracking completed; found 3 straight tracks and 0 lin-reg tracks
[ HcalVetoProcessor ] 126  info: There are 14 / 14 HCal hits read out. 14 are not associated with the recoil ele. Total PE of 279
[ HcalVetoProcessor ] 126  info: HCAL veto passed? false
[ ElectronCounter ] 126  info: Found 1 electrons (tracks) using input collection TriggerPadTracksY_
[ trigger ] 126  info: Got trigger energy cut 3000 for 1 electrons counted in the event.
[ trigger ] 126  info: Got trigger energy sum 4906.36; and decision is pass = false
[ TrigScintDigiVerifier ] 126  info: There are 1 ts digis in this event
[ TrigScintDigiVerifier ] 126  info:  There are 46 sim hits in this event, adding up to a total energy of 48.1026
[ EcalClusterAnalyzer ] 126  info: Avg number of clusters per layer: 1
[ EcalClusterAnalyzer ] 126  info: Number of ECal CLUE clusters: 1, TS counted electrons: 1, SP electrons: 1
[ biasing::TargetENProcessFilter ] 127  info: Electronuclear reaction resulted in 9 particles via biasWrapper(electronNuclear) process.
[ TruthSeedProcessor ] 127  warn: Propagation to target surface failed — track may have exited the B-field map.
[ Tagger_TrackFinder ] 127  info: Number of TaggerRecoSeeds seed tracks = 1
[ Tagger_TrackFinder ] 127  info: Number of CKF tracks 1
[ Recoil_TrackFinder ] 127  info: Number of RecoilRecoSeeds seed tracks = 126
[ Recoil_TrackFinder ] 127  warn: smoothTrack failed: Did not find a compatible track state
[ Recoil_TrackFinder ] 127  warn: smoothTrack failed: Did not find a compatible track state
00:18:34    Propagator     WARNING   Field lookup was unsuccessful, this is very likely an error
[ Recoil_TrackFinder ] 127  info: Number of CKF tracks 22
[ TrackerVetoProcessor ] 127  info: Tagger requirements passed for 1 tracks
[ TrackerVetoProcessor ] 127  info: Recoil requirements passed for 6 tracks
[ TrackerVetoProcessor ] 127  info: Tracker veto failed
[ EcalClusterProducer ] 127  info: Using CLUE clustering algorithm
[ CLUE ] 127  info: Starting CLUE clustering with parameters:dc 5, rc 550, delta_c 10, delta_o 40, nbr_of_layers 1, reclustering false
[ EcalVetoProcessor ] 127  info:    Is this event is fiducial in ECAL? true
[ EcalVetoProcessor ] 127  info:  BDT was ran, score is 0.000702381
[ EcalVetoProcessor ] 127  info:  The pred > bdtCutVal = false
[ EcalMipTrackingProcessor ] 127  info: Finding linreg tracks from a total of 56 hits using a radius of 35 mm
[ EcalMipTrackingProcessor ] 127  info:  MIP tracking completed; found 5 straight tracks and 0 lin-reg tracks
[ HcalVetoProcessor ] 127  info: There are 44 / 45 HCal hits read out. 44 are not associated with the recoil ele. Total PE of 2663
[ HcalVetoProcessor ] 127  info: HCAL veto passed? false
[ ElectronCounter ] 127  info: Found 1 electrons (tracks) using input collection TriggerPadTracksY_
[ trigger ] 127  info: Got trigger energy cut 3000 for 1 electrons counted in the event.
[ trigger ] 127  info: Got trigger energy sum 4501.1; and decision is pass = false
[ TrigScintDigiVerifier ] 127  info: There are 2 ts digis in this event
[ TrigScintDigiVerifier ] 127  info:  There are 136 sim hits in this event, adding up to a total energy of 266.823
[ EcalClusterAnalyzer ] 127  info: Avg number of clusters per layer: 1
[ EcalClusterAnalyzer ] 127  info: Number of ECal CLUE clusters: 1, TS counted electrons: 1, SP electrons: 1
[ biasing::TargetENProcessFilter ] 131  info: Electronuclear reaction resulted in 10 particles via biasWrapper(electronNuclear) process.
[ TruthSeedProcessor ] 131  warn: Propagation to target surface failed — track may have exited the B-field map.
[ Tagger_TrackFinder ] 131  info: Number of TaggerRecoSeeds seed tracks = 1
[ Tagger_TrackFinder ] 131  info: Number of CKF tracks 1
[ Recoil_TrackFinder ] 131  info: Number of RecoilRecoSeeds seed tracks = 1
[ Recoil_TrackFinder ] 131  info: Number of CKF tracks 1
[ TrackerVetoProcessor ] 131  info: Tagger requirements passed for 1 tracks
[ TrackerVetoProcessor ] 131  info: Recoil requirements passed for 1 tracks
[ TrackerVetoProcessor ] 131  info: Tracker veto passed, skim will keep the event
[ EcalClusterProducer ] 131  info: Using CLUE clustering algorithm
[ CLUE ] 131  info: Starting CLUE clustering with parameters:dc 5, rc 550, delta_c 10, delta_o 40, nbr_of_layers 1, reclustering false
[ EcalVetoProcessor ] 131  info:    Is this event is fiducial in ECAL? true
[ EcalVetoProcessor ] 131  info:  BDT was ran, score is 0.0102685
[ EcalVetoProcessor ] 131  info:  The pred > bdtCutVal = false
[ EcalMipTrackingProcessor ] 131  info: Finding linreg tracks from a total of 35 hits using a radius of 35 mm
[ EcalMipTrackingProcessor ] 131  info:  MIP tracking completed; found 1 straight tracks and 0 lin-reg tracks
[ HcalVetoProcessor ] 131  info: There are 4 / 4 HCal hits read out. 4 are not associated with the recoil ele. Total PE of 492
[ HcalVetoProcessor ] 131  info: HCAL veto passed? false
[ ElectronCounter ] 131  info: Found 1 electrons (tracks) using input collection TriggerPadTracksY_
[ trigger ] 131  info: Got trigger energy cut 3000 for 1 electrons counted in the event.
[ trigger ] 131  info: Got trigger energy sum 7110.12; and decision is pass = false
[ TrigScintDigiVerifier ] 131  info: There are 3 ts digis in this event
[ TrigScintDigiVerifier ] 131  info:  There are 35 sim hits in this event, adding up to a total energy of 18.5783
[ EcalClusterAnalyzer ] 131  info: Avg number of clusters per layer: 1
[ EcalClusterAnalyzer ] 131  info: Number of ECal CLUE clusters: 1, TS counted electrons: 1, SP electrons: 1
[ biasing::TargetENProcessFilter ] 134  info: Electronuclear reaction resulted in 8 particles via biasWrapper(electronNuclear) process.
[ TruthSeedProcessor ] 134  warn: Propagation to target surface failed — track may have exited the B-field map.
[ Tagger_TrackFinder ] 134  info: Number of TaggerRecoSeeds seed tracks = 1
[ Tagger_TrackFinder ] 134  info: Number of CKF tracks 1
[ Recoil_TrackFinder ] 134  info: Number of RecoilRecoSeeds seed tracks = 28
00:19:03    Propagator     WARNING   Field lookup was unsuccessful, this is very likely an error
00:19:03    Propagator     WARNING   Field lookup was unsuccessful, this is very likely an error
00:19:03    Propagator     WARNING   Field lookup was unsuccessful, this is very likely an error
[ Recoil_TrackFinder ] 134  info: Number of CKF tracks 19
[ TrackerVetoProcessor ] 134  info: Tagger requirements passed for 1 tracks
[ TrackerVetoProcessor ] 134  info: Recoil requirements passed for 10 tracks
[ TrackerVetoProcessor ] 134  info: Tracker veto failed
[ EcalClusterProducer ] 134  info: Using CLUE clustering algorithm
[ CLUE ] 134  info: Starting CLUE clustering with parameters:dc 5, rc 550, delta_c 10, delta_o 40, nbr_of_layers 1, reclustering false
[ EcalVetoProcessor ] 134  info:    Is this event is fiducial in ECAL? true
[ EcalVetoProcessor ] 134  info:  BDT was ran, score is 0.000632346
[ EcalVetoProcessor ] 134  info:  The pred > bdtCutVal = false
[ EcalMipTrackingProcessor ] 134  info: Finding linreg tracks from a total of 61 hits using a radius of 35 mm
[ EcalMipTrackingProcessor ] 134  info:  MIP tracking completed; found 8 straight tracks and 0 lin-reg tracks
[ HcalVetoProcessor ] 134  info: There are 10 / 10 HCal hits read out. 10 are not associated with the recoil ele. Total PE of 428
[ HcalVetoProcessor ] 134  info: HCAL veto passed? false
[ ElectronCounter ] 134  info: Found 1 electrons (tracks) using input collection TriggerPadTracksY_
[ trigger ] 134  info: Got trigger energy cut 3000 for 1 electrons counted in the event.
[ trigger ] 134  info: Got trigger energy sum 7100.62; and decision is pass = false
[ TrigScintDigiVerifier ] 134  info: There are 1 ts digis in this event
[ TrigScintDigiVerifier ] 134  info:  There are 64 sim hits in this event, adding up to a total energy of 86.23
[ EcalClusterAnalyzer ] 134  info: Avg number of clusters per layer: 1
[ EcalClusterAnalyzer ] 134  info: Number of ECal CLUE clusters: 1, TS counted electrons: 1, SP electrons: 1
[ biasing::TargetENProcessFilter ] 136  info: Electronuclear reaction resulted in 4 particles via biasWrapper(electronNuclear) process.
[ TruthSeedProcessor ] 136  warn: Propagation to target surface failed — track may have exited the B-field map.
[ Tagger_TrackFinder ] 136  info: Number of TaggerRecoSeeds seed tracks = 1
[ Tagger_TrackFinder ] 136  info: Number of CKF tracks 1
[ Recoil_TrackFinder ] 136  info: Number of RecoilRecoSeeds seed tracks = 5
[ Recoil_TrackFinder ] 136  info: Number of CKF tracks 2
[ TrackerVetoProcessor ] 136  info: Tagger requirements passed for 1 tracks
[ TrackerVetoProcessor ] 136  info: Recoil requirements passed for 2 tracks
[ TrackerVetoProcessor ] 136  info: Tracker veto failed
[ EcalClusterProducer ] 136  info: Using CLUE clustering algorithm
[ CLUE ] 136  info: Starting CLUE clustering with parameters:dc 5, rc 550, delta_c 10, delta_o 40, nbr_of_layers 1, reclustering false
[ EcalVetoProcessor ] 136  info:    Is this event is fiducial in ECAL? true
[ EcalVetoProcessor ] 136  info:  BDT was ran, score is 0.113262
[ EcalVetoProcessor ] 136  info:  The pred > bdtCutVal = false
[ EcalMipTrackingProcessor ] 136  info: Finding linreg tracks from a total of 48 hits using a radius of 35 mm
[ EcalMipTrackingProcessor ] 136  info:  MIP tracking completed; found 1 straight tracks and 0 lin-reg tracks
[ HcalVetoProcessor ] 136  info: There are 17 / 18 HCal hits read out. 17 are not associated with the recoil ele. Total PE of 536
[ HcalVetoProcessor ] 136  info: HCAL veto passed? false
[ ElectronCounter ] 136  info: Found 1 electrons (tracks) using input collection TriggerPadTracksY_
[ trigger ] 136  info: Got trigger energy cut 3000 for 1 electrons counted in the event.
[ trigger ] 136  info: Got trigger energy sum 6626.99; and decision is pass = false
[ TrigScintDigiVerifier ] 136  info: There are 1 ts digis in this event
[ TrigScintDigiVerifier ] 136  info:  There are 51 sim hits in this event, adding up to a total energy of 32.7346
[ EcalClusterAnalyzer ] 136  info: Avg number of clusters per layer: 1
[ EcalClusterAnalyzer ] 136  info: Number of ECal CLUE clusters: 1, TS counted electrons: 1, SP electrons: 1
[ biasing::TargetENProcessFilter ] 137  info: Electronuclear reaction resulted in 8 particles via biasWrapper(electronNuclear) process.
[ TruthSeedProcessor ] 137  warn: Propagation to target surface failed — track may have exited the B-field map.
[ Tagger_TrackFinder ] 137  info: Number of TaggerRecoSeeds seed tracks = 1
[ Tagger_TrackFinder ] 137  info: Number of CKF tracks 1
[ Recoil_TrackFinder ] 137  info: Number of RecoilRecoSeeds seed tracks = 1
[ Recoil_TrackFinder ] 137  info: Number of CKF tracks 1
[ TrackerVetoProcessor ] 137  info: Tagger requirements passed for 1 tracks
[ TrackerVetoProcessor ] 137  info: Recoil requirements passed for 1 tracks
[ TrackerVetoProcessor ] 137  info: Tracker veto passed, skim will keep the event
[ EcalClusterProducer ] 137  info: Using CLUE clustering algorithm
[ CLUE ] 137  info: Starting CLUE clustering with parameters:dc 5, rc 550, delta_c 10, delta_o 40, nbr_of_layers 1, reclustering false
[ EcalVetoProcessor ] 137  info:    Is this event is fiducial in ECAL? true
[ EcalVetoProcessor ] 137  info:  BDT was ran, score is 0.121459
[ EcalVetoProcessor ] 137  info:  The pred > bdtCutVal = false
[ EcalMipTrackingProcessor ] 137  info: Finding linreg tracks from a total of 47 hits using a radius of 35 mm
[ EcalMipTrackingProcessor ] 137  info:  MIP tracking completed; found 1 straight tracks and 0 lin-reg tracks
[ HcalVetoProcessor ] 137  info: There are 7 / 7 HCal hits read out. 7 are not associated with the recoil ele. Total PE of 35
[ HcalVetoProcessor ] 137  info: HCAL veto passed? false
[ ElectronCounter ] 137  info: Found 1 electrons (tracks) using input collection TriggerPadTracksY_
[ trigger ] 137  info: Got trigger energy cut 3000 for 1 electrons counted in the event.
[ trigger ] 137  info: Got trigger energy sum 7454.97; and decision is pass = false
[ TrigScintDigiVerifier ] 137  info: There are 4 ts digis in this event
[ TrigScintDigiVerifier ] 137  info:  There are 32 sim hits in this event, adding up to a total energy of 49.0903
[ EcalClusterAnalyzer ] 137  info: Avg number of clusters per layer: 1
[ EcalClusterAnalyzer ] 137  info: Number of ECal CLUE clusters: 1, TS counted electrons: 1, SP electrons: 1
[ biasing::TargetENProcessFilter ] 141  info: Electronuclear reaction resulted in 9 particles via biasWrapper(electronNuclear) process.
[ TruthSeedProcessor ] 141  warn: Propagation to target surface failed — track may have exited the B-field map.
[ Tagger_TrackFinder ] 141  info: Number of TaggerRecoSeeds seed tracks = 1
[ Tagger_TrackFinder ] 141  info: Number of CKF tracks 1
[ Recoil_TrackFinder ] 141  info: Number of RecoilRecoSeeds seed tracks = 2
[ Recoil_TrackFinder ] 141  info: Number of CKF tracks 2
[ TrackerVetoProcessor ] 141  info: Tagger requirements passed for 1 tracks
[ TrackerVetoProcessor ] 141  info: Recoil requirements passed for 1 tracks
[ TrackerVetoProcessor ] 141  info: Tracker veto passed, skim will keep the event
[ EcalClusterProducer ] 141  info: Using CLUE clustering algorithm
[ CLUE ] 141  info: Starting CLUE clustering with parameters:dc 5, rc 550, delta_c 10, delta_o 40, nbr_of_layers 1, reclustering false
[ EcalVetoProcessor ] 141  info:    Is this event is fiducial in ECAL? true
[ EcalVetoProcessor ] 141  info:  BDT was ran, score is 0.163043
[ EcalVetoProcessor ] 141  info:  The pred > bdtCutVal = false
[ EcalMipTrackingProcessor ] 141  info: Finding linreg tracks from a total of 47 hits using a radius of 35 mm
[ EcalMipTrackingProcessor ] 141  info:  MIP tracking completed; found 1 straight tracks and 0 lin-reg tracks
[ HcalVetoProcessor ] 141  info: There are 2 / 2 HCal hits read out. 2 are not associated with the recoil ele. Total PE of 13
[ HcalVetoProcessor ] 141  info: HCAL veto passed? true
[ ElectronCounter ] 141  info: Found 1 electrons (tracks) using input collection TriggerPadTracksY_
[ trigger ] 141  info: Got trigger energy cut 3000 for 1 electrons counted in the event.
[ trigger ] 141  info: Got trigger energy sum 6833.51; and decision is pass = false
[ TrigScintDigiVerifier ] 141  info: There are 1 ts digis in this event
[ TrigScintDigiVerifier ] 141  info:  There are 52 sim hits in this event, adding up to a total energy of 21.4246
[ EcalClusterAnalyzer ] 141  info: Avg number of clusters per layer: 1
[ EcalClusterAnalyzer ] 141  info: Number of ECal CLUE clusters: 1, TS counted electrons: 1, SP electrons: 1
[ biasing::TargetENProcessFilter ] 142  info: Electronuclear reaction resulted in 13 particles via biasWrapper(electronNuclear) process.
[ TruthSeedProcessor ] 142  warn: Propagation to target surface failed — track may have exited the B-field map.
[ Tagger_TrackFinder ] 142  info: Number of TaggerRecoSeeds seed tracks = 1
[ Tagger_TrackFinder ] 142  info: Number of CKF tracks 1
[ Recoil_TrackFinder ] 142  info: Number of RecoilRecoSeeds seed tracks = 67
[ Recoil_TrackFinder ] 142  warn: smoothTrack failed: Did not find a compatible track state
[ Recoil_TrackFinder ] 142  warn: smoothTrack failed: Did not find a compatible track state
[ Recoil_TrackFinder ] 142  warn: smoothTrack failed: Did not find a compatible track state
[ Recoil_TrackFinder ] 142  warn: smoothTrack failed: Did not find a compatible track state
[ Recoil_TrackFinder ] 142  warn: smoothTrack failed: Did not find a compatible track state
[ Recoil_TrackFinder ] 142  info: Number of CKF tracks 13
00:19:39    GSF            WARNING   Performed steps with errors: MagneticFieldError:1 | MagneticFieldError:1 | MagneticFieldError:1 | MagneticFieldError:1 | MagneticFieldError:1 | MagneticFieldError:1 | MagneticFieldError:1 | MagneticFieldError:1 | MagneticFieldError:1 | MagneticFieldError:1 | 1.6323 | 1.62904
00:19:39    GSF            WARNING   Performed steps with errors: MagneticFieldError:1 | 1.62116
00:19:39    GSF            WARNING   Performed steps with errors: MagneticFieldError:1
[ Recoil_GSF ] 142  info:   [GSF dbg] fit failed (first few): Stepping error occurred in all components
[ TrackerVetoProcessor ] 142  info: Tagger requirements passed for 1 tracks
[ TrackerVetoProcessor ] 142  info: Recoil requirements passed for 4 tracks
[ TrackerVetoProcessor ] 142  info: Tracker veto failed
[ EcalClusterProducer ] 142  info: Using CLUE clustering algorithm
[ CLUE ] 142  info: Starting CLUE clustering with parameters:dc 5, rc 550, delta_c 10, delta_o 40, nbr_of_layers 1, reclustering false
[ EcalVetoProcessor ] 142  info:    Is this event is fiducial in ECAL? true
[ EcalVetoProcessor ] 142  info:  BDT was ran, score is 0.00665438
[ EcalVetoProcessor ] 142  info:  The pred > bdtCutVal = false
[ EcalMipTrackingProcessor ] 142  info: Finding linreg tracks from a total of 41 hits using a radius of 35 mm
[ EcalMipTrackingProcessor ] 142  info:  MIP tracking completed; found 4 straight tracks and 0 lin-reg tracks
[ HcalVetoProcessor ] 142  info: There are 14 / 14 HCal hits read out. 14 are not associated with the recoil ele. Total PE of 412
[ HcalVetoProcessor ] 142  info: HCAL veto passed? false
[ ElectronCounter ] 142  info: Found 1 electrons (tracks) using input collection TriggerPadTracksY_
[ trigger ] 142  info: Got trigger energy cut 3000 for 1 electrons counted in the event.
[ trigger ] 142  info: Got trigger energy sum 5642.49; and decision is pass = false
[ TrigScintDigiVerifier ] 142  info: There are 1 ts digis in this event
[ TrigScintDigiVerifier ] 142  info:  There are 55 sim hits in this event, adding up to a total energy of 42.2597
[ EcalClusterAnalyzer ] 142  info: Avg number of clusters per layer: 1
[ EcalClusterAnalyzer ] 142  info: Number of ECal CLUE clusters: 1, TS counted electrons: 1, SP electrons: 1
[ biasing::TargetENProcessFilter ] 143  info: Electronuclear reaction resulted in 18 particles via biasWrapper(electronNuclear) process.
[ TruthSeedProcessor ] 143  warn: Propagation to target surface failed — track may have exited the B-field map.
[ Tagger_TrackFinder ] 143  info: Number of TaggerRecoSeeds seed tracks = 1
[ Tagger_TrackFinder ] 143  info: Number of CKF tracks 1
[ Recoil_TrackFinder ] 143  info: Number of RecoilRecoSeeds seed tracks = 81
00:19:43    Propagator     WARNING   Field lookup was unsuccessful, this is very likely an error
[ Recoil_TrackFinder ] 143  warn: smoothTrack failed: Did not find a compatible track state
[ Recoil_TrackFinder ] 143  warn: smoothTrack failed: Did not find a compatible track state
00:19:43    Propagator     WARNING   Field lookup was unsuccessful, this is very likely an error
00:19:43    Propagator     WARNING   Field lookup was unsuccessful, this is very likely an error
00:19:43    Propagator     WARNING   Field lookup was unsuccessful, this is very likely an error
00:19:43    Propagator     WARNING   Field lookup was unsuccessful, this is very likely an error
[ Recoil_TrackFinder ] 143  info: Number of CKF tracks 33
[ TrackerVetoProcessor ] 143  info: Tagger requirements passed for 1 tracks
[ TrackerVetoProcessor ] 143  info: Recoil requirements passed for 4 tracks
[ TrackerVetoProcessor ] 143  info: Tracker veto failed
[ EcalClusterProducer ] 143  info: Using CLUE clustering algorithm
[ CLUE ] 143  info: Starting CLUE clustering with parameters:dc 5, rc 550, delta_c 10, delta_o 40, nbr_of_layers 1, reclustering false
[ EcalVetoProcessor ] 143  info:    Is this event is fiducial in ECAL? true
[ EcalVetoProcessor ] 143  info:  BDT was ran, score is 0.00152403
[ EcalVetoProcessor ] 143  info:  The pred > bdtCutVal = false
[ EcalMipTrackingProcessor ] 143  info: Finding linreg tracks from a total of 54 hits using a radius of 35 mm
[ EcalMipTrackingProcessor ] 143  info:  MIP tracking completed; found 9 straight tracks and 0 lin-reg tracks
[ HcalVetoProcessor ] 143  info: There are 1 / 1 HCal hits read out. 1 are not associated with the recoil ele. Total PE of 1
[ HcalVetoProcessor ] 143  info: HCAL veto passed? true
[ ElectronCounter ] 143  info: Found 1 electrons (tracks) using input collection TriggerPadTracksY_
[ trigger ] 143  info: Got trigger energy cut 3000 for 1 electrons counted in the event.
[ trigger ] 143  info: Got trigger energy sum 7531.02; and decision is pass = false
[ TrigScintDigiVerifier ] 143  info: There are 2 ts digis in this event
[ TrigScintDigiVerifier ] 143  info:  There are 107 sim hits in this event, adding up to a total energy of 187.925
[ EcalClusterAnalyzer ] 143  info: Avg number of clusters per layer: 1
[ EcalClusterAnalyzer ] 143  info: Number of ECal CLUE clusters: 1, TS counted electrons: 1, SP electrons: 1
[ biasing::TargetENProcessFilter ] 144  info: Electronuclear reaction resulted in 8 particles via biasWrapper(electronNuclear) process.
[ TruthSeedProcessor ] 144  warn: Propagation to target surface failed — track may have exited the B-field map.
[ Tagger_TrackFinder ] 144  info: Number of TaggerRecoSeeds seed tracks = 1
[ Tagger_TrackFinder ] 144  info: Number of CKF tracks 1
[ Recoil_TrackFinder ] 144  info: Number of RecoilRecoSeeds seed tracks = 23
00:19:44    Propagator     WARNING   Field lookup was unsuccessful, this is very likely an error
[ Recoil_TrackFinder ] 144  warn: smoothTrack failed: Did not find a compatible track state
[ Recoil_TrackFinder ] 144  warn: smoothTrack failed: Did not find a compatible track state
[ Recoil_TrackFinder ] 144  info: Number of CKF tracks 8
[ TrackerVetoProcessor ] 144  info: Tagger requirements passed for 1 tracks
[ TrackerVetoProcessor ] 144  info: Recoil requirements passed for 3 tracks
[ TrackerVetoProcessor ] 144  info: Tracker veto failed
[ EcalClusterProducer ] 144  info: Using CLUE clustering algorithm
[ CLUE ] 144  info: Starting CLUE clustering with parameters:dc 5, rc 550, delta_c 10, delta_o 40, nbr_of_layers 1, reclustering false
[ EcalVetoProcessor ] 144  info:    Is this event is fiducial in ECAL? true
[ EcalVetoProcessor ] 144  info:  BDT was ran, score is 5.50747e-05
[ EcalVetoProcessor ] 144  info:  The pred > bdtCutVal = false
[ EcalMipTrackingProcessor ] 144  info: Finding linreg tracks from a total of 44 hits using a radius of 35 mm
[ EcalMipTrackingProcessor ] 144  info:  MIP tracking completed; found 13 straight tracks and 0 lin-reg tracks
[ HcalVetoProcessor ] 144  info: There are 76 / 79 HCal hits read out. 76 are not associated with the recoil ele. Total PE of 5192
[ HcalVetoProcessor ] 144  info: HCAL veto passed? false
[ ElectronCounter ] 144  info: Found 1 electrons (tracks) using input collection TriggerPadTracksY_
[ trigger ] 144  info: Got trigger energy cut 3000 for 1 electrons counted in the event.
[ trigger ] 144  info: Got trigger energy sum 2270.04; and decision is pass = true
[ TrigScintDigiVerifier ] 144  info: There are 3 ts digis in this event
[ TrigScintDigiVerifier ] 144  info:  There are 146 sim hits in this event, adding up to a total energy of 104.682
[ EcalClusterAnalyzer ] 144  info: Avg number of clusters per layer: 0
[ EcalClusterAnalyzer ] 144  info: Number of ECal CLUE clusters: 0, TS counted electrons: 1, SP electrons: 1
[ biasing::TargetENProcessFilter ] 145  info: Electronuclear reaction resulted in 6 particles via biasWrapper(electronNuclear) process.
[ TruthSeedProcessor ] 145  warn: Propagation to target surface failed — track may have exited the B-field map.
[ Tagger_TrackFinder ] 145  info: Number of TaggerRecoSeeds seed tracks = 1
[ Tagger_TrackFinder ] 145  info: Number of CKF tracks 1
[ Recoil_TrackFinder ] 145  info: Number of RecoilRecoSeeds seed tracks = 1
[ Recoil_TrackFinder ] 145  info: Number of CKF tracks 1
[ TrackerVetoProcessor ] 145  info: Tagger requirements passed for 1 tracks
[ TrackerVetoProcessor ] 145  info: Recoil requirements passed for 1 tracks
[ TrackerVetoProcessor ] 145  info: Tracker veto passed, skim will keep the event
[ EcalClusterProducer ] 145  info: Using CLUE clustering algorithm
[ CLUE ] 145  info: Starting CLUE clustering with parameters:dc 5, rc 550, delta_c 10, delta_o 40, nbr_of_layers 1, reclustering false
[ EcalVetoProcessor ] 145  info:    Is this event is fiducial in ECAL? true
[ EcalVetoProcessor ] 145  info:  BDT was ran, score is 0.286816
[ EcalVetoProcessor ] 145  info:  The pred > bdtCutVal = false
[ EcalMipTrackingProcessor ] 145  info: Finding linreg tracks from a total of 42 hits using a radius of 35 mm
[ EcalMipTrackingProcessor ] 145  info:  MIP tracking completed; found 2 straight tracks and 0 lin-reg tracks
[ HcalVetoProcessor ] 145  info: There are 1 / 1 HCal hits read out. 1 are not associated with the recoil ele. Total PE of 1
[ HcalVetoProcessor ] 145  info: HCAL veto passed? true
[ ElectronCounter ] 145  info: Found 1 electrons (tracks) using input collection TriggerPadTracksY_
[ trigger ] 145  info: Got trigger energy cut 3000 for 1 electrons counted in the event.
[ trigger ] 145  info: Got trigger energy sum 7312.17; and decision is pass = false
[ TrigScintDigiVerifier ] 145  info: There are 3 ts digis in this event
[ TrigScintDigiVerifier ] 145  info:  There are 14 sim hits in this event, adding up to a total energy of 3.36636
[ EcalClusterAnalyzer ] 145  info: Avg number of clusters per layer: 1
[ EcalClusterAnalyzer ] 145  info: Number of ECal CLUE clusters: 1, TS counted electrons: 1, SP electrons: 1
[ biasing::TargetENProcessFilter ] 149  info: Electronuclear reaction resulted in 8 particles via biasWrapper(electronNuclear) process.
[ TruthSeedProcessor ] 149  warn: Propagation to target surface failed — track may have exited the B-field map.
[ Tagger_TrackFinder ] 149  info: Number of TaggerRecoSeeds seed tracks = 1
[ Tagger_TrackFinder ] 149  info: Number of CKF tracks 1
[ Recoil_TrackFinder ] 149  info: Number of RecoilRecoSeeds seed tracks = 10
00:20:06    Propagator     WARNING   Field lookup was unsuccessful, this is very likely an error
[ Recoil_TrackFinder ] 149  info: Number of CKF tracks 7
[ TrackerVetoProcessor ] 149  info: Tagger requirements passed for 1 tracks
[ TrackerVetoProcessor ] 149  info: Recoil requirements passed for 5 tracks
[ TrackerVetoProcessor ] 149  info: Tracker veto failed
[ EcalClusterProducer ] 149  info: Using CLUE clustering algorithm
[ CLUE ] 149  info: Starting CLUE clustering with parameters:dc 5, rc 550, delta_c 10, delta_o 40, nbr_of_layers 1, reclustering false
[ EcalVetoProcessor ] 149  info:    Is this event is fiducial in ECAL? true
[ EcalVetoProcessor ] 149  info:  BDT was ran, score is 0.00126964
[ EcalVetoProcessor ] 149  info:  The pred > bdtCutVal = false
[ EcalMipTrackingProcessor ] 149  info: Finding linreg tracks from a total of 53 hits using a radius of 35 mm
[ EcalMipTrackingProcessor ] 149  info:  MIP tracking completed; found 4 straight tracks and 0 lin-reg tracks
[ HcalVetoProcessor ] 149  info: There are 7 / 7 HCal hits read out. 7 are not associated with the recoil ele. Total PE of 214
[ HcalVetoProcessor ] 149  info: HCAL veto passed? false
[ ElectronCounter ] 149  info: Found 1 electrons (tracks) using input collection TriggerPadTracksY_
[ trigger ] 149  info: Got trigger energy cut 3000 for 1 electrons counted in the event.
[ trigger ] 149  info: Got trigger energy sum 7138.98; and decision is pass = false
[ TrigScintDigiVerifier ] 149  info: There are 1 ts digis in this event
[ TrigScintDigiVerifier ] 149  info:  There are 119 sim hits in this event, adding up to a total energy of 60.2362
[ EcalClusterAnalyzer ] 149  info: Avg number of clusters per layer: 1
[ EcalClusterAnalyzer ] 149  info: Number of ECal CLUE clusters: 1, TS counted electrons: 1, SP electrons: 1
[ biasing::TargetENProcessFilter ] 151  info: Electronuclear reaction resulted in 8 particles via biasWrapper(electronNuclear) process.
[ TruthSeedProcessor ] 151  warn: Propagation to target surface failed — track may have exited the B-field map.
[ Tagger_TrackFinder ] 151  info: Number of TaggerRecoSeeds seed tracks = 1
[ Tagger_TrackFinder ] 151  info: Number of CKF tracks 1
[ Recoil_TrackFinder ] 151  info: Number of RecoilRecoSeeds seed tracks = 18
[ Recoil_TrackFinder ] 151  warn: smoothTrack failed: Did not find a compatible track state
[ Recoil_TrackFinder ] 151  info: Number of CKF tracks 7
[ TrackerVetoProcessor ] 151  info: Tagger requirements passed for 1 tracks
[ TrackerVetoProcessor ] 151  info: Recoil requirements passed for 3 tracks
[ TrackerVetoProcessor ] 151  info: Tracker veto failed
[ EcalClusterProducer ] 151  info: Using CLUE clustering algorithm
[ CLUE ] 151  info: Starting CLUE clustering with parameters:dc 5, rc 550, delta_c 10, delta_o 40, nbr_of_layers 1, reclustering false
[ EcalVetoProcessor ] 151  info:    Is this event is fiducial in ECAL? true
[ EcalVetoProcessor ] 151  info:  BDT was ran, score is 0.0211375
[ EcalVetoProcessor ] 151  info:  The pred > bdtCutVal = false
[ EcalMipTrackingProcessor ] 151  info: Finding linreg tracks from a total of 44 hits using a radius of 35 mm
[ EcalMipTrackingProcessor ] 151  info:  MIP tracking completed; found 3 straight tracks and 0 lin-reg tracks
[ HcalVetoProcessor ] 151  info: There are 17 / 17 HCal hits read out. 17 are not associated with the recoil ele. Total PE of 368
[ HcalVetoProcessor ] 151  info: HCAL veto passed? false
[ ElectronCounter ] 151  info: Found 1 electrons (tracks) using input collection TriggerPadTracksY_
[ trigger ] 151  info: Got trigger energy cut 3000 for 1 electrons counted in the event.
[ trigger ] 151  info: Got trigger energy sum 5764.13; and decision is pass = false
[ TrigScintDigiVerifier ] 151  info: There are 2 ts digis in this event
[ TrigScintDigiVerifier ] 151  info:  There are 49 sim hits in this event, adding up to a total energy of 55.458
[ EcalClusterAnalyzer ] 151  info: Avg number of clusters per layer: 0
[ EcalClusterAnalyzer ] 151  info: Number of ECal CLUE clusters: 0, TS counted electrons: 1, SP electrons: 1
[ biasing::TargetENProcessFilter ] 152  info: Electronuclear reaction resulted in 11 particles via biasWrapper(electronNuclear) process.
[ TruthSeedProcessor ] 152  warn: Propagation to target surface failed — track may have exited the B-field map.
[ Tagger_TrackFinder ] 152  info: Number of TaggerRecoSeeds seed tracks = 1
[ Tagger_TrackFinder ] 152  info: Number of CKF tracks 1
[ Recoil_TrackFinder ] 152  info: Number of RecoilRecoSeeds seed tracks = 7
[ Recoil_TrackFinder ] 152  info: Number of CKF tracks 2
[ TrackerVetoProcessor ] 152  info: Tagger requirements passed for 1 tracks
[ TrackerVetoProcessor ] 152  info: Recoil requirements passed for 2 tracks
[ TrackerVetoProcessor ] 152  info: Tracker veto failed
[ EcalClusterProducer ] 152  info: Using CLUE clustering algorithm
[ CLUE ] 152  info: Starting CLUE clustering with parameters:dc 5, rc 550, delta_c 10, delta_o 40, nbr_of_layers 1, reclustering false
[ EcalVetoProcessor ] 152  info:    Is this event is fiducial in ECAL? true
[ EcalVetoProcessor ] 152  info:  BDT was ran, score is 0.803892
[ EcalVetoProcessor ] 152  info:  The pred > bdtCutVal = false
[ EcalMipTrackingProcessor ] 152  info: Finding linreg tracks from a total of 36 hits using a radius of 35 mm
[ EcalMipTrackingProcessor ] 152  info:  MIP tracking completed; found 0 straight tracks and 0 lin-reg tracks
[ HcalVetoProcessor ] 152  info: There are 6 / 6 HCal hits read out. 6 are not associated with the recoil ele. Total PE of 139
[ HcalVetoProcessor ] 152  info: HCAL veto passed? false
[ ElectronCounter ] 152  info: Found 1 electrons (tracks) using input collection TriggerPadTracksY_
[ trigger ] 152  info: Got trigger energy cut 3000 for 1 electrons counted in the event.
[ trigger ] 152  info: Got trigger energy sum 7944.81; and decision is pass = false
[ TrigScintDigiVerifier ] 152  info: There are 1 ts digis in this event
[ TrigScintDigiVerifier ] 152  info:  There are 115 sim hits in this event, adding up to a total energy of 72.2921
[ EcalClusterAnalyzer ] 152  info: Avg number of clusters per layer: 1
[ EcalClusterAnalyzer ] 152  info: Number of ECal CLUE clusters: 1, TS counted electrons: 1, SP electrons: 1
[ TruthSeedProcessor ] 153  warn: Propagation to target surface failed — track may have exited the B-field map.
[ Tagger_TrackFinder ] 153  info: Number of TaggerRecoSeeds seed tracks = 1
[ Tagger_TrackFinder ] 153  info: Number of CKF tracks 1
[ Recoil_TrackFinder ] 153  info: Number of RecoilRecoSeeds seed tracks = 0
[ Recoil_TrackFinder ] 153  warn: No seed tracks, returning...
[ TrackerVetoProcessor ] 153  info: Tagger requirements passed for 0 tracks
[ TrackerVetoProcessor ] 153  info: Recoil requirements passed for 0 tracks
[ TrackerVetoProcessor ] 153  info: Tracker veto failed
[ EcalClusterProducer ] 153  info: Using CLUE clustering algorithm
[ CLUE ] 153  info: Starting CLUE clustering with parameters:dc 5, rc 550, delta_c 10, delta_o 40, nbr_of_layers 1, reclustering false
[ EcalVetoProcessor ] 153  info:    Is this event is fiducial in ECAL? false
[ EcalVetoProcessor ] 153  info:  BDT was ran, score is 0.27378
[ EcalVetoProcessor ] 153  info:  The pred > bdtCutVal = false
[ EcalMipTrackingProcessor ] 153  info: Finding linreg tracks from a total of 47 hits using a radius of 35 mm
[ EcalMipTrackingProcessor ] 153  info:  MIP tracking completed; found 15 straight tracks and 0 lin-reg tracks
[ EcalPnetVetoProcessor ] 153  info:   No recoil track at ECAL
[ HcalVetoProcessor ] 153  info: There are 0 / 0 HCal hits read out. 0 are not associated with the recoil ele. Total PE of 0
[ HcalVetoProcessor ] 153  info: HCAL veto passed? true
[ ElectronCounter ] 153  info: Found 0 electrons (tracks) using input collection TriggerPadTracksY_
[ trigger ] 153  info: Got trigger energy cut 0 for 0 electrons counted in the event.
[ trigger ] 153  info: Got trigger energy sum 8848.36; and decision is pass = false
[ TrigScintDigiVerifier ] 153  info: There are 3 ts digis in this event
[ ElectroNuclearDQM ] 153  warn: No EN daughters found, skipping kinematics
[ EcalClusterAnalyzer ] 153  info: Avg number of clusters per layer: 1
[ EcalClusterAnalyzer ] 153  info: Number of ECal CLUE clusters: 1, TS counted electrons: 0, SP electrons: 0
[ biasing::TargetENProcessFilter ] 159  info: Electronuclear reaction resulted in 10 particles via biasWrapper(electronNuclear) process.
[ TruthSeedProcessor ] 159  warn: Propagation to target surface failed — track may have exited the B-field map.
[ Tagger_TrackFinder ] 159  info: Number of TaggerRecoSeeds seed tracks = 1
[ Tagger_TrackFinder ] 159  info: Number of CKF tracks 1
[ Recoil_TrackFinder ] 159  info: Number of RecoilRecoSeeds seed tracks = 29
[ Recoil_TrackFinder ] 159  info: Number of CKF tracks 8
[ TrackerVetoProcessor ] 159  info: Tagger requirements passed for 1 tracks
[ TrackerVetoProcessor ] 159  info: Recoil requirements passed for 2 tracks
[ TrackerVetoProcessor ] 159  info: Tracker veto failed
[ EcalClusterProducer ] 159  info: Using CLUE clustering algorithm
[ CLUE ] 159  info: Starting CLUE clustering with parameters:dc 5, rc 550, delta_c 10, delta_o 40, nbr_of_layers 1, reclustering false
[ EcalVetoProcessor ] 159  info:    Is this event is fiducial in ECAL? true
[ EcalVetoProcessor ] 159  info:  BDT was ran, score is 0.0112211
[ EcalVetoProcessor ] 159  info:  The pred > bdtCutVal = false
[ EcalMipTrackingProcessor ] 159  info: Finding linreg tracks from a total of 48 hits using a radius of 35 mm
[ EcalMipTrackingProcessor ] 159  info:  MIP tracking completed; found 1 straight tracks and 0 lin-reg tracks
[ HcalVetoProcessor ] 159  info: There are 22 / 22 HCal hits read out. 22 are not associated with the recoil ele. Total PE of 427
[ HcalVetoProcessor ] 159  info: HCAL veto passed? false
[ ElectronCounter ] 159  info: Found 0 electrons (tracks) using input collection TriggerPadTracksY_
[ trigger ] 159  info: Got trigger energy cut 0 for 0 electrons counted in the event.
[ trigger ] 159  info: Got trigger energy sum 5995.04; and decision is pass = false
[ TrigScintDigiVerifier ] 159  info: There are 1 ts digis in this event
[ TrigScintDigiVerifier ] 159  info:  There are 64 sim hits in this event, adding up to a total energy of 49.4838
[ EcalClusterAnalyzer ] 159  info: Avg number of clusters per layer: 1
[ EcalClusterAnalyzer ] 159  info: Number of ECal CLUE clusters: 1, TS counted electrons: 0, SP electrons: 0
[ biasing::TargetENProcessFilter ] 163  info: Electronuclear reaction resulted in 12 particles via biasWrapper(electronNuclear) process.
[ TruthSeedProcessor ] 163  warn: Propagation to target surface failed — track may have exited the B-field map.
[ Tagger_TrackFinder ] 163  info: Number of TaggerRecoSeeds seed tracks = 1
[ Tagger_TrackFinder ] 163  info: Number of CKF tracks 1
[ Recoil_TrackFinder ] 163  info: Number of RecoilRecoSeeds seed tracks = 3
[ Recoil_TrackFinder ] 163  info: Number of CKF tracks 2
[ TrackerVetoProcessor ] 163  info: Tagger requirements passed for 1 tracks
[ TrackerVetoProcessor ] 163  info: Recoil requirements passed for 1 tracks
[ TrackerVetoProcessor ] 163  info: Tracker veto passed, skim will keep the event
[ EcalClusterProducer ] 163  info: Using CLUE clustering algorithm
[ CLUE ] 163  info: Starting CLUE clustering with parameters:dc 5, rc 550, delta_c 10, delta_o 40, nbr_of_layers 1, reclustering false
[ EcalVetoProcessor ] 163  info:    Is this event is fiducial in ECAL? true
[ EcalVetoProcessor ] 163  info:  BDT was ran, score is 0.0911285
[ EcalVetoProcessor ] 163  info:  The pred > bdtCutVal = false
[ EcalMipTrackingProcessor ] 163  info: Finding linreg tracks from a total of 41 hits using a radius of 35 mm
[ EcalMipTrackingProcessor ] 163  info:  MIP tracking completed; found 1 straight tracks and 0 lin-reg tracks
[ HcalVetoProcessor ] 163  info: There are 16 / 16 HCal hits read out. 16 are not associated with the recoil ele. Total PE of 477
[ HcalVetoProcessor ] 163  info: HCAL veto passed? false
[ ElectronCounter ] 163  info: Found 1 electrons (tracks) using input collection TriggerPadTracksY_
[ trigger ] 163  info: Got trigger energy cut 3000 for 1 electrons counted in the event.
[ trigger ] 163  info: Got trigger energy sum 5196.29; and decision is pass = false
[ TrigScintDigiVerifier ] 163  info: There are 4 ts digis in this event
[ TrigScintDigiVerifier ] 163  info:  There are 109 sim hits in this event, adding up to a total energy of 145.959
[ EcalClusterAnalyzer ] 163  info: Avg number of clusters per layer: 1
[ EcalClusterAnalyzer ] 163  info: Number of ECal CLUE clusters: 1, TS counted electrons: 1, SP electrons: 1
[ biasing::TargetENProcessFilter ] 165  info: Electronuclear reaction resulted in 8 particles via biasWrapper(electronNuclear) process.
[ TruthSeedProcessor ] 165  warn: Propagation to target surface failed — track may have exited the B-field map.
[ Tagger_TrackFinder ] 165  info: Number of TaggerRecoSeeds seed tracks = 1
[ Tagger_TrackFinder ] 165  info: Number of CKF tracks 1
[ Recoil_TrackFinder ] 165  info: Number of RecoilRecoSeeds seed tracks = 10
[ Recoil_TrackFinder ] 165  info: Number of CKF tracks 5
[ TrackerVetoProcessor ] 165  info: Tagger requirements passed for 1 tracks
[ TrackerVetoProcessor ] 165  info: Recoil requirements passed for 2 tracks
[ TrackerVetoProcessor ] 165  info: Tracker veto failed
[ EcalClusterProducer ] 165  info: Using CLUE clustering algorithm
[ CLUE ] 165  info: Starting CLUE clustering with parameters:dc 5, rc 550, delta_c 10, delta_o 40, nbr_of_layers 1, reclustering false
[ EcalVetoProcessor ] 165  info:    Is this event is fiducial in ECAL? true
[ EcalVetoProcessor ] 165  info:  BDT was ran, score is 0.296008
[ EcalVetoProcessor ] 165  info:  The pred > bdtCutVal = false
[ EcalMipTrackingProcessor ] 165  info: Finding linreg tracks from a total of 37 hits using a radius of 35 mm
[ EcalMipTrackingProcessor ] 165  info:  MIP tracking completed; found 2 straight tracks and 0 lin-reg tracks
[ HcalVetoProcessor ] 165  info: There are 14 / 14 HCal hits read out. 14 are not associated with the recoil ele. Total PE of 294
[ HcalVetoProcessor ] 165  info: HCAL veto passed? false
[ ElectronCounter ] 165  info: Found 1 electrons (tracks) using input collection TriggerPadTracksY_
[ trigger ] 165  info: Got trigger energy cut 3000 for 1 electrons counted in the event.
[ trigger ] 165  info: Got trigger energy sum 6152.29; and decision is pass = false
[ TrigScintDigiVerifier ] 165  info: There are 2 ts digis in this event
[ TrigScintDigiVerifier ] 165  info:  There are 79 sim hits in this event, adding up to a total energy of 92.3518
[ EcalClusterAnalyzer ] 165  info: Avg number of clusters per layer: 1
[ EcalClusterAnalyzer ] 165  info: Number of ECal CLUE clusters: 1, TS counted electrons: 1, SP electrons: 1
[ biasing::TargetENProcessFilter ] 166  info: Electronuclear reaction resulted in 7 particles via biasWrapper(electronNuclear) process.
[ TruthSeedProcessor ] 166  warn: Propagation to target surface failed — track may have exited the B-field map.
[ Tagger_TrackFinder ] 166  info: Number of TaggerRecoSeeds seed tracks = 1
[ Tagger_TrackFinder ] 166  info: Number of CKF tracks 1
[ Recoil_TrackFinder ] 166  info: Number of RecoilRecoSeeds seed tracks = 3
[ Recoil_TrackFinder ] 166  info: Number of CKF tracks 1
[ TrackerVetoProcessor ] 166  info: Tagger requirements passed for 1 tracks
[ TrackerVetoProcessor ] 166  info: Recoil requirements passed for 1 tracks
[ TrackerVetoProcessor ] 166  info: Tracker veto passed, skim will keep the event
[ EcalClusterProducer ] 166  info: Using CLUE clustering algorithm
[ CLUE ] 166  info: Starting CLUE clustering with parameters:dc 5, rc 550, delta_c 10, delta_o 40, nbr_of_layers 1, reclustering false
[ EcalVetoProcessor ] 166  info:    Is this event is fiducial in ECAL? true
[ EcalVetoProcessor ] 166  info:  BDT was ran, score is 0.639395
[ EcalVetoProcessor ] 166  info:  The pred > bdtCutVal = false
[ EcalMipTrackingProcessor ] 166  info: Finding linreg tracks from a total of 33 hits using a radius of 35 mm
[ EcalMipTrackingProcessor ] 166  info:  MIP tracking completed; found 0 straight tracks and 0 lin-reg tracks
[ HcalVetoProcessor ] 166  info: There are 18 / 18 HCal hits read out. 18 are not associated with the recoil ele. Total PE of 520
[ HcalVetoProcessor ] 166  info: HCAL veto passed? false
[ ElectronCounter ] 166  info: Found 1 electrons (tracks) using input collection TriggerPadTracksY_
[ trigger ] 166  info: Got trigger energy cut 3000 for 1 electrons counted in the event.
[ trigger ] 166  info: Got trigger energy sum 6219.39; and decision is pass = false
[ TrigScintDigiVerifier ] 166  info: There are 1 ts digis in this event
[ TrigScintDigiVerifier ] 166  info:  There are 99 sim hits in this event, adding up to a total energy of 67.8277
[ EcalClusterAnalyzer ] 166  info: Avg number of clusters per layer: 1
[ EcalClusterAnalyzer ] 166  info: Number of ECal CLUE clusters: 1, TS counted electrons: 1, SP electrons: 1
[ biasing::TargetENProcessFilter ] 169  info: Electronuclear reaction resulted in 10 particles via biasWrapper(electronNuclear) process.
[ TruthSeedProcessor ] 169  warn: Propagation to target surface failed — track may have exited the B-field map.
[ Tagger_TrackFinder ] 169  info: Number of TaggerRecoSeeds seed tracks = 1
[ Tagger_TrackFinder ] 169  info: Number of CKF tracks 1
[ Recoil_TrackFinder ] 169  info: Number of RecoilRecoSeeds seed tracks = 5
[ Recoil_TrackFinder ] 169  info: Number of CKF tracks 1
[ TrackerVetoProcessor ] 169  info: Tagger requirements passed for 1 tracks
[ TrackerVetoProcessor ] 169  info: Recoil requirements passed for 1 tracks
[ TrackerVetoProcessor ] 169  info: Tracker veto passed, skim will keep the event
[ EcalClusterProducer ] 169  info: Using CLUE clustering algorithm
[ CLUE ] 169  info: Starting CLUE clustering with parameters:dc 5, rc 550, delta_c 10, delta_o 40, nbr_of_layers 1, reclustering false
[ EcalVetoProcessor ] 169  info:    Is this event is fiducial in ECAL? true
[ EcalVetoProcessor ] 169  info:  BDT was ran, score is 0.944388
[ EcalVetoProcessor ] 169  info:  The pred > bdtCutVal = false
[ EcalMipTrackingProcessor ] 169  info: Finding linreg tracks from a total of 30 hits using a radius of 35 mm
[ EcalMipTrackingProcessor ] 169  info:  MIP tracking completed; found 1 straight tracks and 0 lin-reg tracks
[ HcalVetoProcessor ] 169  info: There are 0 / 0 HCal hits read out. 0 are not associated with the recoil ele. Total PE of 0
[ HcalVetoProcessor ] 169  info: HCAL veto passed? true
[ ElectronCounter ] 169  info: Found 1 electrons (tracks) using input collection TriggerPadTracksY_
[ trigger ] 169  info: Got trigger energy cut 3000 for 1 electrons counted in the event.
[ trigger ] 169  info: Got trigger energy sum 8068.95; and decision is pass = false
[ TrigScintDigiVerifier ] 169  info: There are 2 ts digis in this event
[ TrigScintDigiVerifier ] 169  info:  There are 60 sim hits in this event, adding up to a total energy of 80.6288
[ EcalClusterAnalyzer ] 169  info: Avg number of clusters per layer: 1
[ EcalClusterAnalyzer ] 169  info: Number of ECal CLUE clusters: 1, TS counted electrons: 1, SP electrons: 1
[ biasing::TargetENProcessFilter ] 176  info: Electronuclear reaction resulted in 13 particles via biasWrapper(electronNuclear) process.
[ TruthSeedProcessor ] 176  warn: Propagation to target surface failed — track may have exited the B-field map.
[ Tagger_TrackFinder ] 176  info: Number of TaggerRecoSeeds seed tracks = 1
[ Tagger_TrackFinder ] 176  info: Number of CKF tracks 1
[ Recoil_TrackFinder ] 176  info: Number of RecoilRecoSeeds seed tracks = 2
[ Recoil_TrackFinder ] 176  info: Number of CKF tracks 2
[ TrackerVetoProcessor ] 176  info: Tagger requirements passed for 1 tracks
[ TrackerVetoProcessor ] 176  info: Recoil requirements passed for 2 tracks
[ TrackerVetoProcessor ] 176  info: Tracker veto failed
[ EcalClusterProducer ] 176  info: Using CLUE clustering algorithm
[ CLUE ] 176  info: Starting CLUE clustering with parameters:dc 5, rc 550, delta_c 10, delta_o 40, nbr_of_layers 1, reclustering false
[ EcalVetoProcessor ] 176  info:    Is this event is fiducial in ECAL? true
[ EcalVetoProcessor ] 176  info:  BDT was ran, score is 0.626974
[ EcalVetoProcessor ] 176  info:  The pred > bdtCutVal = false
[ EcalMipTrackingProcessor ] 176  info: Finding linreg tracks from a total of 43 hits using a radius of 35 mm
[ EcalMipTrackingProcessor ] 176  info:  MIP tracking completed; found 0 straight tracks and 0 lin-reg tracks
[ HcalVetoProcessor ] 176  info: There are 23 / 23 HCal hits read out. 23 are not associated with the recoil ele. Total PE of 871
[ HcalVetoProcessor ] 176  info: HCAL veto passed? false
[ ElectronCounter ] 176  info: Found 1 electrons (tracks) using input collection TriggerPadTracksY_
[ trigger ] 176  info: Got trigger energy cut 3000 for 1 electrons counted in the event.
[ trigger ] 176  info: Got trigger energy sum 5679.02; and decision is pass = false
[ TrigScintDigiVerifier ] 176  info: There are 2 ts digis in this event
[ TrigScintDigiVerifier ] 176  info:  There are 60 sim hits in this event, adding up to a total energy of 63.6258
[ EcalClusterAnalyzer ] 176  info: Avg number of clusters per layer: 1
[ EcalClusterAnalyzer ] 176  info: Number of ECal CLUE clusters: 1, TS counted electrons: 1, SP electrons: 1
[ biasing::TargetENProcessFilter ] 177  info: Electronuclear reaction resulted in 19 particles via biasWrapper(electronNuclear) process.
[ TruthSeedProcessor ] 177  warn: Propagation to target surface failed — track may have exited the B-field map.
[ Tagger_TrackFinder ] 177  info: Number of TaggerRecoSeeds seed tracks = 1
[ Tagger_TrackFinder ] 177  info: Number of CKF tracks 1
[ Recoil_TrackFinder ] 177  info: Number of RecoilRecoSeeds seed tracks = 105
[ Recoil_TrackFinder ] 177  warn: smoothTrack failed: Did not find a compatible track state
00:22:25    Propagator     WARNING   Field lookup was unsuccessful, this is very likely an error
[ Recoil_TrackFinder ] 177  warn: smoothTrack failed: Did not find a compatible track state
[ Recoil_TrackFinder ] 177  warn: smoothTrack failed: Did not find a compatible track state
[ Recoil_TrackFinder ] 177  warn: smoothTrack failed: Did not find a compatible track state
[ Recoil_TrackFinder ] 177  warn: smoothTrack failed: Did not find a compatible track state
[ Recoil_TrackFinder ] 177  warn: smoothTrack failed: Did not find a compatible track state
00:22:25    Propagator     WARNING   Field lookup was unsuccessful, this is very likely an error
[ Recoil_TrackFinder ] 177  warn: smoothTrack failed: Did not find a compatible track state
[ Recoil_TrackFinder ] 177  warn: smoothTrack failed: Did not find a compatible track state
[ Recoil_TrackFinder ] 177  info: Number of CKF tracks 20
[ TrackerVetoProcessor ] 177  info: Tagger requirements passed for 1 tracks
[ TrackerVetoProcessor ] 177  info: Recoil requirements passed for 5 tracks
[ TrackerVetoProcessor ] 177  info: Tracker veto failed
[ EcalClusterProducer ] 177  info: Using CLUE clustering algorithm
[ CLUE ] 177  info: Starting CLUE clustering with parameters:dc 5, rc 550, delta_c 10, delta_o 40, nbr_of_layers 1, reclustering false
[ EcalVetoProcessor ] 177  info:    Is this event is fiducial in ECAL? true
[ EcalVetoProcessor ] 177  info:  BDT was ran, score is 0.000243962
[ EcalVetoProcessor ] 177  info:  The pred > bdtCutVal = false
[ EcalMipTrackingProcessor ] 177  info: Finding linreg tracks from a total of 37 hits using a radius of 35 mm
[ EcalMipTrackingProcessor ] 177  info:  MIP tracking completed; found 8 straight tracks and 0 lin-reg tracks
[ HcalVetoProcessor ] 177  info: There are 69 / 70 HCal hits read out. 69 are not associated with the recoil ele. Total PE of 3124
[ HcalVetoProcessor ] 177  info: HCAL veto passed? false
[ ElectronCounter ] 177  info: Found 1 electrons (tracks) using input collection TriggerPadTracksY_
[ trigger ] 177  info: Got trigger energy cut 3000 for 1 electrons counted in the event.
[ trigger ] 177  info: Got trigger energy sum 2084.46; and decision is pass = true
[ TrigScintDigiVerifier ] 177  info: There are 2 ts digis in this event
[ TrigScintDigiVerifier ] 177  info:  There are 161 sim hits in this event, adding up to a total energy of 153.471
[ EcalClusterAnalyzer ] 177  info: Avg number of clusters per layer: 1
[ EcalClusterAnalyzer ] 177  info: Number of ECal CLUE clusters: 1, TS counted electrons: 1, SP electrons: 1
[ biasing::TargetENProcessFilter ] 178  info: Electronuclear reaction resulted in 12 particles via biasWrapper(electronNuclear) process.
[ TruthSeedProcessor ] 178  warn: Propagation to target surface failed — track may have exited the B-field map.
[ Tagger_TrackFinder ] 178  info: Number of TaggerRecoSeeds seed tracks = 1
[ Tagger_TrackFinder ] 178  info: Number of CKF tracks 1
[ Recoil_TrackFinder ] 178  info: Number of RecoilRecoSeeds seed tracks = 2
[ Recoil_TrackFinder ] 178  info: Number of CKF tracks 2
[ TrackerVetoProcessor ] 178  info: Tagger requirements passed for 1 tracks
[ TrackerVetoProcessor ] 178  info: Recoil requirements passed for 1 tracks
[ TrackerVetoProcessor ] 178  info: Tracker veto passed, skim will keep the event
[ EcalClusterProducer ] 178  info: Using CLUE clustering algorithm
[ CLUE ] 178  info: Starting CLUE clustering with parameters:dc 5, rc 550, delta_c 10, delta_o 40, nbr_of_layers 1, reclustering false
[ EcalVetoProcessor ] 178  info:    Is this event is fiducial in ECAL? true
[ EcalVetoProcessor ] 178  info:  BDT was ran, score is 0.932667
[ EcalVetoProcessor ] 178  info:  The pred > bdtCutVal = false
[ EcalMipTrackingProcessor ] 178  info: Finding linreg tracks from a total of 36 hits using a radius of 35 mm
[ EcalMipTrackingProcessor ] 178  info:  MIP tracking completed; found 0 straight tracks and 0 lin-reg tracks
[ HcalVetoProcessor ] 178  info: There are 4 / 4 HCal hits read out. 4 are not associated with the recoil ele. Total PE of 73
[ HcalVetoProcessor ] 178  info: HCAL veto passed? false
[ ElectronCounter ] 178  info: Found 1 electrons (tracks) using input collection TriggerPadTracksY_
[ trigger ] 178  info: Got trigger energy cut 3000 for 1 electrons counted in the event.
[ trigger ] 178  info: Got trigger energy sum 7327.81; and decision is pass = false
[ TrigScintDigiVerifier ] 178  info: There are 1 ts digis in this event
[ TrigScintDigiVerifier ] 178  info:  There are 60 sim hits in this event, adding up to a total energy of 79.4677
[ EcalClusterAnalyzer ] 178  info: Avg number of clusters per layer: 1
[ EcalClusterAnalyzer ] 178  info: Number of ECal CLUE clusters: 1, TS counted electrons: 1, SP electrons: 1
[ biasing::TargetENProcessFilter ] 179  info: Electronuclear reaction resulted in 7 particles via biasWrapper(electronNuclear) process.
[ TruthSeedProcessor ] 179  warn: Propagation to target surface failed — track may have exited the B-field map.
[ Tagger_TrackFinder ] 179  info: Number of TaggerRecoSeeds seed tracks = 1
[ Tagger_TrackFinder ] 179  info: Number of CKF tracks 1
[ Recoil_TrackFinder ] 179  info: Number of RecoilRecoSeeds seed tracks = 69
[ Recoil_TrackFinder ] 179  info: Number of CKF tracks 24
[ TrackerVetoProcessor ] 179  info: Tagger requirements passed for 1 tracks
[ TrackerVetoProcessor ] 179  info: Recoil requirements passed for 11 tracks
[ TrackerVetoProcessor ] 179  info: Tracker veto failed
[ EcalClusterProducer ] 179  info: Using CLUE clustering algorithm
[ CLUE ] 179  info: Starting CLUE clustering with parameters:dc 5, rc 550, delta_c 10, delta_o 40, nbr_of_layers 1, reclustering false
[ EcalVetoProcessor ] 179  info:    Is this event is fiducial in ECAL? true
[ EcalVetoProcessor ] 179  info:  BDT was ran, score is 0.0342309
[ EcalVetoProcessor ] 179  info:  The pred > bdtCutVal = false
[ EcalMipTrackingProcessor ] 179  info: Finding linreg tracks from a total of 78 hits using a radius of 35 mm
[ EcalMipTrackingProcessor ] 179  info:  MIP tracking completed; found 2 straight tracks and 0 lin-reg tracks
[ HcalVetoProcessor ] 179  info: There are 3 / 3 HCal hits read out. 3 are not associated with the recoil ele. Total PE of 16
[ HcalVetoProcessor ] 179  info: HCAL veto passed? false
[ ElectronCounter ] 179  info: Found 1 electrons (tracks) using input collection TriggerPadTracksY_
[ trigger ] 179  info: Got trigger energy cut 3000 for 1 electrons counted in the event.
[ trigger ] 179  info: Got trigger energy sum 8094.05; and decision is pass = false
[ TrigScintDigiVerifier ] 179  info: There are 1 ts digis in this event
[ TrigScintDigiVerifier ] 179  info:  There are 58 sim hits in this event, adding up to a total energy of 28.7908
[ EcalClusterAnalyzer ] 179  info: Avg number of clusters per layer: 1
[ EcalClusterAnalyzer ] 179  info: Number of ECal CLUE clusters: 1, TS counted electrons: 1, SP electrons: 1
[ biasing::TargetENProcessFilter ] 181  info: Electronuclear reaction resulted in 8 particles via biasWrapper(electronNuclear) process.
[ TruthSeedProcessor ] 181  warn: Propagation to target surface failed — track may have exited the B-field map.
[ Tagger_TrackFinder ] 181  info: Number of TaggerRecoSeeds seed tracks = 1
[ Tagger_TrackFinder ] 181  info: Number of CKF tracks 1
[ Recoil_TrackFinder ] 181  info: Number of RecoilRecoSeeds seed tracks = 2
[ Recoil_TrackFinder ] 181  info: Number of CKF tracks 2
[ TrackerVetoProcessor ] 181  info: Tagger requirements passed for 1 tracks
[ TrackerVetoProcessor ] 181  info: Recoil requirements passed for 1 tracks
[ TrackerVetoProcessor ] 181  info: Tracker veto passed, skim will keep the event
[ EcalClusterProducer ] 181  info: Using CLUE clustering algorithm
[ CLUE ] 181  info: Starting CLUE clustering with parameters:dc 5, rc 550, delta_c 10, delta_o 40, nbr_of_layers 1, reclustering false
[ EcalVetoProcessor ] 181  info:    Is this event is fiducial in ECAL? true
[ EcalVetoProcessor ] 181  info:  BDT was ran, score is 0.953417
[ EcalVetoProcessor ] 181  info:  The pred > bdtCutVal = false
[ EcalMipTrackingProcessor ] 181  info: Finding linreg tracks from a total of 24 hits using a radius of 35 mm
[ EcalMipTrackingProcessor ] 181  info:  MIP tracking completed; found 0 straight tracks and 0 lin-reg tracks
[ HcalVetoProcessor ] 181  info: There are 10 / 11 HCal hits read out. 10 are not associated with the recoil ele. Total PE of 630
[ HcalVetoProcessor ] 181  info: HCAL veto passed? false
[ ElectronCounter ] 181  info: Found 1 electrons (tracks) using input collection TriggerPadTracksY_
[ trigger ] 181  info: Got trigger energy cut 3000 for 1 electrons counted in the event.
[ trigger ] 181  info: Got trigger energy sum 5540.24; and decision is pass = false
[ TrigScintDigiVerifier ] 181  info: There are 2 ts digis in this event
[ TrigScintDigiVerifier ] 181  info:  There are 47 sim hits in this event, adding up to a total energy of 59.5566
[ EcalClusterAnalyzer ] 181  info: Avg number of clusters per layer: 1
[ EcalClusterAnalyzer ] 181  info: Number of ECal CLUE clusters: 1, TS counted electrons: 1, SP electrons: 1
[ biasing::TargetENProcessFilter ] 182  info: Electronuclear reaction resulted in 8 particles via biasWrapper(electronNuclear) process.
[ TruthSeedProcessor ] 182  warn: Propagation to target surface failed — track may have exited the B-field map.
[ Tagger_TrackFinder ] 182  info: Number of TaggerRecoSeeds seed tracks = 1
[ Tagger_TrackFinder ] 182  info: Number of CKF tracks 1
[ Recoil_TrackFinder ] 182  info: Number of RecoilRecoSeeds seed tracks = 18
[ Recoil_TrackFinder ] 182  warn: smoothTrack failed: Did not find a compatible track state
00:22:46    Propagator     WARNING   Field lookup was unsuccessful, this is very likely an error
00:22:46    Propagator     WARNING   Field lookup was unsuccessful, this is very likely an error
[ Recoil_TrackFinder ] 182  info: Number of CKF tracks 7
[ TrackerVetoProcessor ] 182  info: Tagger requirements passed for 1 tracks
[ TrackerVetoProcessor ] 182  info: Recoil requirements passed for 2 tracks
[ TrackerVetoProcessor ] 182  info: Tracker veto failed
[ EcalClusterProducer ] 182  info: Using CLUE clustering algorithm
[ CLUE ] 182  info: Starting CLUE clustering with parameters:dc 5, rc 550, delta_c 10, delta_o 40, nbr_of_layers 1, reclustering false
[ EcalVetoProcessor ] 182  info:    Is this event is fiducial in ECAL? true
[ EcalVetoProcessor ] 182  info:  BDT was ran, score is 0.28337
[ EcalVetoProcessor ] 182  info:  The pred > bdtCutVal = false
[ EcalMipTrackingProcessor ] 182  info: Finding linreg tracks from a total of 32 hits using a radius of 35 mm
[ EcalMipTrackingProcessor ] 182  info:  MIP tracking completed; found 2 straight tracks and 0 lin-reg tracks
[ HcalVetoProcessor ] 182  info: There are 15 / 15 HCal hits read out. 15 are not associated with the recoil ele. Total PE of 316
[ HcalVetoProcessor ] 182  info: HCAL veto passed? false
[ ElectronCounter ] 182  info: Found 1 electrons (tracks) using input collection TriggerPadTracksY_
[ trigger ] 182  info: Got trigger energy cut 3000 for 1 electrons counted in the event.
[ trigger ] 182  info: Got trigger energy sum 6463.12; and decision is pass = false
[ TrigScintDigiVerifier ] 182  info: There are 2 ts digis in this event
[ TrigScintDigiVerifier ] 182  info:  There are 54 sim hits in this event, adding up to a total energy of 32.3706
[ EcalClusterAnalyzer ] 182  info: Avg number of clusters per layer: 1
[ EcalClusterAnalyzer ] 182  info: Number of ECal CLUE clusters: 1, TS counted electrons: 1, SP electrons: 1
[ biasing::TargetENProcessFilter ] 184  info: Electronuclear reaction resulted in 10 particles via biasWrapper(electronNuclear) process.
[ TruthSeedProcessor ] 184  warn: Propagation to target surface failed — track may have exited the B-field map.
[ Tagger_TrackFinder ] 184  info: Number of TaggerRecoSeeds seed tracks = 1
[ Tagger_TrackFinder ] 184  info: Number of CKF tracks 1
[ Recoil_TrackFinder ] 184  info: Number of RecoilRecoSeeds seed tracks = 66
[ Recoil_TrackFinder ] 184  info: Number of CKF tracks 19
[ TrackerVetoProcessor ] 184  info: Tagger requirements passed for 1 tracks
[ TrackerVetoProcessor ] 184  info: Recoil requirements passed for 7 tracks
[ TrackerVetoProcessor ] 184  info: Tracker veto failed
[ EcalClusterProducer ] 184  info: Using CLUE clustering algorithm
[ CLUE ] 184  info: Starting CLUE clustering with parameters:dc 5, rc 550, delta_c 10, delta_o 40, nbr_of_layers 1, reclustering false
[ EcalVetoProcessor ] 184  info:    Is this event is fiducial in ECAL? true
[ EcalVetoProcessor ] 184  info:  BDT was ran, score is 0.000111938
[ EcalVetoProcessor ] 184  info:  The pred > bdtCutVal = false
[ EcalMipTrackingProcessor ] 184  info: Finding linreg tracks from a total of 50 hits using a radius of 35 mm
[ EcalMipTrackingProcessor ] 184  info:  MIP tracking completed; found 5 straight tracks and 0 lin-reg tracks
[ HcalVetoProcessor ] 184  info: There are 29 / 30 HCal hits read out. 29 are not associated with the recoil ele. Total PE of 1000
[ HcalVetoProcessor ] 184  info: HCAL veto passed? false
[ ElectronCounter ] 184  info: Found 0 electrons (tracks) using input collection TriggerPadTracksY_
[ trigger ] 184  info: Got trigger energy cut 0 for 0 electrons counted in the event.
[ trigger ] 184  info: Got trigger energy sum 3746.05; and decision is pass = false
[ TrigScintDigiVerifier ] 184  info: There are 2 ts digis in this event
[ TrigScintDigiVerifier ] 184  info:  There are 103 sim hits in this event, adding up to a total energy of 101.076
[ EcalClusterAnalyzer ] 184  info: Avg number of clusters per layer: 0
[ EcalClusterAnalyzer ] 184  info: Number of ECal CLUE clusters: 0, TS counted electrons: 0, SP electrons: 0
[ biasing::TargetENProcessFilter ] 187  info: Electronuclear reaction resulted in 6 particles via biasWrapper(electronNuclear) process.
[ TruthSeedProcessor ] 187  warn: Propagation to target surface failed — track may have exited the B-field map.
[ Tagger_TrackFinder ] 187  info: Number of TaggerRecoSeeds seed tracks = 1
[ Tagger_TrackFinder ] 187  info: Number of CKF tracks 1
[ Recoil_TrackFinder ] 187  info: Number of RecoilRecoSeeds seed tracks = 2
[ Recoil_TrackFinder ] 187  info: Number of CKF tracks 2
[ TrackerVetoProcessor ] 187  info: Tagger requirements passed for 1 tracks
[ TrackerVetoProcessor ] 187  info: Recoil requirements passed for 1 tracks
[ TrackerVetoProcessor ] 187  info: Tracker veto passed, skim will keep the event
[ EcalClusterProducer ] 187  info: Using CLUE clustering algorithm
[ CLUE ] 187  info: Starting CLUE clustering with parameters:dc 5, rc 550, delta_c 10, delta_o 40, nbr_of_layers 1, reclustering false
[ EcalVetoProcessor ] 187  info:    Is this event is fiducial in ECAL? true
[ EcalVetoProcessor ] 187  info:  BDT was ran, score is 0.731803
[ EcalVetoProcessor ] 187  info:  The pred > bdtCutVal = false
[ EcalMipTrackingProcessor ] 187  info: Finding linreg tracks from a total of 23 hits using a radius of 35 mm
[ EcalMipTrackingProcessor ] 187  info:  MIP tracking completed; found 1 straight tracks and 0 lin-reg tracks
[ HcalVetoProcessor ] 187  info: There are 21 / 21 HCal hits read out. 21 are not associated with the recoil ele. Total PE of 980
[ HcalVetoProcessor ] 187  info: HCAL veto passed? false
[ ElectronCounter ] 187  info: Found 1 electrons (tracks) using input collection TriggerPadTracksY_
[ trigger ] 187  info: Got trigger energy cut 3000 for 1 electrons counted in the event.
[ trigger ] 187  info: Got trigger energy sum 5842.7; and decision is pass = false
[ TrigScintDigiVerifier ] 187  info: There are 1 ts digis in this event
[ TrigScintDigiVerifier ] 187  info:  There are 62 sim hits in this event, adding up to a total energy of 29.5599
[ EcalClusterAnalyzer ] 187  info: Avg number of clusters per layer: 1
[ EcalClusterAnalyzer ] 187  info: Number of ECal CLUE clusters: 1, TS counted electrons: 1, SP electrons: 1
[ biasing::TargetENProcessFilter ] 188  info: Electronuclear reaction resulted in 7 particles via biasWrapper(electronNuclear) process.
[ TruthSeedProcessor ] 188  warn: Propagation to target surface failed — track may have exited the B-field map.
[ Tagger_TrackFinder ] 188  info: Number of TaggerRecoSeeds seed tracks = 1
[ Tagger_TrackFinder ] 188  info: Number of CKF tracks 1
[ Recoil_TrackFinder ] 188  info: Number of RecoilRecoSeeds seed tracks = 1
[ Recoil_TrackFinder ] 188  info: Number of CKF tracks 1
[ TrackerVetoProcessor ] 188  info: Tagger requirements passed for 1 tracks
[ TrackerVetoProcessor ] 188  info: Recoil requirements passed for 1 tracks
[ TrackerVetoProcessor ] 188  info: Tracker veto passed, skim will keep the event
[ EcalClusterProducer ] 188  info: Using CLUE clustering algorithm
[ CLUE ] 188  info: Starting CLUE clustering with parameters:dc 5, rc 550, delta_c 10, delta_o 40, nbr_of_layers 1, reclustering false
[ EcalVetoProcessor ] 188  info:    Is this event is fiducial in ECAL? true
[ EcalVetoProcessor ] 188  info:  BDT was ran, score is 0.990043
[ EcalVetoProcessor ] 188  info:  The pred > bdtCutVal = true
[ EcalMipTrackingProcessor ] 188  info: Finding linreg tracks from a total of 39 hits using a radius of 35 mm
[ EcalMipTrackingProcessor ] 188  info:  MIP tracking completed; found 0 straight tracks and 0 lin-reg tracks
[ HcalVetoProcessor ] 188  info: There are 4 / 4 HCal hits read out. 4 are not associated with the recoil ele. Total PE of 360
[ HcalVetoProcessor ] 188  info: HCAL veto passed? false
[ ElectronCounter ] 188  info: Found 1 electrons (tracks) using input collection TriggerPadTracksY_
[ trigger ] 188  info: Got trigger energy cut 3000 for 1 electrons counted in the event.
[ trigger ] 188  info: Got trigger energy sum 7154.12; and decision is pass = false
[ TrigScintDigiVerifier ] 188  info: There are 2 ts digis in this event
[ TrigScintDigiVerifier ] 188  info:  There are 47 sim hits in this event, adding up to a total energy of 28.2145
[ EcalClusterAnalyzer ] 188  info: Avg number of clusters per layer: 1
[ EcalClusterAnalyzer ] 188  info: Number of ECal CLUE clusters: 1, TS counted electrons: 1, SP electrons: 1
[ biasing::TargetENProcessFilter ] 189  info: Electronuclear reaction resulted in 7 particles via biasWrapper(electronNuclear) process.
[ TruthSeedProcessor ] 189  warn: Propagation to target surface failed — track may have exited the B-field map.
[ Tagger_TrackFinder ] 189  info: Number of TaggerRecoSeeds seed tracks = 1
[ Tagger_TrackFinder ] 189  info: Number of CKF tracks 1
[ Recoil_TrackFinder ] 189  info: Number of RecoilRecoSeeds seed tracks = 121
00:23:10    Propagator     WARNING   Field lookup was unsuccessful, this is very likely an error
[ Recoil_TrackFinder ] 189  warn: smoothTrack failed: Did not find a compatible track state
[ Recoil_TrackFinder ] 189  warn: smoothTrack failed: Did not find a compatible track state
[ Recoil_TrackFinder ] 189  info: Number of CKF tracks 33
[ TrackerVetoProcessor ] 189  info: Tagger requirements passed for 1 tracks
[ TrackerVetoProcessor ] 189  info: Recoil requirements passed for 14 tracks
[ TrackerVetoProcessor ] 189  info: Tracker veto failed
[ EcalClusterProducer ] 189  info: Using CLUE clustering algorithm
[ CLUE ] 189  info: Starting CLUE clustering with parameters:dc 5, rc 550, delta_c 10, delta_o 40, nbr_of_layers 1, reclustering false
[ EcalVetoProcessor ] 189  info:    Is this event is fiducial in ECAL? true
[ EcalVetoProcessor ] 189  info:  BDT was ran, score is 0.000145078
[ EcalVetoProcessor ] 189  info:  The pred > bdtCutVal = false
[ EcalMipTrackingProcessor ] 189  info: Finding linreg tracks from a total of 55 hits using a radius of 35 mm
[ EcalMipTrackingProcessor ] 189  info:  MIP tracking completed; found 8 straight tracks and 0 lin-reg tracks
[ HcalVetoProcessor ] 189  info: There are 60 / 60 HCal hits read out. 60 are not associated with the recoil ele. Total PE of 2211
[ HcalVetoProcessor ] 189  info: HCAL veto passed? false
[ ElectronCounter ] 189  info: Found 1 electrons (tracks) using input collection TriggerPadTracksY_
[ trigger ] 189  info: Got trigger energy cut 3000 for 1 electrons counted in the event.
[ trigger ] 189  info: Got trigger energy sum 4567.15; and decision is pass = false
[ TrigScintDigiVerifier ] 189  info: There are 1 ts digis in this event
[ TrigScintDigiVerifier ] 189  info:  There are 61 sim hits in this event, adding up to a total energy of 62.8532
[ EcalClusterAnalyzer ] 189  info: Avg number of clusters per layer: 0
[ EcalClusterAnalyzer ] 189  info: Number of ECal CLUE clusters: 0, TS counted electrons: 1, SP electrons: 1
[ biasing::TargetENProcessFilter ] 191  info: Electronuclear reaction resulted in 7 particles via biasWrapper(electronNuclear) process.
[ TruthSeedProcessor ] 191  warn: Propagation to target surface failed — track may have exited the B-field map.
[ Tagger_TrackFinder ] 191  info: Number of TaggerRecoSeeds seed tracks = 1
[ Tagger_TrackFinder ] 191  info: Number of CKF tracks 1
[ Recoil_TrackFinder ] 191  info: Number of RecoilRecoSeeds seed tracks = 7
[ Recoil_TrackFinder ] 191  info: Number of CKF tracks 1
[ TrackerVetoProcessor ] 191  info: Tagger requirements passed for 1 tracks
[ TrackerVetoProcessor ] 191  info: Recoil requirements passed for 1 tracks
[ TrackerVetoProcessor ] 191  info: Tracker veto passed, skim will keep the event
[ EcalClusterProducer ] 191  info: Using CLUE clustering algorithm
[ CLUE ] 191  info: Starting CLUE clustering with parameters:dc 5, rc 550, delta_c 10, delta_o 40, nbr_of_layers 1, reclustering false
[ EcalVetoProcessor ] 191  info:    Is this event is fiducial in ECAL? true
[ EcalVetoProcessor ] 191  info:  BDT was ran, score is 0.018129
[ EcalVetoProcessor ] 191  info:  The pred > bdtCutVal = false
[ EcalMipTrackingProcessor ] 191  info: Finding linreg tracks from a total of 31 hits using a radius of 35 mm
[ EcalMipTrackingProcessor ] 191  info:  MIP tracking completed; found 2 straight tracks and 0 lin-reg tracks
[ HcalVetoProcessor ] 191  info: There are 19 / 20 HCal hits read out. 19 are not associated with the recoil ele. Total PE of 820
[ HcalVetoProcessor ] 191  info: HCAL veto passed? false
[ ElectronCounter ] 191  info: Found 0 electrons (tracks) using input collection TriggerPadTracksY_
[ trigger ] 191  info: Got trigger energy cut 0 for 0 electrons counted in the event.
[ trigger ] 191  info: Got trigger energy sum 5412.38; and decision is pass = false
[ TrigScintDigiVerifier ] 191  info: There are 1 ts digis in this event
[ TrigScintDigiVerifier ] 191  info:  There are 67 sim hits in this event, adding up to a total energy of 54.7132
[ EcalClusterAnalyzer ] 191  info: Avg number of clusters per layer: 1
[ EcalClusterAnalyzer ] 191  info: Number of ECal CLUE clusters: 1, TS counted electrons: 0, SP electrons: 0
[ biasing::TargetENProcessFilter ] 192  info: Electronuclear reaction resulted in 11 particles via biasWrapper(electronNuclear) process.
[ TruthSeedProcessor ] 192  warn: Propagation to target surface failed — track may have exited the B-field map.
[ Tagger_TrackFinder ] 192  info: Number of TaggerRecoSeeds seed tracks = 1
[ Tagger_TrackFinder ] 192  info: Number of CKF tracks 1
[ Recoil_TrackFinder ] 192  info: Number of RecoilRecoSeeds seed tracks = 13
[ Recoil_TrackFinder ] 192  warn: smoothTrack failed: Did not find a compatible track state
[ Recoil_TrackFinder ] 192  warn: smoothTrack failed: Did not find a compatible track state
[ Recoil_TrackFinder ] 192  info: Number of CKF tracks 5
[ TrackerVetoProcessor ] 192  info: Tagger requirements passed for 1 tracks
[ TrackerVetoProcessor ] 192  info: Recoil requirements passed for 4 tracks
[ TrackerVetoProcessor ] 192  info: Tracker veto failed
[ EcalClusterProducer ] 192  info: Using CLUE clustering algorithm
[ CLUE ] 192  info: Starting CLUE clustering with parameters:dc 5, rc 550, delta_c 10, delta_o 40, nbr_of_layers 1, reclustering false
[ EcalVetoProcessor ] 192  info:    Is this event is fiducial in ECAL? true
[ EcalVetoProcessor ] 192  info:  BDT was ran, score is 0.0215186
[ EcalVetoProcessor ] 192  info:  The pred > bdtCutVal = false
[ EcalMipTrackingProcessor ] 192  info: Finding linreg tracks from a total of 23 hits using a radius of 35 mm
[ EcalMipTrackingProcessor ] 192  info:  MIP tracking completed; found 3 straight tracks and 0 lin-reg tracks
[ HcalVetoProcessor ] 192  info: There are 18 / 18 HCal hits read out. 18 are not associated with the recoil ele. Total PE of 673
[ HcalVetoProcessor ] 192  info: HCAL veto passed? false
[ ElectronCounter ] 192  info: Found 1 electrons (tracks) using input collection TriggerPadTracksY_
[ trigger ] 192  info: Got trigger energy cut 3000 for 1 electrons counted in the event.
[ trigger ] 192  info: Got trigger energy sum 6473.46; and decision is pass = false
[ TrigScintDigiVerifier ] 192  info: There are 1 ts digis in this event
[ TrigScintDigiVerifier ] 192  info:  There are 106 sim hits in this event, adding up to a total energy of 132.29
[ EcalClusterAnalyzer ] 192  info: Avg number of clusters per layer: 1
[ EcalClusterAnalyzer ] 192  info: Number of ECal CLUE clusters: 1, TS counted electrons: 1, SP electrons: 1
[ biasing::TargetENProcessFilter ] 193  info: Electronuclear reaction resulted in 6 particles via biasWrapper(electronNuclear) process.
[ TruthSeedProcessor ] 193  warn: Propagation to target surface failed — track may have exited the B-field map.
[ Tagger_TrackFinder ] 193  info: Number of TaggerRecoSeeds seed tracks = 1
[ Tagger_TrackFinder ] 193  info: Number of CKF tracks 1
[ Recoil_TrackFinder ] 193  info: Number of RecoilRecoSeeds seed tracks = 1
[ Recoil_TrackFinder ] 193  info: Number of CKF tracks 1
[ TrackerVetoProcessor ] 193  info: Tagger requirements passed for 1 tracks
[ TrackerVetoProcessor ] 193  info: Recoil requirements passed for 1 tracks
[ TrackerVetoProcessor ] 193  info: Tracker veto passed, skim will keep the event
[ EcalClusterProducer ] 193  info: Using CLUE clustering algorithm
[ CLUE ] 193  info: Starting CLUE clustering with parameters:dc 5, rc 550, delta_c 10, delta_o 40, nbr_of_layers 1, reclustering false
[ EcalVetoProcessor ] 193  info:    Is this event is fiducial in ECAL? true
[ EcalVetoProcessor ] 193  info:  BDT was ran, score is 0.000290334
[ EcalVetoProcessor ] 193  info:  The pred > bdtCutVal = false
[ EcalMipTrackingProcessor ] 193  info: Finding linreg tracks from a total of 61 hits using a radius of 35 mm
[ EcalMipTrackingProcessor ] 193  info:  MIP tracking completed; found 3 straight tracks and 0 lin-reg tracks
[ HcalVetoProcessor ] 193  info: There are 7 / 7 HCal hits read out. 7 are not associated with the recoil ele. Total PE of 56
[ HcalVetoProcessor ] 193  info: HCAL veto passed? false
[ ElectronCounter ] 193  info: Found 1 electrons (tracks) using input collection TriggerPadTracksY_
[ trigger ] 193  info: Got trigger energy cut 3000 for 1 electrons counted in the event.
[ trigger ] 193  info: Got trigger energy sum 6968.51; and decision is pass = false
[ TrigScintDigiVerifier ] 193  info: There are 2 ts digis in this event
[ TrigScintDigiVerifier ] 193  info:  There are 67 sim hits in this event, adding up to a total energy of 41.2696
[ EcalClusterAnalyzer ] 193  info: Avg number of clusters per layer: 1
[ EcalClusterAnalyzer ] 193  info: Number of ECal CLUE clusters: 1, TS counted electrons: 1, SP electrons: 1
[ biasing::TargetENProcessFilter ] 194  info: Electronuclear reaction resulted in 9 particles via biasWrapper(electronNuclear) process.
[ TruthSeedProcessor ] 194  warn: Propagation to target surface failed — track may have exited the B-field map.
[ Tagger_TrackFinder ] 194  info: Number of TaggerRecoSeeds seed tracks = 1
[ Tagger_TrackFinder ] 194  info: Number of CKF tracks 1
[ Recoil_TrackFinder ] 194  info: Number of RecoilRecoSeeds seed tracks = 1
[ Recoil_TrackFinder ] 194  info: Number of CKF tracks 1
[ TrackerVetoProcessor ] 194  info: Tagger requirements passed for 1 tracks
[ TrackerVetoProcessor ] 194  info: Recoil requirements passed for 1 tracks
[ TrackerVetoProcessor ] 194  info: Tracker veto passed, skim will keep the event
[ EcalClusterProducer ] 194  info: Using CLUE clustering algorithm
[ CLUE ] 194  info: Starting CLUE clustering with parameters:dc 5, rc 550, delta_c 10, delta_o 40, nbr_of_layers 1, reclustering false
[ EcalVetoProcessor ] 194  info:    Is this event is fiducial in ECAL? true
[ EcalVetoProcessor ] 194  info:  BDT was ran, score is 0.673014
[ EcalVetoProcessor ] 194  info:  The pred > bdtCutVal = false
[ EcalMipTrackingProcessor ] 194  info: Finding linreg tracks from a total of 48 hits using a radius of 35 mm
[ EcalMipTrackingProcessor ] 194  info:  MIP tracking completed; found 7 straight tracks and 0 lin-reg tracks
[ HcalVetoProcessor ] 194  info: There are 4 / 4 HCal hits read out. 4 are not associated with the recoil ele. Total PE of 14
[ HcalVetoProcessor ] 194  info: HCAL veto passed? false
[ ElectronCounter ] 194  info: Found 0 electrons (tracks) using input collection TriggerPadTracksY_
[ trigger ] 194  info: Got trigger energy cut 0 for 0 electrons counted in the event.
[ trigger ] 194  info: Got trigger energy sum 7136.98; and decision is pass = false
[ TrigScintDigiVerifier ] 194  info: There are 3 ts digis in this event
[ TrigScintDigiVerifier ] 194  info:  There are 9 sim hits in this event, adding up to a total energy of 6.41955
[ EcalClusterAnalyzer ] 194  info: Avg number of clusters per layer: 1
[ EcalClusterAnalyzer ] 194  info: Number of ECal CLUE clusters: 1, TS counted electrons: 0, SP electrons: 0
[ TruthSeedProcessor ] 195  warn: Propagation to target surface failed — track may have exited the B-field map.
[ Tagger_TrackFinder ] 195  info: Number of TaggerRecoSeeds seed tracks = 1
[ Tagger_TrackFinder ] 195  info: Number of CKF tracks 1
[ Recoil_TrackFinder ] 195  info: Number of RecoilRecoSeeds seed tracks = 0
[ Recoil_TrackFinder ] 195  warn: No seed tracks, returning...
[ TrackerVetoProcessor ] 195  info: Tagger requirements passed for 0 tracks
[ TrackerVetoProcessor ] 195  info: Recoil requirements passed for 0 tracks
[ TrackerVetoProcessor ] 195  info: Tracker veto failed
[ EcalClusterProducer ] 195  info: Using CLUE clustering algorithm
[ CLUE ] 195  info: Starting CLUE clustering with parameters:dc 5, rc 550, delta_c 10, delta_o 40, nbr_of_layers 1, reclustering false
[ EcalVetoProcessor ] 195  info:    Is this event is fiducial in ECAL? false
[ EcalVetoProcessor ] 195  info:  BDT was ran, score is 0.691063
[ EcalVetoProcessor ] 195  info:  The pred > bdtCutVal = false
[ EcalMipTrackingProcessor ] 195  info: Finding linreg tracks from a total of 52 hits using a radius of 35 mm
[ EcalMipTrackingProcessor ] 195  info:  MIP tracking completed; found 16 straight tracks and 0 lin-reg tracks
[ EcalPnetVetoProcessor ] 195  info:   No recoil track at ECAL
[ HcalVetoProcessor ] 195  info: There are 0 / 0 HCal hits read out. 0 are not associated with the recoil ele. Total PE of 0
[ HcalVetoProcessor ] 195  info: HCAL veto passed? true
[ ElectronCounter ] 195  info: Found 0 electrons (tracks) using input collection TriggerPadTracksY_
[ trigger ] 195  info: Got trigger energy cut 0 for 0 electrons counted in the event.
[ trigger ] 195  info: Got trigger energy sum 7511.6; and decision is pass = false
[ TrigScintDigiVerifier ] 195  info: There are 0 ts digis in this event
[ ElectroNuclearDQM ] 195  warn: No EN daughters found, skipping kinematics
[ EcalClusterAnalyzer ] 195  info: Avg number of clusters per layer: 1
[ EcalClusterAnalyzer ] 195  info: Number of ECal CLUE clusters: 1, TS counted electrons: 0, SP electrons: 0
[ biasing::TargetENProcessFilter ] 196  info: Electronuclear reaction resulted in 11 particles via biasWrapper(electronNuclear) process.
[ TruthSeedProcessor ] 196  warn: Propagation to target surface failed — track may have exited the B-field map.
[ Tagger_TrackFinder ] 196  info: Number of TaggerRecoSeeds seed tracks = 1
[ Tagger_TrackFinder ] 196  info: Number of CKF tracks 1
[ Recoil_TrackFinder ] 196  info: Number of RecoilRecoSeeds seed tracks = 188
00:23:39    Propagator     WARNING   Field lookup was unsuccessful, this is very likely an error
00:23:39    Propagator     WARNING   Field lookup was unsuccessful, this is very likely an error
[ Recoil_TrackFinder ] 196  warn: smoothTrack failed: Did not find a compatible track state
00:23:39    Propagator     WARNING   Field lookup was unsuccessful, this is very likely an error
[ Recoil_TrackFinder ] 196  info: Number of CKF tracks 51
[ TrackerVetoProcessor ] 196  info: Tagger requirements passed for 1 tracks
[ TrackerVetoProcessor ] 196  info: Recoil requirements passed for 20 tracks
[ TrackerVetoProcessor ] 196  info: Tracker veto failed
[ EcalClusterProducer ] 196  info: Using CLUE clustering algorithm
[ CLUE ] 196  info: Starting CLUE clustering with parameters:dc 5, rc 550, delta_c 10, delta_o 40, nbr_of_layers 1, reclustering false
[ EcalVetoProcessor ] 196  info:    Is this event is fiducial in ECAL? true
[ EcalVetoProcessor ] 196  info:  BDT was ran, score is 0.000706792
[ EcalVetoProcessor ] 196  info:  The pred > bdtCutVal = false
[ EcalMipTrackingProcessor ] 196  info: Finding linreg tracks from a total of 53 hits using a radius of 35 mm
[ EcalMipTrackingProcessor ] 196  info:  MIP tracking completed; found 7 straight tracks and 0 lin-reg tracks
[ HcalVetoProcessor ] 196  info: There are 42 / 45 HCal hits read out. 42 are not associated with the recoil ele. Total PE of 2096
[ HcalVetoProcessor ] 196  info: HCAL veto passed? false
[ ElectronCounter ] 196  info: Found 1 electrons (tracks) using input collection TriggerPadTracksY_
[ trigger ] 196  info: Got trigger energy cut 3000 for 1 electrons counted in the event.
[ trigger ] 196  info: Got trigger energy sum 4703.04; and decision is pass = false
[ TrigScintDigiVerifier ] 196  info: There are 2 ts digis in this event
[ TrigScintDigiVerifier ] 196  info:  There are 210 sim hits in this event, adding up to a total energy of 69.1246
[ EcalClusterAnalyzer ] 196  info: Avg number of clusters per layer: 1
[ EcalClusterAnalyzer ] 196  info: Number of ECal CLUE clusters: 1, TS counted electrons: 1, SP electrons: 1
[ biasing::TargetENProcessFilter ] 199  info: Electronuclear reaction resulted in 5 particles via biasWrapper(electronNuclear) process.
[ TruthSeedProcessor ] 199  warn: Propagation to target surface failed — track may have exited the B-field map.
[ Tagger_TrackFinder ] 199  info: Number of TaggerRecoSeeds seed tracks = 1
[ Tagger_TrackFinder ] 199  info: Number of CKF tracks 1
[ Recoil_TrackFinder ] 199  info: Number of RecoilRecoSeeds seed tracks = 35
[ Recoil_TrackFinder ] 199  warn: smoothTrack failed: Did not find a compatible track state
[ Recoil_TrackFinder ] 199  info: Number of CKF tracks 6
[ TrackerVetoProcessor ] 199  info: Tagger requirements passed for 1 tracks
[ TrackerVetoProcessor ] 199  info: Recoil requirements passed for 2 tracks
[ TrackerVetoProcessor ] 199  info: Tracker veto failed
[ EcalClusterProducer ] 199  info: Using CLUE clustering algorithm
[ CLUE ] 199  info: Starting CLUE clustering with parameters:dc 5, rc 550, delta_c 10, delta_o 40, nbr_of_layers 1, reclustering false
[ EcalVetoProcessor ] 199  info:    Is this event is fiducial in ECAL? true
[ EcalVetoProcessor ] 199  info:  BDT was ran, score is 0.700338
[ EcalVetoProcessor ] 199  info:  The pred > bdtCutVal = false
[ EcalMipTrackingProcessor ] 199  info: Finding linreg tracks from a total of 44 hits using a radius of 35 mm
[ EcalMipTrackingProcessor ] 199  info:  MIP tracking completed; found 3 straight tracks and 0 lin-reg tracks
[ HcalVetoProcessor ] 199  info: There are 31 / 31 HCal hits read out. 31 are not associated with the recoil ele. Total PE of 1060
[ HcalVetoProcessor ] 199  info: HCAL veto passed? false
[ ElectronCounter ] 199  info: Found 1 electrons (tracks) using input collection TriggerPadTracksY_
[ trigger ] 199  info: Got trigger energy cut 3000 for 1 electrons counted in the event.
[ trigger ] 199  info: Got trigger energy sum 6472.45; and decision is pass = false
[ TrigScintDigiVerifier ] 199  info: There are 1 ts digis in this event
[ TrigScintDigiVerifier ] 199  info:  There are 56 sim hits in this event, adding up to a total energy of 56.4809
[ EcalClusterAnalyzer ] 199  info: Avg number of clusters per layer: 1
[ EcalClusterAnalyzer ] 199  info: Number of ECal CLUE clusters: 1, TS counted electrons: 1, SP electrons: 1
[ biasing::TargetENProcessFilter ] 202  info: Electronuclear reaction resulted in 7 particles via biasWrapper(electronNuclear) process.
[ TruthSeedProcessor ] 202  warn: Propagation to target surface failed — track may have exited the B-field map.
[ Tagger_TrackFinder ] 202  info: Number of TaggerRecoSeeds seed tracks = 1
[ Tagger_TrackFinder ] 202  info: Number of CKF tracks 1
[ Recoil_TrackFinder ] 202  info: Number of RecoilRecoSeeds seed tracks = 18
[ Recoil_TrackFinder ] 202  warn: smoothTrack failed: Did not find a compatible track state
[ Recoil_TrackFinder ] 202  warn: smoothTrack failed: Did not find a compatible track state
[ Recoil_TrackFinder ] 202  warn: smoothTrack failed: Did not find a compatible track state
[ Recoil_TrackFinder ] 202  warn: smoothTrack failed: Did not find a compatible track state
00:24:09    Propagator     WARNING   Field lookup was unsuccessful, this is very likely an error
[ Recoil_TrackFinder ] 202  info: Number of CKF tracks 3
[ Recoil_GSF ] 202  info:   [GSF dbg] fit failed (first few): Propagation reached the configured maximum number of steps
00:24:09    Propagator     WARNING   Field lookup was unsuccessful, this is very likely an error
[ TrackerVetoProcessor ] 202  info: Tagger requirements passed for 1 tracks
[ TrackerVetoProcessor ] 202  info: Recoil requirements passed for 0 tracks
[ TrackerVetoProcessor ] 202  info: Tracker veto failed
[ EcalClusterProducer ] 202  info: Using CLUE clustering algorithm
[ CLUE ] 202  info: Starting CLUE clustering with parameters:dc 5, rc 550, delta_c 10, delta_o 40, nbr_of_layers 1, reclustering false
[ EcalVetoProcessor ] 202  info:    Is this event is fiducial in ECAL? true
[ EcalVetoProcessor ] 202  info:  BDT was ran, score is 0.851172
[ EcalVetoProcessor ] 202  info:  The pred > bdtCutVal = false
[ EcalMipTrackingProcessor ] 202  info: Finding linreg tracks from a total of 33 hits using a radius of 35 mm
[ EcalMipTrackingProcessor ] 202  info:  MIP tracking completed; found 2 straight tracks and 0 lin-reg tracks
[ HcalVetoProcessor ] 202  info: There are 108 / 112 HCal hits read out. 108 are not associated with the recoil ele. Total PE of 6540
[ HcalVetoProcessor ] 202  info: HCAL veto passed? false
[ ElectronCounter ] 202  info: Found 1 electrons (tracks) using input collection TriggerPadTracksY_
[ trigger ] 202  info: Got trigger energy cut 3000 for 1 electrons counted in the event.
[ trigger ] 202  info: Got trigger energy sum 1032.47; and decision is pass = true
[ TrigScintDigiVerifier ] 202  info: There are 3 ts digis in this event
[ TrigScintDigiVerifier ] 202  info:  There are 70 sim hits in this event, adding up to a total energy of 41.8039
[ EcalClusterAnalyzer ] 202  info: Avg number of clusters per layer: 0
[ EcalClusterAnalyzer ] 202  info: Number of ECal CLUE clusters: 0, TS counted electrons: 1, SP electrons: 1
[ biasing::TargetENProcessFilter ] 203  info: Electronuclear reaction resulted in 9 particles via biasWrapper(electronNuclear) process.
[ TruthSeedProcessor ] 203  warn: Propagation to target surface failed — track may have exited the B-field map.
[ Tagger_TrackFinder ] 203  info: Number of TaggerRecoSeeds seed tracks = 1
[ Tagger_TrackFinder ] 203  info: Number of CKF tracks 1
[ Recoil_TrackFinder ] 203  info: Number of RecoilRecoSeeds seed tracks = 6
[ Recoil_TrackFinder ] 203  info: Number of CKF tracks 2
[ TrackerVetoProcessor ] 203  info: Tagger requirements passed for 1 tracks
[ TrackerVetoProcessor ] 203  info: Recoil requirements passed for 2 tracks
[ TrackerVetoProcessor ] 203  info: Tracker veto failed
[ EcalClusterProducer ] 203  info: Using CLUE clustering algorithm
[ CLUE ] 203  info: Starting CLUE clustering with parameters:dc 5, rc 550, delta_c 10, delta_o 40, nbr_of_layers 1, reclustering false
[ EcalVetoProcessor ] 203  info:    Is this event is fiducial in ECAL? true
[ EcalVetoProcessor ] 203  info:  BDT was ran, score is 0.00240141
[ EcalVetoProcessor ] 203  info:  The pred > bdtCutVal = false
[ EcalMipTrackingProcessor ] 203  info: Finding linreg tracks from a total of 41 hits using a radius of 35 mm
[ EcalMipTrackingProcessor ] 203  info:  MIP tracking completed; found 4 straight tracks and 0 lin-reg tracks
[ HcalVetoProcessor ] 203  info: There are 25 / 25 HCal hits read out. 25 are not associated with the recoil ele. Total PE of 291
[ HcalVetoProcessor ] 203  info: HCAL veto passed? false
[ ElectronCounter ] 203  info: Found 0 electrons (tracks) using input collection TriggerPadTracksY_
[ trigger ] 203  info: Got trigger energy cut 0 for 0 electrons counted in the event.
[ trigger ] 203  info: Got trigger energy sum 6874.59; and decision is pass = false
[ TrigScintDigiVerifier ] 203  info: There are 3 ts digis in this event
[ TrigScintDigiVerifier ] 203  info:  There are 81 sim hits in this event, adding up to a total energy of 22.1866
[ EcalClusterAnalyzer ] 203  info: Avg number of clusters per layer: 1
[ EcalClusterAnalyzer ] 203  info: Number of ECal CLUE clusters: 1, TS counted electrons: 0, SP electrons: 0
[ biasing::TargetENProcessFilter ] 204  info: Electronuclear reaction resulted in 11 particles via biasWrapper(electronNuclear) process.
[ TruthSeedProcessor ] 204  warn: Propagation to target surface failed — track may have exited the B-field map.
[ Tagger_TrackFinder ] 204  info: Number of TaggerRecoSeeds seed tracks = 1
[ Tagger_TrackFinder ] 204  info: Number of CKF tracks 1
[ Recoil_TrackFinder ] 204  info: Number of RecoilRecoSeeds seed tracks = 2
[ Recoil_TrackFinder ] 204  info: Number of CKF tracks 1
[ TrackerVetoProcessor ] 204  info: Tagger requirements passed for 1 tracks
[ TrackerVetoProcessor ] 204  info: Recoil requirements passed for 1 tracks
[ TrackerVetoProcessor ] 204  info: Tracker veto passed, skim will keep the event
[ EcalClusterProducer ] 204  info: Using CLUE clustering algorithm
[ CLUE ] 204  info: Starting CLUE clustering with parameters:dc 5, rc 550, delta_c 10, delta_o 40, nbr_of_layers 1, reclustering false
[ EcalVetoProcessor ] 204  info:    Is this event is fiducial in ECAL? true
[ EcalVetoProcessor ] 204  info:  BDT was ran, score is 0.367588
[ EcalVetoProcessor ] 204  info:  The pred > bdtCutVal = false
[ EcalMipTrackingProcessor ] 204  info: Finding linreg tracks from a total of 35 hits using a radius of 35 mm
[ EcalMipTrackingProcessor ] 204  info:  MIP tracking completed; found 0 straight tracks and 0 lin-reg tracks
[ HcalVetoProcessor ] 204  info: There are 4 / 4 HCal hits read out. 4 are not associated with the recoil ele. Total PE of 7
[ HcalVetoProcessor ] 204  info: HCAL veto passed? true
[ ElectronCounter ] 204  info: Found 1 electrons (tracks) using input collection TriggerPadTracksY_
[ trigger ] 204  info: Got trigger energy cut 3000 for 1 electrons counted in the event.
[ trigger ] 204  info: Got trigger energy sum 7569.32; and decision is pass = false
[ TrigScintDigiVerifier ] 204  info: There are 4 ts digis in this event
[ TrigScintDigiVerifier ] 204  info:  There are 66 sim hits in this event, adding up to a total energy of 60.6065
[ EcalClusterAnalyzer ] 204  info: Avg number of clusters per layer: 1
[ EcalClusterAnalyzer ] 204  info: Number of ECal CLUE clusters: 1, TS counted electrons: 1, SP electrons: 1
[ biasing::TargetENProcessFilter ] 207  info: Electronuclear reaction resulted in 7 particles via biasWrapper(electronNuclear) process.
[ TruthSeedProcessor ] 207  warn: Propagation to target surface failed — track may have exited the B-field map.
[ Tagger_TrackFinder ] 207  info: Number of TaggerRecoSeeds seed tracks = 1
[ Tagger_TrackFinder ] 207  info: Number of CKF tracks 1
[ Recoil_TrackFinder ] 207  info: Number of RecoilRecoSeeds seed tracks = 1876
00:24:32    Propagator     WARNING   Field lookup was unsuccessful, this is very likely an error
[ Recoil_TrackFinder ] 207  warn: smoothTrack failed: Did not find a compatible track state
[ Recoil_TrackFinder ] 207  warn: smoothTrack failed: Did not find a compatible track state
[ Recoil_TrackFinder ] 207  warn: smoothTrack failed: Did not find a compatible track state
[ Recoil_TrackFinder ] 207  warn: smoothTrack failed: Did not find a compatible track state
[ Recoil_TrackFinder ] 207  warn: smoothTrack failed: Did not find a compatible track state
[ Recoil_TrackFinder ] 207  warn: smoothTrack failed: Did not find a compatible track state
[ Recoil_TrackFinder ] 207  warn: smoothTrack failed: Did not find a compatible track state
[ Recoil_TrackFinder ] 207  warn: smoothTrack failed: Did not find a compatible track state
[ Recoil_TrackFinder ] 207  warn: smoothTrack failed: Did not find a compatible track state
[ Recoil_TrackFinder ] 207  warn: smoothTrack failed: Did not find a compatible track state
[ Recoil_TrackFinder ] 207  warn: smoothTrack failed: Did not find a compatible track state
[ Recoil_TrackFinder ] 207  warn: smoothTrack failed: Did not find a compatible track state
[ Recoil_TrackFinder ] 207  warn: smoothTrack failed: Did not find a compatible track state
[ Recoil_TrackFinder ] 207  warn: smoothTrack failed: Did not find a compatible track state
[ Recoil_TrackFinder ] 207  warn: smoothTrack failed: Did not find a compatible track state
[ Recoil_TrackFinder ] 207  warn: smoothTrack failed: Did not find a compatible track state
[ Recoil_TrackFinder ] 207  warn: smoothTrack failed: Did not find a compatible track state
[ Recoil_TrackFinder ] 207  warn: smoothTrack failed: Did not find a compatible track state
[ Recoil_TrackFinder ] 207  warn: smoothTrack failed: Did not find a compatible track state
[ Recoil_TrackFinder ] 207  warn: smoothTrack failed: Did not find a compatible track state
[ Recoil_TrackFinder ] 207  warn: smoothTrack failed: Did not find a compatible track state
[ Recoil_TrackFinder ] 207  warn: smoothTrack failed: Did not find a compatible track state
[ Recoil_TrackFinder ] 207  warn: smoothTrack failed: Did not find a compatible track state
[ Recoil_TrackFinder ] 207  warn: smoothTrack failed: Did not find a compatible track state
[ Recoil_TrackFinder ] 207  warn: smoothTrack failed: Did not find a compatible track state
[ Recoil_TrackFinder ] 207  warn: smoothTrack failed: Did not find a compatible track state
[ Recoil_TrackFinder ] 207  warn: smoothTrack failed: Did not find a compatible track state
[ Recoil_TrackFinder ] 207  warn: smoothTrack failed: Did not find a compatible track state
[ Recoil_TrackFinder ] 207  warn: smoothTrack failed: Did not find a compatible track state
[ Recoil_TrackFinder ] 207  warn: smoothTrack failed: Did not find a compatible track state
[ Recoil_TrackFinder ] 207  warn: smoothTrack failed: Did not find a compatible track state
[ Recoil_TrackFinder ] 207  warn: smoothTrack failed: Did not find a compatible track state
[ Recoil_TrackFinder ] 207  warn: smoothTrack failed: Did not find a compatible track state
[ Recoil_TrackFinder ] 207  warn: smoothTrack failed: Did not find a compatible track state
[ Recoil_TrackFinder ] 207  warn: smoothTrack failed: Did not find a compatible track state
[ Recoil_TrackFinder ] 207  warn: smoothTrack failed: Did not find a compatible track state
[ Recoil_TrackFinder ] 207  warn: smoothTrack failed: Did not find a compatible track state
[ Recoil_TrackFinder ] 207  warn: smoothTrack failed: Did not find a compatible track state
00:24:32    Propagator     WARNING   Field lookup was unsuccessful, this is very likely an error
00:24:32    Propagator     WARNING   Field lookup was unsuccessful, this is very likely an error
[ Recoil_TrackFinder ] 207  warn: smoothTrack failed: Did not find a compatible track state
[ Recoil_TrackFinder ] 207  warn: smoothTrack failed: Did not find a compatible track state
[ Recoil_TrackFinder ] 207  warn: smoothTrack failed: Did not find a compatible track state
[ Recoil_TrackFinder ] 207  warn: smoothTrack failed: Did not find a compatible track state
[ Recoil_TrackFinder ] 207  warn: smoothTrack failed: Did not find a compatible track state
[ Recoil_TrackFinder ] 207  warn: smoothTrack failed: Did not find a compatible track state
00:24:32    Propagator     WARNING   Field lookup was unsuccessful, this is very likely an error
[ Recoil_TrackFinder ] 207  warn: smoothTrack failed: Did not find a compatible track state
[ Recoil_TrackFinder ] 207  warn: smoothTrack failed: Did not find a compatible track state
[ Recoil_TrackFinder ] 207  warn: smoothTrack failed: Did not find a compatible track state
[ Recoil_TrackFinder ] 207  warn: smoothTrack failed: Did not find a compatible track state
00:24:32    Propagator     WARNING   Field lookup was unsuccessful, this is very likely an error
[ Recoil_TrackFinder ] 207  warn: smoothTrack failed: Did not find a compatible track state
[ Recoil_TrackFinder ] 207  warn: smoothTrack failed: Did not find a compatible track state
[ Recoil_TrackFinder ] 207  warn: smoothTrack failed: Did not find a compatible track state
[ Recoil_TrackFinder ] 207  warn: smoothTrack failed: Did not find a compatible track state
[ Recoil_TrackFinder ] 207  warn: smoothTrack failed: Did not find a compatible track state
[ Recoil_TrackFinder ] 207  warn: smoothTrack failed: Did not find a compatible track state
[ Recoil_TrackFinder ] 207  warn: smoothTrack failed: Did not find a compatible track state
[ Recoil_TrackFinder ] 207  warn: smoothTrack failed: Did not find a compatible track state
[ Recoil_TrackFinder ] 207  warn: smoothTrack failed: Did not find a compatible track state
[ Recoil_TrackFinder ] 207  warn: smoothTrack failed: Did not find a compatible track state
[ Recoil_TrackFinder ] 207  warn: smoothTrack failed: Did not find a compatible track state
[ Recoil_TrackFinder ] 207  warn: smoothTrack failed: Did not find a compatible track state
[ Recoil_TrackFinder ] 207  warn: smoothTrack failed: Did not find a compatible track state
[ Recoil_TrackFinder ] 207  warn: smoothTrack failed: Did not find a compatible track state
[ Recoil_TrackFinder ] 207  warn: smoothTrack failed: Did not find a compatible track state
[ Recoil_TrackFinder ] 207  warn: smoothTrack failed: Did not find a compatible track state
[ Recoil_TrackFinder ] 207  warn: smoothTrack failed: Did not find a compatible track state
[ Recoil_TrackFinder ] 207  warn: smoothTrack failed: Did not find a compatible track state
[ Recoil_TrackFinder ] 207  warn: smoothTrack failed: Did not find a compatible track state
[ Recoil_TrackFinder ] 207  warn: smoothTrack failed: Did not find a compatible track state
[ Recoil_TrackFinder ] 207  warn: smoothTrack failed: Did not find a compatible track state
[ Recoil_TrackFinder ] 207  warn: smoothTrack failed: Did not find a compatible track state
00:24:32    Propagator     WARNING   Field lookup was unsuccessful, this is very likely an error
[ Recoil_TrackFinder ] 207  warn: smoothTrack failed: Did not find a compatible track state
00:24:32    Propagator     WARNING   Field lookup was unsuccessful, this is very likely an error
00:24:32    Propagator     WARNING   Field lookup was unsuccessful, this is very likely an error
[ Recoil_TrackFinder ] 207  warn: smoothTrack failed: Did not find a compatible track state
[ Recoil_TrackFinder ] 207  warn: smoothTrack failed: Did not find a compatible track state
[ Recoil_TrackFinder ] 207  warn: smoothTrack failed: Did not find a compatible track state
[ Recoil_TrackFinder ] 207  warn: smoothTrack failed: Did not find a compatible track state
[ Recoil_TrackFinder ] 207  warn: smoothTrack failed: Did not find a compatible track state
[ Recoil_TrackFinder ] 207  warn: smoothTrack failed: Did not find a compatible track state
[ Recoil_TrackFinder ] 207  warn: smoothTrack failed: Did not find a compatible track state
00:24:32    Propagator     WARNING   Field lookup was unsuccessful, this is very likely an error
[ Recoil_TrackFinder ] 207  warn: smoothTrack failed: Did not find a compatible track state
[ Recoil_TrackFinder ] 207  warn: smoothTrack failed: Did not find a compatible track state
[ Recoil_TrackFinder ] 207  warn: smoothTrack failed: Did not find a compatible track state
[ Recoil_TrackFinder ] 207  warn: smoothTrack failed: Did not find a compatible track state
[ Recoil_TrackFinder ] 207  warn: smoothTrack failed: Did not find a compatible track state
[ Recoil_TrackFinder ] 207  warn: smoothTrack failed: Did not find a compatible track state
[ Recoil_TrackFinder ] 207  warn: smoothTrack failed: Did not find a compatible track state
[ Recoil_TrackFinder ] 207  warn: smoothTrack failed: Did not find a compatible track state
[ Recoil_TrackFinder ] 207  warn: smoothTrack failed: Did not find a compatible track state
[ Recoil_TrackFinder ] 207  warn: smoothTrack failed: Did not find a compatible track state
[ Recoil_TrackFinder ] 207  warn: smoothTrack failed: Did not find a compatible track state
[ Recoil_TrackFinder ] 207  warn: smoothTrack failed: Did not find a compatible track state
[ Recoil_TrackFinder ] 207  warn: smoothTrack failed: Did not find a compatible track state
[ Recoil_TrackFinder ] 207  warn: smoothTrack failed: Did not find a compatible track state
[ Recoil_TrackFinder ] 207  warn: smoothTrack failed: Did not find a compatible track state
[ Recoil_TrackFinder ] 207  warn: smoothTrack failed: Did not find a compatible track state
[ Recoil_TrackFinder ] 207  warn: smoothTrack failed: Did not find a compatible track state
[ Recoil_TrackFinder ] 207  warn: smoothTrack failed: Did not find a compatible track state
[ Recoil_TrackFinder ] 207  warn: smoothTrack failed: Did not find a compatible track state
[ Recoil_TrackFinder ] 207  warn: smoothTrack failed: Did not find a compatible track state
[ Recoil_TrackFinder ] 207  warn: smoothTrack failed: Did not find a compatible track state
[ Recoil_TrackFinder ] 207  warn: smoothTrack failed: Did not find a compatible track state
[ Recoil_TrackFinder ] 207  warn: smoothTrack failed: Did not find a compatible track state
[ Recoil_TrackFinder ] 207  warn: smoothTrack failed: Did not find a compatible track state
[ Recoil_TrackFinder ] 207  warn: smoothTrack failed: Did not find a compatible track state
00:24:32    Propagator     WARNING   Field lookup was unsuccessful, this is very likely an error
[ Recoil_TrackFinder ] 207  warn: smoothTrack failed: Did not find a compatible track state
[ Recoil_TrackFinder ] 207  warn: smoothTrack failed: Did not find a compatible track state
[ Recoil_TrackFinder ] 207  warn: smoothTrack failed: Did not find a compatible track state
[ Recoil_TrackFinder ] 207  warn: smoothTrack failed: Did not find a compatible track state
[ Recoil_TrackFinder ] 207  warn: smoothTrack failed: Did not find a compatible track state
[ Recoil_TrackFinder ] 207  warn: smoothTrack failed: Did not find a compatible track state
[ Recoil_TrackFinder ] 207  warn: smoothTrack failed: Did not find a compatible track state
00:24:32    Propagator     WARNING   Field lookup was unsuccessful, this is very likely an error
[ Recoil_TrackFinder ] 207  warn: smoothTrack failed: Did not find a compatible track state
[ Recoil_TrackFinder ] 207  warn: smoothTrack failed: Did not find a compatible track state
[ Recoil_TrackFinder ] 207  warn: smoothTrack failed: Did not find a compatible track state
[ Recoil_TrackFinder ] 207  warn: smoothTrack failed: Did not find a compatible track state
[ Recoil_TrackFinder ] 207  warn: smoothTrack failed: Did not find a compatible track state
[ Recoil_TrackFinder ] 207  warn: smoothTrack failed: Did not find a compatible track state
[ Recoil_TrackFinder ] 207  warn: smoothTrack failed: Did not find a compatible track state
[ Recoil_TrackFinder ] 207  warn: smoothTrack failed: Did not find a compatible track state
[ Recoil_TrackFinder ] 207  warn: smoothTrack failed: Did not find a compatible track state
[ Recoil_TrackFinder ] 207  warn: smoothTrack failed: Did not find a compatible track state
[ Recoil_TrackFinder ] 207  warn: smoothTrack failed: Did not find a compatible track state
[ Recoil_TrackFinder ] 207  warn: smoothTrack failed: Did not find a compatible track state
[ Recoil_TrackFinder ] 207  warn: smoothTrack failed: Did not find a compatible track state
[ Recoil_TrackFinder ] 207  warn: smoothTrack failed: Did not find a compatible track state
[ Recoil_TrackFinder ] 207  warn: smoothTrack failed: Did not find a compatible track state
[ Recoil_TrackFinder ] 207  warn: smoothTrack failed: Did not find a compatible track state
[ Recoil_TrackFinder ] 207  warn: smoothTrack failed: Did not find a compatible track state
[ Recoil_TrackFinder ] 207  warn: smoothTrack failed: Did not find a compatible track state
[ Recoil_TrackFinder ] 207  warn: smoothTrack failed: Did not find a compatible track state
[ Recoil_TrackFinder ] 207  warn: smoothTrack failed: Did not find a compatible track state
[ Recoil_TrackFinder ] 207  warn: smoothTrack failed: Did not find a compatible track state
[ Recoil_TrackFinder ] 207  warn: smoothTrack failed: Did not find a compatible track state
[ Recoil_TrackFinder ] 207  warn: smoothTrack failed: Did not find a compatible track state
[ Recoil_TrackFinder ] 207  warn: smoothTrack failed: Did not find a compatible track state
[ Recoil_TrackFinder ] 207  warn: smoothTrack failed: Did not find a compatible track state
[ Recoil_TrackFinder ] 207  warn: smoothTrack failed: Did not find a compatible track state
[ Recoil_TrackFinder ] 207  warn: smoothTrack failed: Did not find a compatible track state
[ Recoil_TrackFinder ] 207  warn: smoothTrack failed: Did not find a compatible track state
[ Recoil_TrackFinder ] 207  warn: smoothTrack failed: Did not find a compatible track state
[ Recoil_TrackFinder ] 207  warn: smoothTrack failed: Did not find a compatible track state
[ Recoil_TrackFinder ] 207  warn: smoothTrack failed: Did not find a compatible track state
00:24:32    Propagator     WARNING   Field lookup was unsuccessful, this is very likely an error
00:24:32    Propagator     WARNING   Field lookup was unsuccessful, this is very likely an error
[ Recoil_TrackFinder ] 207  warn: smoothTrack failed: Did not find a compatible track state
[ Recoil_TrackFinder ] 207  warn: smoothTrack failed: Did not find a compatible track state
[ Recoil_TrackFinder ] 207  warn: smoothTrack failed: Did not find a compatible track state
[ Recoil_TrackFinder ] 207  warn: smoothTrack failed: Did not find a compatible track state
[ Recoil_TrackFinder ] 207  warn: smoothTrack failed: Did not find a compatible track state
[ Recoil_TrackFinder ] 207  warn: smoothTrack failed: Did not find a compatible track state
[ Recoil_TrackFinder ] 207  warn: smoothTrack failed: Did not find a compatible track state
[ Recoil_TrackFinder ] 207  warn: smoothTrack failed: Did not find a compatible track state
[ Recoil_TrackFinder ] 207  warn: smoothTrack failed: Did not find a compatible track state
[ Recoil_TrackFinder ] 207  warn: smoothTrack failed: Did not find a compatible track state
[ Recoil_TrackFinder ] 207  warn: smoothTrack failed: Did not find a compatible track state
[ Recoil_TrackFinder ] 207  warn: smoothTrack failed: Did not find a compatible track state
[ Recoil_TrackFinder ] 207  warn: smoothTrack failed: Did not find a compatible track state
[ Recoil_TrackFinder ] 207  warn: smoothTrack failed: Did not find a compatible track state
[ Recoil_TrackFinder ] 207  warn: smoothTrack failed: Did not find a compatible track state
[ Recoil_TrackFinder ] 207  warn: smoothTrack failed: Did not find a compatible track state
[ Recoil_TrackFinder ] 207  warn: smoothTrack failed: Did not find a compatible track state
[ Recoil_TrackFinder ] 207  warn: smoothTrack failed: Did not find a compatible track state
[ Recoil_TrackFinder ] 207  warn: smoothTrack failed: Did not find a compatible track state
[ Recoil_TrackFinder ] 207  warn: smoothTrack failed: Did not find a compatible track state
[ Recoil_TrackFinder ] 207  warn: smoothTrack failed: Did not find a compatible track state
[ Recoil_TrackFinder ] 207  warn: smoothTrack failed: Did not find a compatible track state
[ Recoil_TrackFinder ] 207  warn: smoothTrack failed: Did not find a compatible track state
[ Recoil_TrackFinder ] 207  warn: smoothTrack failed: Did not find a compatible track state
[ Recoil_TrackFinder ] 207  warn: smoothTrack failed: Did not find a compatible track state
[ Recoil_TrackFinder ] 207  warn: smoothTrack failed: Did not find a compatible track state
[ Recoil_TrackFinder ] 207  warn: smoothTrack failed: Did not find a compatible track state
00:24:32    Propagator     WARNING   Field lookup was unsuccessful, this is very likely an error
[ Recoil_TrackFinder ] 207  warn: smoothTrack failed: Did not find a compatible track state
[ Recoil_TrackFinder ] 207  warn: smoothTrack failed: Did not find a compatible track state
[ Recoil_TrackFinder ] 207  warn: smoothTrack failed: Did not find a compatible track state
[ Recoil_TrackFinder ] 207  warn: smoothTrack failed: Did not find a compatible track state
[ Recoil_TrackFinder ] 207  warn: smoothTrack failed: Did not find a compatible track state
[ Recoil_TrackFinder ] 207  warn: smoothTrack failed: Did not find a compatible track state
[ Recoil_TrackFinder ] 207  warn: smoothTrack failed: Did not find a compatible track state
[ Recoil_TrackFinder ] 207  warn: smoothTrack failed: Did not find a compatible track state
00:24:32    Propagator     WARNING   Field lookup was unsuccessful, this is very likely an error
[ Recoil_TrackFinder ] 207  warn: smoothTrack failed: Did not find a compatible track state
[ Recoil_TrackFinder ] 207  warn: smoothTrack failed: Did not find a compatible track state
[ Recoil_TrackFinder ] 207  warn: smoothTrack failed: Did not find a compatible track state
[ Recoil_TrackFinder ] 207  warn: smoothTrack failed: Did not find a compatible track state
[ Recoil_TrackFinder ] 207  warn: smoothTrack failed: Did not find a compatible track state
[ Recoil_TrackFinder ] 207  warn: smoothTrack failed: Did not find a compatible track state
[ Recoil_TrackFinder ] 207  warn: smoothTrack failed: Did not find a compatible track state
[ Recoil_TrackFinder ] 207  warn: smoothTrack failed: Did not find a compatible track state
[ Recoil_TrackFinder ] 207  warn: smoothTrack failed: Did not find a compatible track state
[ Recoil_TrackFinder ] 207  warn: smoothTrack failed: Did not find a compatible track state
[ Recoil_TrackFinder ] 207  warn: smoothTrack failed: Did not find a compatible track state
[ Recoil_TrackFinder ] 207  warn: smoothTrack failed: Did not find a compatible track state
[ Recoil_TrackFinder ] 207  warn: smoothTrack failed: Did not find a compatible track state
[ Recoil_TrackFinder ] 207  warn: smoothTrack failed: Did not find a compatible track state
[ Recoil_TrackFinder ] 207  warn: smoothTrack failed: Did not find a compatible track state
[ Recoil_TrackFinder ] 207  warn: smoothTrack failed: Did not find a compatible track state
[ Recoil_TrackFinder ] 207  warn: smoothTrack failed: Did not find a compatible track state
00:24:32    Propagator     WARNING   Field lookup was unsuccessful, this is very likely an error
00:24:32    Propagator     WARNING   Field lookup was unsuccessful, this is very likely an error
[ Recoil_TrackFinder ] 207  warn: smoothTrack failed: Did not find a compatible track state
[ Recoil_TrackFinder ] 207  warn: smoothTrack failed: Did not find a compatible track state
[ Recoil_TrackFinder ] 207  warn: smoothTrack failed: Did not find a compatible track state
[ Recoil_TrackFinder ] 207  warn: smoothTrack failed: Did not find a compatible track state
[ Recoil_TrackFinder ] 207  warn: smoothTrack failed: Did not find a compatible track state
[ Recoil_TrackFinder ] 207  warn: smoothTrack failed: Did not find a compatible track state
[ Recoil_TrackFinder ] 207  warn: smoothTrack failed: Did not find a compatible track state
[ Recoil_TrackFinder ] 207  warn: smoothTrack failed: Did not find a compatible track state
[ Recoil_TrackFinder ] 207  warn: smoothTrack failed: Did not find a compatible track state
[ Recoil_TrackFinder ] 207  warn: smoothTrack failed: Did not find a compatible track state
[ Recoil_TrackFinder ] 207  info: Number of CKF tracks 228
00:24:32    GSF            WARNING   Performed steps with errors: MagneticFieldError:1 | MagneticFieldError:1 | MagneticFieldError:1 | MagneticFieldError:1 | MagneticFieldError:1 | MagneticFieldError:1 | MagneticFieldError:1 | MagneticFieldError:1 | MagneticFieldError:1 | MagneticFieldError:1 | MagneticFieldError:1 | MagneticFieldError:1
[ TrackerVetoProcessor ] 207  info: Tagger requirements passed for 1 tracks
[ TrackerVetoProcessor ] 207  info: Recoil requirements passed for 60 tracks
[ TrackerVetoProcessor ] 207  info: Tracker veto failed
[ EcalClusterProducer ] 207  info: Using CLUE clustering algorithm
[ CLUE ] 207  info: Starting CLUE clustering with parameters:dc 5, rc 550, delta_c 10, delta_o 40, nbr_of_layers 1, reclustering false
[ EcalVetoProcessor ] 207  info:    Is this event is fiducial in ECAL? true
[ EcalVetoProcessor ] 207  info:  BDT was ran, score is 0.120192
[ EcalVetoProcessor ] 207  info:  The pred > bdtCutVal = false
[ EcalMipTrackingProcessor ] 207  info: Finding linreg tracks from a total of 71 hits using a radius of 35 mm
[ EcalMipTrackingProcessor ] 207  info:  MIP tracking completed; found 12 straight tracks and 0 lin-reg tracks
[ HcalVetoProcessor ] 207  info: There are 21 / 21 HCal hits read out. 21 are not associated with the recoil ele. Total PE of 1008
[ HcalVetoProcessor ] 207  info: HCAL veto passed? false
[ ElectronCounter ] 207  info: Found 1 electrons (tracks) using input collection TriggerPadTracksY_
[ trigger ] 207  info: Got trigger energy cut 3000 for 1 electrons counted in the event.
[ trigger ] 207  info: Got trigger energy sum 4333.8; and decision is pass = false
[ TrigScintDigiVerifier ] 207  info: There are 3 ts digis in this event
[ TrigScintDigiVerifier ] 207  info:  There are 104 sim hits in this event, adding up to a total energy of 80.5866
[ EcalClusterAnalyzer ] 207  info: Avg number of clusters per layer: 0
[ EcalClusterAnalyzer ] 207  info: Number of ECal CLUE clusters: 0, TS counted electrons: 1, SP electrons: 1
[ biasing::TargetENProcessFilter ] 214  info: Electronuclear reaction resulted in 9 particles via biasWrapper(electronNuclear) process.
[ TruthSeedProcessor ] 214  warn: Propagation to target surface failed — track may have exited the B-field map.
[ Tagger_TrackFinder ] 214  info: Number of TaggerRecoSeeds seed tracks = 1
[ Tagger_TrackFinder ] 214  info: Number of CKF tracks 1
[ Recoil_TrackFinder ] 214  info: Number of RecoilRecoSeeds seed tracks = 1
[ Recoil_TrackFinder ] 214  info: Number of CKF tracks 1
[ TrackerVetoProcessor ] 214  info: Tagger requirements passed for 1 tracks
[ TrackerVetoProcessor ] 214  info: Recoil requirements passed for 1 tracks
[ TrackerVetoProcessor ] 214  info: Tracker veto passed, skim will keep the event
[ EcalClusterProducer ] 214  info: Using CLUE clustering algorithm
[ CLUE ] 214  info: Starting CLUE clustering with parameters:dc 5, rc 550, delta_c 10, delta_o 40, nbr_of_layers 1, reclustering false
[ EcalVetoProcessor ] 214  info:    Is this event is fiducial in ECAL? true
[ EcalVetoProcessor ] 214  info:  BDT was ran, score is 0.954208
[ EcalVetoProcessor ] 214  info:  The pred > bdtCutVal = false
[ EcalMipTrackingProcessor ] 214  info: Finding linreg tracks from a total of 30 hits using a radius of 35 mm
[ EcalMipTrackingProcessor ] 214  info:  MIP tracking completed; found 0 straight tracks and 0 lin-reg tracks
[ HcalVetoProcessor ] 214  info: There are 4 / 4 HCal hits read out. 4 are not associated with the recoil ele. Total PE of 9
[ HcalVetoProcessor ] 214  info: HCAL veto passed? true
[ ElectronCounter ] 214  info: Found 1 electrons (tracks) using input collection TriggerPadTracksY_
[ trigger ] 214  info: Got trigger energy cut 3000 for 1 electrons counted in the event.
[ trigger ] 214  info: Got trigger energy sum 7717.12; and decision is pass = false
[ TrigScintDigiVerifier ] 214  info: There are 2 ts digis in this event
[ TrigScintDigiVerifier ] 214  info:  There are 8 sim hits in this event, adding up to a total energy of 4.07132
[ EcalClusterAnalyzer ] 214  info: Avg number of clusters per layer: 1
[ EcalClusterAnalyzer ] 214  info: Number of ECal CLUE clusters: 1, TS counted electrons: 1, SP electrons: 1
[ biasing::TargetENProcessFilter ] 216  info: Electronuclear reaction resulted in 21 particles via biasWrapper(electronNuclear) process.
[ TruthSeedProcessor ] 216  warn: Propagation to target surface failed — track may have exited the B-field map.
[ Tagger_TrackFinder ] 216  info: Number of TaggerRecoSeeds seed tracks = 1
[ Tagger_TrackFinder ] 216  info: Number of CKF tracks 1
[ Recoil_TrackFinder ] 216  info: Number of RecoilRecoSeeds seed tracks = 1
[ Recoil_TrackFinder ] 216  info: Number of CKF tracks 1
[ TrackerVetoProcessor ] 216  info: Tagger requirements passed for 1 tracks
[ TrackerVetoProcessor ] 216  info: Recoil requirements passed for 1 tracks
[ TrackerVetoProcessor ] 216  info: Tracker veto passed, skim will keep the event
[ EcalClusterProducer ] 216  info: Using CLUE clustering algorithm
[ CLUE ] 216  info: Starting CLUE clustering with parameters:dc 5, rc 550, delta_c 10, delta_o 40, nbr_of_layers 1, reclustering false
[ EcalVetoProcessor ] 216  info:    Is this event is fiducial in ECAL? true
[ EcalVetoProcessor ] 216  info:  BDT was ran, score is 0.840933
[ EcalVetoProcessor ] 216  info:  The pred > bdtCutVal = false
[ EcalMipTrackingProcessor ] 216  info: Finding linreg tracks from a total of 30 hits using a radius of 35 mm
[ EcalMipTrackingProcessor ] 216  info:  MIP tracking completed; found 0 straight tracks and 0 lin-reg tracks
[ HcalVetoProcessor ] 216  info: There are 11 / 11 HCal hits read out. 11 are not associated with the recoil ele. Total PE of 450
[ HcalVetoProcessor ] 216  info: HCAL veto passed? false
[ ElectronCounter ] 216  info: Found 1 electrons (tracks) using input collection TriggerPadTracksY_
[ trigger ] 216  info: Got trigger energy cut 3000 for 1 electrons counted in the event.
[ trigger ] 216  info: Got trigger energy sum 7181.64; and decision is pass = false
[ TrigScintDigiVerifier ] 216  info: There are 1 ts digis in this event
[ TrigScintDigiVerifier ] 216  info:  There are 36 sim hits in this event, adding up to a total energy of 72.1893
[ EcalClusterAnalyzer ] 216  info: Avg number of clusters per layer: 1
[ EcalClusterAnalyzer ] 216  info: Number of ECal CLUE clusters: 1, TS counted electrons: 1, SP electrons: 1
[ Tagger_TrackFinder ] 217  info: Number of TaggerRecoSeeds seed tracks = 1
[ Tagger_TrackFinder ] 217  info: Number of CKF tracks 1
[ Recoil_TrackFinder ] 217  info: Number of RecoilRecoSeeds seed tracks = 0
[ Recoil_TrackFinder ] 217  warn: No seed tracks, returning...
[ TrackerVetoProcessor ] 217  info: Tagger requirements passed for 0 tracks
[ TrackerVetoProcessor ] 217  info: Recoil requirements passed for 0 tracks
[ TrackerVetoProcessor ] 217  info: Tracker veto failed
[ EcalClusterProducer ] 217  info: Using CLUE clustering algorithm
[ CLUE ] 217  info: Starting CLUE clustering with parameters:dc 5, rc 550, delta_c 10, delta_o 40, nbr_of_layers 1, reclustering false
[ EcalVetoProcessor ] 217  info:    Is this event is fiducial in ECAL? false
[ EcalVetoProcessor ] 217  info:  BDT was ran, score is 0.855124
[ EcalVetoProcessor ] 217  info:  The pred > bdtCutVal = false
[ EcalMipTrackingProcessor ] 217  info: Finding linreg tracks from a total of 49 hits using a radius of 35 mm
[ EcalMipTrackingProcessor ] 217  info:  MIP tracking completed; found 11 straight tracks and 0 lin-reg tracks
[ EcalPnetVetoProcessor ] 217  info:   No recoil track at ECAL
[ HcalVetoProcessor ] 217  info: There are 0 / 0 HCal hits read out. 0 are not associated with the recoil ele. Total PE of 0
[ HcalVetoProcessor ] 217  info: HCAL veto passed? true
[ ElectronCounter ] 217  info: Found 0 electrons (tracks) using input collection TriggerPadTracksY_
[ trigger ] 217  info: Got trigger energy cut 0 for 0 electrons counted in the event.
[ trigger ] 217  info: Got trigger energy sum 7210.09; and decision is pass = false
[ TrigScintDigiVerifier ] 217  info: There are 1 ts digis in this event
[ ElectroNuclearDQM ] 217  warn: No EN daughters found, skipping kinematics
[ EcalClusterAnalyzer ] 217  info: Avg number of clusters per layer: 1
[ EcalClusterAnalyzer ] 217  info: Number of ECal CLUE clusters: 1, TS counted electrons: 0, SP electrons: 0
[ biasing::TargetENProcessFilter ] 218  info: Electronuclear reaction resulted in 9 particles via biasWrapper(electronNuclear) process.
[ TruthSeedProcessor ] 218  warn: Propagation to target surface failed — track may have exited the B-field map.
[ Tagger_TrackFinder ] 218  info: Number of TaggerRecoSeeds seed tracks = 1
[ Tagger_TrackFinder ] 218  info: Number of CKF tracks 1
[ Recoil_TrackFinder ] 218  info: Number of RecoilRecoSeeds seed tracks = 209
00:25:24    Propagator     WARNING   Field lookup was unsuccessful, this is very likely an error
[ Recoil_TrackFinder ] 218  warn: smoothTrack failed: Did not find a compatible track state
[ Recoil_TrackFinder ] 218  warn: smoothTrack failed: Did not find a compatible track state
[ Recoil_TrackFinder ] 218  warn: smoothTrack failed: Did not find a compatible track state
[ Recoil_TrackFinder ] 218  warn: smoothTrack failed: Did not find a compatible track state
[ Recoil_TrackFinder ] 218  warn: smoothTrack failed: Did not find a compatible track state
[ Recoil_TrackFinder ] 218  warn: smoothTrack failed: Did not find a compatible track state
00:25:24    Propagator     WARNING   Field lookup was unsuccessful, this is very likely an error
[ Recoil_TrackFinder ] 218  warn: smoothTrack failed: Did not find a compatible track state
[ Recoil_TrackFinder ] 218  warn: smoothTrack failed: Did not find a compatible track state
00:25:24    Propagator     WARNING   Field lookup was unsuccessful, this is very likely an error
[ Recoil_TrackFinder ] 218  warn: smoothTrack failed: Did not find a compatible track state
[ Recoil_TrackFinder ] 218  warn: smoothTrack failed: Did not find a compatible track state
[ Recoil_TrackFinder ] 218  warn: smoothTrack failed: Did not find a compatible track state
00:25:24    Propagator     WARNING   Field lookup was unsuccessful, this is very likely an error
[ Recoil_TrackFinder ] 218  warn: smoothTrack failed: Did not find a compatible track state
[ Recoil_TrackFinder ] 218  warn: smoothTrack failed: Did not find a compatible track state
[ Recoil_TrackFinder ] 218  warn: smoothTrack failed: Did not find a compatible track state
[ Recoil_TrackFinder ] 218  warn: smoothTrack failed: Did not find a compatible track state
[ Recoil_TrackFinder ] 218  warn: smoothTrack failed: Did not find a compatible track state
[ Recoil_TrackFinder ] 218  warn: smoothTrack failed: Did not find a compatible track state
[ Recoil_TrackFinder ] 218  warn: smoothTrack failed: Did not find a compatible track state
[ Recoil_TrackFinder ] 218  warn: smoothTrack failed: Did not find a compatible track state
[ Recoil_TrackFinder ] 218  warn: smoothTrack failed: Did not find a compatible track state
[ Recoil_TrackFinder ] 218  warn: smoothTrack failed: Did not find a compatible track state
[ Recoil_TrackFinder ] 218  warn: smoothTrack failed: Did not find a compatible track state
[ Recoil_TrackFinder ] 218  warn: smoothTrack failed: Did not find a compatible track state
[ Recoil_TrackFinder ] 218  warn: smoothTrack failed: Did not find a compatible track state
[ Recoil_TrackFinder ] 218  warn: smoothTrack failed: Did not find a compatible track state
00:25:24    Propagator     WARNING   Field lookup was unsuccessful, this is very likely an error
[ Recoil_TrackFinder ] 218  warn: smoothTrack failed: Did not find a compatible track state
[ Recoil_TrackFinder ] 218  warn: smoothTrack failed: Did not find a compatible track state
[ Recoil_TrackFinder ] 218  warn: smoothTrack failed: Did not find a compatible track state
[ Recoil_TrackFinder ] 218  warn: smoothTrack failed: Did not find a compatible track state
[ Recoil_TrackFinder ] 218  warn: smoothTrack failed: Did not find a compatible track state
00:25:24    Propagator     WARNING   Field lookup was unsuccessful, this is very likely an error
[ Recoil_TrackFinder ] 218  info: Number of CKF tracks 50
[ TrackerVetoProcessor ] 218  info: Tagger requirements passed for 1 tracks
[ TrackerVetoProcessor ] 218  info: Recoil requirements passed for 24 tracks
[ TrackerVetoProcessor ] 218  info: Tracker veto failed
[ EcalClusterProducer ] 218  info: Using CLUE clustering algorithm
[ CLUE ] 218  info: Starting CLUE clustering with parameters:dc 5, rc 550, delta_c 10, delta_o 40, nbr_of_layers 1, reclustering false
[ EcalVetoProcessor ] 218  info:    Is this event is fiducial in ECAL? true
[ EcalVetoProcessor ] 218  info:  BDT was ran, score is 1.43051e-06
[ EcalVetoProcessor ] 218  info:  The pred > bdtCutVal = false
[ EcalMipTrackingProcessor ] 218  info: Finding linreg tracks from a total of 52 hits using a radius of 35 mm
[ EcalMipTrackingProcessor ] 218  info:  MIP tracking completed; found 13 straight tracks and 0 lin-reg tracks
[ HcalVetoProcessor ] 218  info: There are 37 / 39 HCal hits read out. 37 are not associated with the recoil ele. Total PE of 1475
[ HcalVetoProcessor ] 218  info: HCAL veto passed? false
[ ElectronCounter ] 218  info: Found 1 electrons (tracks) using input collection TriggerPadTracksY_
[ trigger ] 218  info: Got trigger energy cut 3000 for 1 electrons counted in the event.
[ trigger ] 218  info: Got trigger energy sum 5700.29; and decision is pass = false
[ TrigScintDigiVerifier ] 218  info: There are 1 ts digis in this event
[ TrigScintDigiVerifier ] 218  info:  There are 62 sim hits in this event, adding up to a total energy of 44.8259
[ EcalClusterAnalyzer ] 218  info: Avg number of clusters per layer: 1
[ EcalClusterAnalyzer ] 218  info: Number of ECal CLUE clusters: 1, TS counted electrons: 1, SP electrons: 1
[ biasing::TargetENProcessFilter ] 219  info: Electronuclear reaction resulted in 12 particles via biasWrapper(electronNuclear) process.
[ TruthSeedProcessor ] 219  warn: Propagation to target surface failed — track may have exited the B-field map.
[ Tagger_TrackFinder ] 219  info: Number of TaggerRecoSeeds seed tracks = 1
[ Tagger_TrackFinder ] 219  info: Number of CKF tracks 1
[ Recoil_TrackFinder ] 219  info: Number of RecoilRecoSeeds seed tracks = 1
[ Recoil_TrackFinder ] 219  info: Number of CKF tracks 1
[ TrackerVetoProcessor ] 219  info: Tagger requirements passed for 1 tracks
[ TrackerVetoProcessor ] 219  info: Recoil requirements passed for 1 tracks
[ TrackerVetoProcessor ] 219  info: Tracker veto passed, skim will keep the event
[ EcalClusterProducer ] 219  info: Using CLUE clustering algorithm
[ CLUE ] 219  info: Starting CLUE clustering with parameters:dc 5, rc 550, delta_c 10, delta_o 40, nbr_of_layers 1, reclustering false
[ EcalVetoProcessor ] 219  info:    Is this event is fiducial in ECAL? true
[ EcalVetoProcessor ] 219  info:  BDT was ran, score is 0.00117868
[ EcalVetoProcessor ] 219  info:  The pred > bdtCutVal = false
[ EcalMipTrackingProcessor ] 219  info: Finding linreg tracks from a total of 45 hits using a radius of 35 mm
[ EcalMipTrackingProcessor ] 219  info:  MIP tracking completed; found 1 straight tracks and 0 lin-reg tracks
[ HcalVetoProcessor ] 219  info: There are 24 / 24 HCal hits read out. 24 are not associated with the recoil ele. Total PE of 861
[ HcalVetoProcessor ] 219  info: HCAL veto passed? false
[ ElectronCounter ] 219  info: Found 1 electrons (tracks) using input collection TriggerPadTracksY_
[ trigger ] 219  info: Got trigger energy cut 3000 for 1 electrons counted in the event.
[ trigger ] 219  info: Got trigger energy sum 7044.63; and decision is pass = false
[ TrigScintDigiVerifier ] 219  info: There are 2 ts digis in this event
[ TrigScintDigiVerifier ] 219  info:  There are 64 sim hits in this event, adding up to a total energy of 33.1063
[ EcalClusterAnalyzer ] 219  info: Avg number of clusters per layer: 0
[ EcalClusterAnalyzer ] 219  info: Number of ECal CLUE clusters: 0, TS counted electrons: 1, SP electrons: 1
[ biasing::TargetENProcessFilter ] 221  info: Electronuclear reaction resulted in 6 particles via biasWrapper(electronNuclear) process.
[ TruthSeedProcessor ] 221  warn: Propagation to target surface failed — track may have exited the B-field map.
[ Tagger_TrackFinder ] 221  info: Number of TaggerRecoSeeds seed tracks = 1
[ Tagger_TrackFinder ] 221  info: Number of CKF tracks 1
[ Recoil_TrackFinder ] 221  info: Number of RecoilRecoSeeds seed tracks = 2
[ Recoil_TrackFinder ] 221  info: Number of CKF tracks 2
[ TrackerVetoProcessor ] 221  info: Tagger requirements passed for 1 tracks
[ TrackerVetoProcessor ] 221  info: Recoil requirements passed for 2 tracks
[ TrackerVetoProcessor ] 221  info: Tracker veto failed
[ EcalClusterProducer ] 221  info: Using CLUE clustering algorithm
[ CLUE ] 221  info: Starting CLUE clustering with parameters:dc 5, rc 550, delta_c 10, delta_o 40, nbr_of_layers 1, reclustering false
[ EcalVetoProcessor ] 221  info:    Is this event is fiducial in ECAL? true
[ EcalVetoProcessor ] 221  info:  BDT was ran, score is 0.296212
[ EcalVetoProcessor ] 221  info:  The pred > bdtCutVal = false
[ EcalMipTrackingProcessor ] 221  info: Finding linreg tracks from a total of 22 hits using a radius of 35 mm
[ EcalMipTrackingProcessor ] 221  info:  MIP tracking completed; found 1 straight tracks and 0 lin-reg tracks
[ HcalVetoProcessor ] 221  info: There are 69 / 74 HCal hits read out. 69 are not associated with the recoil ele. Total PE of 4634
[ HcalVetoProcessor ] 221  info: HCAL veto passed? false
[ ElectronCounter ] 221  info: Found 1 electrons (tracks) using input collection TriggerPadTracksY_
[ trigger ] 221  info: Got trigger energy cut 3000 for 1 electrons counted in the event.
[ trigger ] 221  info: Got trigger energy sum 1841.34; and decision is pass = true
[ TrigScintDigiVerifier ] 221  info: There are 3 ts digis in this event
[ TrigScintDigiVerifier ] 221  info:  There are 36 sim hits in this event, adding up to a total energy of 27.689
[ EcalClusterAnalyzer ] 221  info: Avg number of clusters per layer: 0
[ EcalClusterAnalyzer ] 221  info: Number of ECal CLUE clusters: 0, TS counted electrons: 1, SP electrons: 1
[ biasing::TargetENProcessFilter ] 222  info: Electronuclear reaction resulted in 9 particles via biasWrapper(electronNuclear) process.
[ TruthSeedProcessor ] 222  warn: Propagation to target surface failed — track may have exited the B-field map.
[ Tagger_TrackFinder ] 222  info: Number of TaggerRecoSeeds seed tracks = 1
[ Tagger_TrackFinder ] 222  info: Number of CKF tracks 1
[ Recoil_TrackFinder ] 222  info: Number of RecoilRecoSeeds seed tracks = 5
[ Recoil_TrackFinder ] 222  info: Number of CKF tracks 2
[ TrackerVetoProcessor ] 222  info: Tagger requirements passed for 1 tracks
[ TrackerVetoProcessor ] 222  info: Recoil requirements passed for 2 tracks
[ TrackerVetoProcessor ] 222  info: Tracker veto failed
[ EcalClusterProducer ] 222  info: Using CLUE clustering algorithm
[ CLUE ] 222  info: Starting CLUE clustering with parameters:dc 5, rc 550, delta_c 10, delta_o 40, nbr_of_layers 1, reclustering false
[ EcalVetoProcessor ] 222  info:    Is this event is fiducial in ECAL? true
[ EcalVetoProcessor ] 222  info:  BDT was ran, score is 0.000102878
[ EcalVetoProcessor ] 222  info:  The pred > bdtCutVal = false
[ EcalMipTrackingProcessor ] 222  info: Finding linreg tracks from a total of 119 hits using a radius of 35 mm
[ EcalMipTrackingProcessor ] 222  info:  MIP tracking completed; found 9 straight tracks and 0 lin-reg tracks
[ HcalVetoProcessor ] 222  info: There are 21 / 21 HCal hits read out. 21 are not associated with the recoil ele. Total PE of 355
[ HcalVetoProcessor ] 222  info: HCAL veto passed? false
[ ElectronCounter ] 222  info: Found 1 electrons (tracks) using input collection TriggerPadTracksY_
[ trigger ] 222  info: Got trigger energy cut 3000 for 1 electrons counted in the event.
[ trigger ] 222  info: Got trigger energy sum 5912.99; and decision is pass = false
[ TrigScintDigiVerifier ] 222  info: There are 1 ts digis in this event
[ TrigScintDigiVerifier ] 222  info:  There are 44 sim hits in this event, adding up to a total energy of 20.6957
[ EcalClusterAnalyzer ] 222  info: Avg number of clusters per layer: 0
[ EcalClusterAnalyzer ] 222  info: Number of ECal CLUE clusters: 0, TS counted electrons: 1, SP electrons: 1
[ biasing::TargetENProcessFilter ] 223  info: Electronuclear reaction resulted in 8 particles via biasWrapper(electronNuclear) process.
[ TruthSeedProcessor ] 223  warn: Propagation to target surface failed — track may have exited the B-field map.
[ Tagger_TrackFinder ] 223  info: Number of TaggerRecoSeeds seed tracks = 1
[ Tagger_TrackFinder ] 223  info: Number of CKF tracks 1
[ Recoil_TrackFinder ] 223  info: Number of RecoilRecoSeeds seed tracks = 34
[ Recoil_TrackFinder ] 223  info: Number of CKF tracks 25
[ TrackerVetoProcessor ] 223  info: Tagger requirements passed for 1 tracks
[ TrackerVetoProcessor ] 223  info: Recoil requirements passed for 13 tracks
[ TrackerVetoProcessor ] 223  info: Tracker veto failed
[ EcalClusterProducer ] 223  info: Using CLUE clustering algorithm
[ CLUE ] 223  info: Starting CLUE clustering with parameters:dc 5, rc 550, delta_c 10, delta_o 40, nbr_of_layers 1, reclustering false
[ EcalVetoProcessor ] 223  info:    Is this event is fiducial in ECAL? true
[ EcalVetoProcessor ] 223  info:  BDT was ran, score is 0.000116706
[ EcalVetoProcessor ] 223  info:  The pred > bdtCutVal = false
[ EcalMipTrackingProcessor ] 223  info: Finding linreg tracks from a total of 59 hits using a radius of 35 mm
[ EcalMipTrackingProcessor ] 223  info:  MIP tracking completed; found 9 straight tracks and 0 lin-reg tracks
[ HcalVetoProcessor ] 223  info: There are 29 / 29 HCal hits read out. 29 are not associated with the recoil ele. Total PE of 921
[ HcalVetoProcessor ] 223  info: HCAL veto passed? false
[ ElectronCounter ] 223  info: Found 1 electrons (tracks) using input collection TriggerPadTracksY_
[ trigger ] 223  info: Got trigger energy cut 3000 for 1 electrons counted in the event.
[ trigger ] 223  info: Got trigger energy sum 4026.72; and decision is pass = false
[ TrigScintDigiVerifier ] 223  info: There are 2 ts digis in this event
[ TrigScintDigiVerifier ] 223  info:  There are 75 sim hits in this event, adding up to a total energy of 22.277
[ EcalClusterAnalyzer ] 223  info: Avg number of clusters per layer: 0
[ EcalClusterAnalyzer ] 223  info: Number of ECal CLUE clusters: 0, TS counted electrons: 1, SP electrons: 1
[ biasing::TargetENProcessFilter ] 225  info: Electronuclear reaction resulted in 6 particles via biasWrapper(electronNuclear) process.
[ TruthSeedProcessor ] 225  warn: Propagation to target surface failed — track may have exited the B-field map.
[ Tagger_TrackFinder ] 225  info: Number of TaggerRecoSeeds seed tracks = 1
[ Tagger_TrackFinder ] 225  info: Number of CKF tracks 1
[ Recoil_TrackFinder ] 225  info: Number of RecoilRecoSeeds seed tracks = 1
[ Recoil_TrackFinder ] 225  info: Number of CKF tracks 1
[ TrackerVetoProcessor ] 225  info: Tagger requirements passed for 1 tracks
[ TrackerVetoProcessor ] 225  info: Recoil requirements passed for 1 tracks
[ TrackerVetoProcessor ] 225  info: Tracker veto passed, skim will keep the event
[ EcalClusterProducer ] 225  info: Using CLUE clustering algorithm
[ CLUE ] 225  info: Starting CLUE clustering with parameters:dc 5, rc 550, delta_c 10, delta_o 40, nbr_of_layers 1, reclustering false
[ EcalVetoProcessor ] 225  info:    Is this event is fiducial in ECAL? true
[ EcalVetoProcessor ] 225  info:  BDT was ran, score is 0.890319
[ EcalVetoProcessor ] 225  info:  The pred > bdtCutVal = false
[ EcalMipTrackingProcessor ] 225  info: Finding linreg tracks from a total of 25 hits using a radius of 35 mm
[ EcalMipTrackingProcessor ] 225  info:  MIP tracking completed; found 1 straight tracks and 0 lin-reg tracks
[ HcalVetoProcessor ] 225  info: There are 6 / 6 HCal hits read out. 6 are not associated with the recoil ele. Total PE of 123
[ HcalVetoProcessor ] 225  info: HCAL veto passed? false
[ ElectronCounter ] 225  info: Found 1 electrons (tracks) using input collection TriggerPadTracksY_
[ trigger ] 225  info: Got trigger energy cut 3000 for 1 electrons counted in the event.
[ trigger ] 225  info: Got trigger energy sum 6098.7; and decision is pass = false
[ TrigScintDigiVerifier ] 225  info: There are 2 ts digis in this event
[ TrigScintDigiVerifier ] 225  info:  There are 19 sim hits in this event, adding up to a total energy of 11.3688
[ EcalClusterAnalyzer ] 225  info: Avg number of clusters per layer: 1
[ EcalClusterAnalyzer ] 225  info: Number of ECal CLUE clusters: 1, TS counted electrons: 1, SP electrons: 1
[ biasing::TargetENProcessFilter ] 230  info: Electronuclear reaction resulted in 5 particles via biasWrapper(electronNuclear) process.
[ TruthSeedProcessor ] 230  warn: Propagation to target surface failed — track may have exited the B-field map.
[ Tagger_TrackFinder ] 230  info: Number of TaggerRecoSeeds seed tracks = 1
[ Tagger_TrackFinder ] 230  info: Number of CKF tracks 1
[ Recoil_TrackFinder ] 230  info: Number of RecoilRecoSeeds seed tracks = 12
[ Recoil_TrackFinder ] 230  info: Number of CKF tracks 2
[ TrackerVetoProcessor ] 230  info: Tagger requirements passed for 1 tracks
[ TrackerVetoProcessor ] 230  info: Recoil requirements passed for 1 tracks
[ TrackerVetoProcessor ] 230  info: Tracker veto passed, skim will keep the event
[ EcalClusterProducer ] 230  info: Using CLUE clustering algorithm
[ CLUE ] 230  info: Starting CLUE clustering with parameters:dc 5, rc 550, delta_c 10, delta_o 40, nbr_of_layers 1, reclustering false
[ EcalVetoProcessor ] 230  info:    Is this event is fiducial in ECAL? true
[ EcalVetoProcessor ] 230  info:  BDT was ran, score is 0.801391
[ EcalVetoProcessor ] 230  info:  The pred > bdtCutVal = false
[ EcalMipTrackingProcessor ] 230  info: Finding linreg tracks from a total of 26 hits using a radius of 35 mm
[ EcalMipTrackingProcessor ] 230  info:  MIP tracking completed; found 3 straight tracks and 0 lin-reg tracks
[ HcalVetoProcessor ] 230  info: There are 33 / 33 HCal hits read out. 33 are not associated with the recoil ele. Total PE of 1641
[ HcalVetoProcessor ] 230  info: HCAL veto passed? false
[ ElectronCounter ] 230  info: Found 1 electrons (tracks) using input collection TriggerPadTracksY_
[ trigger ] 230  info: Got trigger energy cut 3000 for 1 electrons counted in the event.
[ trigger ] 230  info: Got trigger energy sum 5370; and decision is pass = false
[ TrigScintDigiVerifier ] 230  info: There are 2 ts digis in this event
[ TrigScintDigiVerifier ] 230  info:  There are 28 sim hits in this event, adding up to a total energy of 21.8015
[ EcalClusterAnalyzer ] 230  info: Avg number of clusters per layer: 1
[ EcalClusterAnalyzer ] 230  info: Number of ECal CLUE clusters: 1, TS counted electrons: 1, SP electrons: 1
[ biasing::TargetENProcessFilter ] 235  info: Electronuclear reaction resulted in 6 particles via biasWrapper(electronNuclear) process.
[ TruthSeedProcessor ] 235  warn: Propagation to target surface failed — track may have exited the B-field map.
[ Tagger_TrackFinder ] 235  info: Number of TaggerRecoSeeds seed tracks = 1
[ Tagger_TrackFinder ] 235  info: Number of CKF tracks 1
[ Recoil_TrackFinder ] 235  info: Number of RecoilRecoSeeds seed tracks = 1
[ Recoil_TrackFinder ] 235  info: Number of CKF tracks 1
[ TrackerVetoProcessor ] 235  info: Tagger requirements passed for 1 tracks
[ TrackerVetoProcessor ] 235  info: Recoil requirements passed for 1 tracks
[ TrackerVetoProcessor ] 235  info: Tracker veto passed, skim will keep the event
[ EcalClusterProducer ] 235  info: Using CLUE clustering algorithm
[ CLUE ] 235  info: Starting CLUE clustering with parameters:dc 5, rc 550, delta_c 10, delta_o 40, nbr_of_layers 1, reclustering false
[ EcalVetoProcessor ] 235  info:    Is this event is fiducial in ECAL? true
[ EcalVetoProcessor ] 235  info:  BDT was ran, score is 0.377765
[ EcalVetoProcessor ] 235  info:  The pred > bdtCutVal = false
[ EcalMipTrackingProcessor ] 235  info: Finding linreg tracks from a total of 37 hits using a radius of 35 mm
[ EcalMipTrackingProcessor ] 235  info:  MIP tracking completed; found 1 straight tracks and 0 lin-reg tracks
[ HcalVetoProcessor ] 235  info: There are 3 / 3 HCal hits read out. 3 are not associated with the recoil ele. Total PE of 26
[ HcalVetoProcessor ] 235  info: HCAL veto passed? false
[ ElectronCounter ] 235  info: Found 0 electrons (tracks) using input collection TriggerPadTracksY_
[ trigger ] 235  info: Got trigger energy cut 0 for 0 electrons counted in the event.
[ trigger ] 235  info: Got trigger energy sum 7737.13; and decision is pass = false
[ TrigScintDigiVerifier ] 235  info: There are 1 ts digis in this event
[ TrigScintDigiVerifier ] 235  info:  There are 40 sim hits in this event, adding up to a total energy of 32.5856
[ EcalClusterAnalyzer ] 235  info: Avg number of clusters per layer: 1
[ EcalClusterAnalyzer ] 235  info: Number of ECal CLUE clusters: 1, TS counted electrons: 0, SP electrons: 0
[ biasing::TargetENProcessFilter ] 237  info: Electronuclear reaction resulted in 6 particles via biasWrapper(electronNuclear) process.
[ TruthSeedProcessor ] 237  warn: Propagation to target surface failed — track may have exited the B-field map.
[ Tagger_TrackFinder ] 237  info: Number of TaggerRecoSeeds seed tracks = 1
[ Tagger_TrackFinder ] 237  info: Number of CKF tracks 1
[ Recoil_TrackFinder ] 237  info: Number of RecoilRecoSeeds seed tracks = 12
[ Recoil_TrackFinder ] 237  info: Number of CKF tracks 7
[ TrackerVetoProcessor ] 237  info: Tagger requirements passed for 1 tracks
[ TrackerVetoProcessor ] 237  info: Recoil requirements passed for 3 tracks
[ TrackerVetoProcessor ] 237  info: Tracker veto failed
[ EcalClusterProducer ] 237  info: Using CLUE clustering algorithm
[ CLUE ] 237  info: Starting CLUE clustering with parameters:dc 5, rc 550, delta_c 10, delta_o 40, nbr_of_layers 1, reclustering false
[ EcalVetoProcessor ] 237  info:    Is this event is fiducial in ECAL? true
[ EcalVetoProcessor ] 237  info:  BDT was ran, score is 0.000222027
[ EcalVetoProcessor ] 237  info:  The pred > bdtCutVal = false
[ EcalMipTrackingProcessor ] 237  info: Finding linreg tracks from a total of 54 hits using a radius of 35 mm
[ EcalMipTrackingProcessor ] 237  info:  MIP tracking completed; found 2 straight tracks and 0 lin-reg tracks
[ HcalVetoProcessor ] 237  info: There are 17 / 17 HCal hits read out. 17 are not associated with the recoil ele. Total PE of 228
[ HcalVetoProcessor ] 237  info: HCAL veto passed? false
[ ElectronCounter ] 237  info: Found 1 electrons (tracks) using input collection TriggerPadTracksY_
[ trigger ] 237  info: Got trigger energy cut 3000 for 1 electrons counted in the event.
[ trigger ] 237  info: Got trigger energy sum 5939.26; and decision is pass = false
[ TrigScintDigiVerifier ] 237  info: There are 2 ts digis in this event
[ TrigScintDigiVerifier ] 237  info:  There are 68 sim hits in this event, adding up to a total energy of 58.1883
[ EcalClusterAnalyzer ] 237  info: Avg number of clusters per layer: 1
[ EcalClusterAnalyzer ] 237  info: Number of ECal CLUE clusters: 1, TS counted electrons: 1, SP electrons: 1
[ biasing::TargetENProcessFilter ] 240  info: Electronuclear reaction resulted in 5 particles via biasWrapper(electronNuclear) process.
[ TruthSeedProcessor ] 240  warn: Propagation to target surface failed — track may have exited the B-field map.
[ Tagger_TrackFinder ] 240  info: Number of TaggerRecoSeeds seed tracks = 1
[ Tagger_TrackFinder ] 240  info: Number of CKF tracks 1
[ Recoil_TrackFinder ] 240  info: Number of RecoilRecoSeeds seed tracks = 1
[ Recoil_TrackFinder ] 240  info: Number of CKF tracks 1
[ TrackerVetoProcessor ] 240  info: Tagger requirements passed for 1 tracks
[ TrackerVetoProcessor ] 240  info: Recoil requirements passed for 1 tracks
[ TrackerVetoProcessor ] 240  info: Tracker veto passed, skim will keep the event
[ EcalClusterProducer ] 240  info: Using CLUE clustering algorithm
[ CLUE ] 240  info: Starting CLUE clustering with parameters:dc 5, rc 550, delta_c 10, delta_o 40, nbr_of_layers 1, reclustering false
[ EcalVetoProcessor ] 240  info:    Is this event is fiducial in ECAL? true
[ EcalVetoProcessor ] 240  info:  BDT was ran, score is 0.00608736
[ EcalVetoProcessor ] 240  info:  The pred > bdtCutVal = false
[ EcalMipTrackingProcessor ] 240  info: Finding linreg tracks from a total of 43 hits using a radius of 35 mm
[ EcalMipTrackingProcessor ] 240  info:  MIP tracking completed; found 0 straight tracks and 0 lin-reg tracks
[ HcalVetoProcessor ] 240  info: There are 20 / 21 HCal hits read out. 20 are not associated with the recoil ele. Total PE of 475
[ HcalVetoProcessor ] 240  info: HCAL veto passed? false
[ ElectronCounter ] 240  info: Found 1 electrons (tracks) using input collection TriggerPadTracksY_
[ trigger ] 240  info: Got trigger energy cut 3000 for 1 electrons counted in the event.
[ trigger ] 240  info: Got trigger energy sum 7167.97; and decision is pass = false
[ TrigScintDigiVerifier ] 240  info: There are 2 ts digis in this event
[ TrigScintDigiVerifier ] 240  info:  There are 72 sim hits in this event, adding up to a total energy of 48.8602
[ EcalClusterAnalyzer ] 240  info: Avg number of clusters per layer: 1
[ EcalClusterAnalyzer ] 240  info: Number of ECal CLUE clusters: 1, TS counted electrons: 1, SP electrons: 1
[ biasing::TargetENProcessFilter ] 241  info: Electronuclear reaction resulted in 18 particles via biasWrapper(electronNuclear) process.
[ TruthSeedProcessor ] 241  warn: Propagation to target surface failed — track may have exited the B-field map.
[ Tagger_TrackFinder ] 241  info: Number of TaggerRecoSeeds seed tracks = 1
[ Tagger_TrackFinder ] 241  info: Number of CKF tracks 1
[ Recoil_TrackFinder ] 241  info: Number of RecoilRecoSeeds seed tracks = 101
[ Recoil_TrackFinder ] 241  warn: smoothTrack failed: Did not find a compatible track state
[ Recoil_TrackFinder ] 241  warn: smoothTrack failed: Did not find a compatible track state
[ Recoil_TrackFinder ] 241  warn: smoothTrack failed: Did not find a compatible track state
[ Recoil_TrackFinder ] 241  warn: smoothTrack failed: Did not find a compatible track state
[ Recoil_TrackFinder ] 241  warn: smoothTrack failed: Did not find a compatible track state
[ Recoil_TrackFinder ] 241  warn: smoothTrack failed: Did not find a compatible track state
[ Recoil_TrackFinder ] 241  warn: smoothTrack failed: Did not find a compatible track state
[ Recoil_TrackFinder ] 241  warn: smoothTrack failed: Did not find a compatible track state
[ Recoil_TrackFinder ] 241  warn: smoothTrack failed: Did not find a compatible track state
[ Recoil_TrackFinder ] 241  warn: smoothTrack failed: Did not find a compatible track state
[ Recoil_TrackFinder ] 241  warn: smoothTrack failed: Did not find a compatible track state
[ Recoil_TrackFinder ] 241  warn: smoothTrack failed: Did not find a compatible track state
[ Recoil_TrackFinder ] 241  info: Number of CKF tracks 10
[ TrackerVetoProcessor ] 241  info: Tagger requirements passed for 1 tracks
[ TrackerVetoProcessor ] 241  info: Recoil requirements passed for 4 tracks
[ TrackerVetoProcessor ] 241  info: Tracker veto failed
[ EcalClusterProducer ] 241  info: Using CLUE clustering algorithm
[ CLUE ] 241  info: Starting CLUE clustering with parameters:dc 5, rc 550, delta_c 10, delta_o 40, nbr_of_layers 1, reclustering false
[ EcalVetoProcessor ] 241  info:    Is this event is fiducial in ECAL? true
[ EcalVetoProcessor ] 241  info:  BDT was ran, score is 0.000371218
[ EcalVetoProcessor ] 241  info:  The pred > bdtCutVal = false
[ EcalMipTrackingProcessor ] 241  info: Finding linreg tracks from a total of 40 hits using a radius of 35 mm
[ EcalMipTrackingProcessor ] 241  info:  MIP tracking completed; found 1 straight tracks and 0 lin-reg tracks
[ HcalVetoProcessor ] 241  info: There are 43 / 43 HCal hits read out. 43 are not associated with the recoil ele. Total PE of 1566
[ HcalVetoProcessor ] 241  info: HCAL veto passed? false
[ ElectronCounter ] 241  info: Found 1 electrons (tracks) using input collection TriggerPadTracksY_
[ trigger ] 241  info: Got trigger energy cut 3000 for 1 electrons counted in the event.
[ trigger ] 241  info: Got trigger energy sum 4236.78; and decision is pass = false
[ TrigScintDigiVerifier ] 241  info: There are 3 ts digis in this event
[ TrigScintDigiVerifier ] 241  info:  There are 240 sim hits in this event, adding up to a total energy of 185.181
[ EcalClusterAnalyzer ] 241  info: Avg number of clusters per layer: 1
[ EcalClusterAnalyzer ] 241  info: Number of ECal CLUE clusters: 1, TS counted electrons: 1, SP electrons: 1
[ biasing::TargetENProcessFilter ] 242  info: Electronuclear reaction resulted in 9 particles via biasWrapper(electronNuclear) process.
[ TruthSeedProcessor ] 242  warn: Propagation to target surface failed — track may have exited the B-field map.
[ Tagger_TrackFinder ] 242  info: Number of TaggerRecoSeeds seed tracks = 1
[ Tagger_TrackFinder ] 242  info: Number of CKF tracks 1
[ Recoil_TrackFinder ] 242  info: Number of RecoilRecoSeeds seed tracks = 31
00:27:05    Propagator     WARNING   Field lookup was unsuccessful, this is very likely an error
00:27:05    Propagator     WARNING   Field lookup was unsuccessful, this is very likely an error
00:27:05    Propagator     WARNING   Field lookup was unsuccessful, this is very likely an error
00:27:05    Propagator     WARNING   Field lookup was unsuccessful, this is very likely an error
00:27:05    Propagator     WARNING   Field lookup was unsuccessful, this is very likely an error
[ Recoil_TrackFinder ] 242  info: Number of CKF tracks 23
[ TrackerVetoProcessor ] 242  info: Tagger requirements passed for 1 tracks
[ TrackerVetoProcessor ] 242  info: Recoil requirements passed for 11 tracks
[ TrackerVetoProcessor ] 242  info: Tracker veto failed
[ EcalClusterProducer ] 242  info: Using CLUE clustering algorithm
[ CLUE ] 242  info: Starting CLUE clustering with parameters:dc 5, rc 550, delta_c 10, delta_o 40, nbr_of_layers 1, reclustering false
[ EcalVetoProcessor ] 242  info:    Is this event is fiducial in ECAL? true
[ EcalVetoProcessor ] 242  info:  BDT was ran, score is 6.47306e-05
[ EcalVetoProcessor ] 242  info:  The pred > bdtCutVal = false
[ EcalMipTrackingProcessor ] 242  info: Finding linreg tracks from a total of 65 hits using a radius of 35 mm
[ EcalMipTrackingProcessor ] 242  info:  MIP tracking completed; found 5 straight tracks and 0 lin-reg tracks
[ HcalVetoProcessor ] 242  info: There are 23 / 23 HCal hits read out. 23 are not associated with the recoil ele. Total PE of 587
[ HcalVetoProcessor ] 242  info: HCAL veto passed? false
[ ElectronCounter ] 242  info: Found 1 electrons (tracks) using input collection TriggerPadTracksY_
[ trigger ] 242  info: Got trigger energy cut 3000 for 1 electrons counted in the event.
[ trigger ] 242  info: Got trigger energy sum 5030.5; and decision is pass = false
[ TrigScintDigiVerifier ] 242  info: There are 4 ts digis in this event
[ TrigScintDigiVerifier ] 242  info:  There are 63 sim hits in this event, adding up to a total energy of 44.0873
[ EcalClusterAnalyzer ] 242  info: Avg number of clusters per layer: 1
[ EcalClusterAnalyzer ] 242  info: Number of ECal CLUE clusters: 1, TS counted electrons: 1, SP electrons: 1
[ biasing::TargetENProcessFilter ] 244  info: Electronuclear reaction resulted in 4 particles via biasWrapper(electronNuclear) process.
[ TruthSeedProcessor ] 244  warn: Propagation to target surface failed — track may have exited the B-field map.
[ Tagger_TrackFinder ] 244  info: Number of TaggerRecoSeeds seed tracks = 1
[ Tagger_TrackFinder ] 244  info: Number of CKF tracks 1
[ Recoil_TrackFinder ] 244  info: Number of RecoilRecoSeeds seed tracks = 7
[ Recoil_TrackFinder ] 244  warn: smoothTrack failed: Did not find a compatible track state
[ Recoil_TrackFinder ] 244  info: Number of CKF tracks 4
[ TrackerVetoProcessor ] 244  info: Tagger requirements passed for 1 tracks
[ TrackerVetoProcessor ] 244  info: Recoil requirements passed for 2 tracks
[ TrackerVetoProcessor ] 244  info: Tracker veto failed
[ EcalClusterProducer ] 244  info: Using CLUE clustering algorithm
[ CLUE ] 244  info: Starting CLUE clustering with parameters:dc 5, rc 550, delta_c 10, delta_o 40, nbr_of_layers 1, reclustering false
[ EcalVetoProcessor ] 244  info:    Is this event is fiducial in ECAL? true
[ EcalVetoProcessor ] 244  info:  BDT was ran, score is 0.0625659
[ EcalVetoProcessor ] 244  info:  The pred > bdtCutVal = false
[ EcalMipTrackingProcessor ] 244  info: Finding linreg tracks from a total of 45 hits using a radius of 35 mm
[ EcalMipTrackingProcessor ] 244  info:  MIP tracking completed; found 1 straight tracks and 0 lin-reg tracks
[ HcalVetoProcessor ] 244  info: There are 8 / 8 HCal hits read out. 8 are not associated with the recoil ele. Total PE of 423
[ HcalVetoProcessor ] 244  info: HCAL veto passed? false
[ ElectronCounter ] 244  info: Found 1 electrons (tracks) using input collection TriggerPadTracksY_
[ trigger ] 244  info: Got trigger energy cut 3000 for 1 electrons counted in the event.
[ trigger ] 244  info: Got trigger energy sum 7764.54; and decision is pass = false
[ TrigScintDigiVerifier ] 244  info: There are 3 ts digis in this event
[ TrigScintDigiVerifier ] 244  info:  There are 86 sim hits in this event, adding up to a total energy of 44.7042
[ EcalClusterAnalyzer ] 244  info: Avg number of clusters per layer: 1
[ EcalClusterAnalyzer ] 244  info: Number of ECal CLUE clusters: 1, TS counted electrons: 1, SP electrons: 1
[ biasing::TargetENProcessFilter ] 248  info: Electronuclear reaction resulted in 18 particles via biasWrapper(electronNuclear) process.
[ TruthSeedProcessor ] 248  warn: Propagation to target surface failed — track may have exited the B-field map.
[ Tagger_TrackFinder ] 248  info: Number of TaggerRecoSeeds seed tracks = 1
[ Tagger_TrackFinder ] 248  info: Number of CKF tracks 1
[ Recoil_TrackFinder ] 248  info: Number of RecoilRecoSeeds seed tracks = 13
[ Recoil_TrackFinder ] 248  warn: smoothTrack failed: Did not find a compatible track state
[ Recoil_TrackFinder ] 248  warn: smoothTrack failed: Did not find a compatible track state
00:27:32    Propagator     WARNING   Field lookup was unsuccessful, this is very likely an error
[ Recoil_TrackFinder ] 248  warn: smoothTrack failed: Did not find a compatible track state
[ Recoil_TrackFinder ] 248  warn: smoothTrack failed: Did not find a compatible track state
[ Recoil_TrackFinder ] 248  info: Number of CKF tracks 2
00:27:32    GSF            WARNING   Performed steps with errors: 2.29335 | 2.29467 | 2.29873 | 2.29643 | 2.29879 | 2.29337 | 2.29876 | 2.29873 | 2.29885 | 2.29602 | 2.29878 | MagneticFieldError:1
00:27:32    GSF            WARNING   Performed steps with errors: MagneticFieldError:1 | MagneticFieldError:1 | 2.27244 | MagneticFieldError:1 | 2.27249 | MagneticFieldError:1 | 2.27246 | 2.27244 | 2.27256 | MagneticFieldError:1 | 2.27249
00:27:32    GSF            WARNING   Performed steps with errors: MagneticFieldError:1 | MagneticFieldError:1 | MagneticFieldError:1 | MagneticFieldError:1 | MagneticFieldError:1 | MagneticFieldError:1
00:27:32    Propagator     WARNING   Field lookup was unsuccessful, this is very likely an error
[ TrackerVetoProcessor ] 248  info: Tagger requirements passed for 1 tracks
[ TrackerVetoProcessor ] 248  info: Recoil requirements passed for 1 tracks
[ TrackerVetoProcessor ] 248  info: Tracker veto passed, skim will keep the event
[ EcalClusterProducer ] 248  info: Using CLUE clustering algorithm
[ CLUE ] 248  info: Starting CLUE clustering with parameters:dc 5, rc 550, delta_c 10, delta_o 40, nbr_of_layers 1, reclustering false
[ EcalVetoProcessor ] 248  info:    Is this event is fiducial in ECAL? true
[ EcalVetoProcessor ] 248  info:  BDT was ran, score is 0.0549172
[ EcalVetoProcessor ] 248  info:  The pred > bdtCutVal = false
[ EcalMipTrackingProcessor ] 248  info: Finding linreg tracks from a total of 35 hits using a radius of 35 mm
[ EcalMipTrackingProcessor ] 248  info:  MIP tracking completed; found 1 straight tracks and 0 lin-reg tracks
[ HcalVetoProcessor ] 248  info: There are 21 / 21 HCal hits read out. 21 are not associated with the recoil ele. Total PE of 693
[ HcalVetoProcessor ] 248  info: HCAL veto passed? false
[ ElectronCounter ] 248  info: Found 1 electrons (tracks) using input collection TriggerPadTracksY_
[ trigger ] 248  info: Got trigger energy cut 3000 for 1 electrons counted in the event.
[ trigger ] 248  info: Got trigger energy sum 5764.66; and decision is pass = false
[ TrigScintDigiVerifier ] 248  info: There are 3 ts digis in this event
[ TrigScintDigiVerifier ] 248  info:  There are 158 sim hits in this event, adding up to a total energy of 157.016
[ EcalClusterAnalyzer ] 248  info: Avg number of clusters per layer: 1
[ EcalClusterAnalyzer ] 248  info: Number of ECal CLUE clusters: 1, TS counted electrons: 1, SP electrons: 1
[ biasing::TargetENProcessFilter ] 250  info: Electronuclear reaction resulted in 12 particles via biasWrapper(electronNuclear) process.
[ TruthSeedProcessor ] 250  warn: Propagation to target surface failed — track may have exited the B-field map.
[ Tagger_TrackFinder ] 250  info: Number of TaggerRecoSeeds seed tracks = 1
[ Tagger_TrackFinder ] 250  info: Number of CKF tracks 1
[ Recoil_TrackFinder ] 250  info: Number of RecoilRecoSeeds seed tracks = 23
[ Recoil_TrackFinder ] 250  warn: smoothTrack failed: Did not find a compatible track state
[ Recoil_TrackFinder ] 250  warn: smoothTrack failed: Did not find a compatible track state
[ Recoil_TrackFinder ] 250  info: Number of CKF tracks 6
[ TrackerVetoProcessor ] 250  info: Tagger requirements passed for 1 tracks
[ TrackerVetoProcessor ] 250  info: Recoil requirements passed for 2 tracks
[ TrackerVetoProcessor ] 250  info: Tracker veto failed
[ EcalClusterProducer ] 250  info: Using CLUE clustering algorithm
[ CLUE ] 250  info: Starting CLUE clustering with parameters:dc 5, rc 550, delta_c 10, delta_o 40, nbr_of_layers 1, reclustering false
[ EcalVetoProcessor ] 250  info:    Is this event is fiducial in ECAL? true
[ EcalVetoProcessor ] 250  info:  BDT was ran, score is 0.00444692
[ EcalVetoProcessor ] 250  info:  The pred > bdtCutVal = false
[ EcalMipTrackingProcessor ] 250  info: Finding linreg tracks from a total of 58 hits using a radius of 35 mm
[ EcalMipTrackingProcessor ] 250  info:  MIP tracking completed; found 2 straight tracks and 0 lin-reg tracks
[ HcalVetoProcessor ] 250  info: There are 26 / 30 HCal hits read out. 26 are not associated with the recoil ele. Total PE of 1525
[ HcalVetoProcessor ] 250  info: HCAL veto passed? false
[ ElectronCounter ] 250  info: Found 1 electrons (tracks) using input collection TriggerPadTracksY_
[ trigger ] 250  info: Got trigger energy cut 3000 for 1 electrons counted in the event.
[ trigger ] 250  info: Got trigger energy sum 5961.07; and decision is pass = false
[ TrigScintDigiVerifier ] 250  info: There are 3 ts digis in this event
[ TrigScintDigiVerifier ] 250  info:  There are 54 sim hits in this event, adding up to a total energy of 29.9814
[ EcalClusterAnalyzer ] 250  info: Avg number of clusters per layer: 1
[ EcalClusterAnalyzer ] 250  info: Number of ECal CLUE clusters: 1, TS counted electrons: 1, SP electrons: 1
[ biasing::TargetENProcessFilter ] 252  info: Electronuclear reaction resulted in 9 particles via biasWrapper(electronNuclear) process.
[ TruthSeedProcessor ] 252  warn: Propagation to target surface failed — track may have exited the B-field map.
[ Tagger_TrackFinder ] 252  info: Number of TaggerRecoSeeds seed tracks = 1
[ Tagger_TrackFinder ] 252  info: Number of CKF tracks 1
[ Recoil_TrackFinder ] 252  info: Number of RecoilRecoSeeds seed tracks = 170
00:27:48    Propagator     WARNING   Field lookup was unsuccessful, this is very likely an error
00:27:48    Propagator     WARNING   Field lookup was unsuccessful, this is very likely an error
00:27:48    Propagator     WARNING   Field lookup was unsuccessful, this is very likely an error
00:27:48    Propagator     WARNING   Field lookup was unsuccessful, this is very likely an error
[ Recoil_TrackFinder ] 252  info: Number of CKF tracks 57
00:27:48    GSF            WARNING   Performed steps with errors: MagneticFieldError:1 | MagneticFieldError:1 | MagneticFieldError:1 | MagneticFieldError:1 | MagneticFieldError:1 | MagneticFieldError:1 | MagneticFieldError:1 | MagneticFieldError:1 | MagneticFieldError:1 | MagneticFieldError:1 | MagneticFieldError:1 | MagneticFieldError:1
[ TrackerVetoProcessor ] 252  info: Tagger requirements passed for 1 tracks
[ TrackerVetoProcessor ] 252  info: Recoil requirements passed for 21 tracks
[ TrackerVetoProcessor ] 252  info: Tracker veto failed
[ EcalClusterProducer ] 252  info: Using CLUE clustering algorithm
[ CLUE ] 252  info: Starting CLUE clustering with parameters:dc 5, rc 550, delta_c 10, delta_o 40, nbr_of_layers 1, reclustering false
[ EcalVetoProcessor ] 252  info:    Is this event is fiducial in ECAL? true
[ EcalVetoProcessor ] 252  info:  BDT was ran, score is 0.0287215
[ EcalVetoProcessor ] 252  info:  The pred > bdtCutVal = false
[ EcalMipTrackingProcessor ] 252  info: Finding linreg tracks from a total of 52 hits using a radius of 35 mm
[ EcalMipTrackingProcessor ] 252  info:  MIP tracking completed; found 4 straight tracks and 0 lin-reg tracks
[ HcalVetoProcessor ] 252  info: There are 12 / 12 HCal hits read out. 12 are not associated with the recoil ele. Total PE of 440
[ HcalVetoProcessor ] 252  info: HCAL veto passed? false
[ ElectronCounter ] 252  info: Found 1 electrons (tracks) using input collection TriggerPadTracksY_
[ trigger ] 252  info: Got trigger energy cut 3000 for 1 electrons counted in the event.
[ trigger ] 252  info: Got trigger energy sum 7864.7; and decision is pass = false
[ TrigScintDigiVerifier ] 252  info: There are 4 ts digis in this event
[ TrigScintDigiVerifier ] 252  info:  There are 79 sim hits in this event, adding up to a total energy of 29.6961
[ EcalClusterAnalyzer ] 252  info: Avg number of clusters per layer: 1
[ EcalClusterAnalyzer ] 252  info: Number of ECal CLUE clusters: 1, TS counted electrons: 1, SP electrons: 1
[ TruthSeedProcessor ] 254  warn: Propagation to target surface failed — track may have exited the B-field map.
[ Tagger_TrackFinder ] 254  info: Number of TaggerRecoSeeds seed tracks = 1
[ Tagger_TrackFinder ] 254  info: Number of CKF tracks 1
[ Recoil_TrackFinder ] 254  info: Number of RecoilRecoSeeds seed tracks = 1
[ Recoil_TrackFinder ] 254  info: Number of CKF tracks 1
[ TrackerVetoProcessor ] 254  info: Tagger requirements passed for 0 tracks
[ TrackerVetoProcessor ] 254  info: Recoil requirements passed for 0 tracks
[ TrackerVetoProcessor ] 254  info: Tracker veto failed
[ EcalClusterProducer ] 254  info: Using CLUE clustering algorithm
[ CLUE ] 254  info: Starting CLUE clustering with parameters:dc 5, rc 550, delta_c 10, delta_o 40, nbr_of_layers 1, reclustering false
[ EcalVetoProcessor ] 254  info:    Is this event is fiducial in ECAL? true
[ EcalVetoProcessor ] 254  info:  BDT was ran, score is 0.542279
[ EcalVetoProcessor ] 254  info:  The pred > bdtCutVal = false
[ EcalMipTrackingProcessor ] 254  info: Finding linreg tracks from a total of 30 hits using a radius of 35 mm
[ EcalMipTrackingProcessor ] 254  info:  MIP tracking completed; found 1 straight tracks and 0 lin-reg tracks
[ HcalVetoProcessor ] 254  info: There are 1 / 1 HCal hits read out. 1 are not associated with the recoil ele. Total PE of 1
[ HcalVetoProcessor ] 254  info: HCAL veto passed? true
[ ElectronCounter ] 254  info: Found 0 electrons (tracks) using input collection TriggerPadTracksY_
[ trigger ] 254  info: Got trigger energy cut 0 for 0 electrons counted in the event.
[ trigger ] 254  info: Got trigger energy sum 7666.89; and decision is pass = false
[ TrigScintDigiVerifier ] 254  info: There are 2 ts digis in this event
[ TrigScintDigiVerifier ] 254  info:  There are 1 sim hits in this event, adding up to a total energy of 0.00346065
[ ElectroNuclearDQM ] 254  warn: No EN daughters found, skipping kinematics
[ EcalClusterAnalyzer ] 254  info: Avg number of clusters per layer: 1
[ EcalClusterAnalyzer ] 254  info: Number of ECal CLUE clusters: 1, TS counted electrons: 0, SP electrons: 0
[ biasing::TargetENProcessFilter ] 256  info: Electronuclear reaction resulted in 8 particles via biasWrapper(electronNuclear) process.
[ TruthSeedProcessor ] 256  warn: Propagation to target surface failed — track may have exited the B-field map.
[ Tagger_TrackFinder ] 256  info: Number of TaggerRecoSeeds seed tracks = 1
[ Tagger_TrackFinder ] 256  info: Number of CKF tracks 1
[ Recoil_TrackFinder ] 256  info: Number of RecoilRecoSeeds seed tracks = 3
[ Recoil_TrackFinder ] 256  warn: smoothTrack failed: Did not find a compatible track state
[ Recoil_TrackFinder ] 256  info: Number of CKF tracks 2
[ TrackerVetoProcessor ] 256  info: Tagger requirements passed for 1 tracks
[ TrackerVetoProcessor ] 256  info: Recoil requirements passed for 2 tracks
[ TrackerVetoProcessor ] 256  info: Tracker veto failed
[ EcalClusterProducer ] 256  info: Using CLUE clustering algorithm
[ CLUE ] 256  info: Starting CLUE clustering with parameters:dc 5, rc 550, delta_c 10, delta_o 40, nbr_of_layers 1, reclustering false
[ EcalVetoProcessor ] 256  info:    Is this event is fiducial in ECAL? true
[ EcalVetoProcessor ] 256  info:  BDT was ran, score is 0.260289
[ EcalVetoProcessor ] 256  info:  The pred > bdtCutVal = false
[ EcalMipTrackingProcessor ] 256  info: Finding linreg tracks from a total of 32 hits using a radius of 35 mm
[ EcalMipTrackingProcessor ] 256  info:  MIP tracking completed; found 0 straight tracks and 0 lin-reg tracks
[ HcalVetoProcessor ] 256  info: There are 1 / 1 HCal hits read out. 1 are not associated with the recoil ele. Total PE of 1
[ HcalVetoProcessor ] 256  info: HCAL veto passed? true
[ ElectronCounter ] 256  info: Found 1 electrons (tracks) using input collection TriggerPadTracksY_
[ trigger ] 256  info: Got trigger energy cut 3000 for 1 electrons counted in the event.
[ trigger ] 256  info: Got trigger energy sum 6795.48; and decision is pass = false
[ TrigScintDigiVerifier ] 256  info: There are 3 ts digis in this event
[ TrigScintDigiVerifier ] 256  info:  There are 52 sim hits in this event, adding up to a total energy of 26.4918
[ EcalClusterAnalyzer ] 256  info: Avg number of clusters per layer: 1
[ EcalClusterAnalyzer ] 256  info: Number of ECal CLUE clusters: 1, TS counted electrons: 1, SP electrons: 1
[ biasing::TargetENProcessFilter ] 258  info: Electronuclear reaction resulted in 9 particles via biasWrapper(electronNuclear) process.
[ TruthSeedProcessor ] 258  warn: Propagation to target surface failed — track may have exited the B-field map.
[ Tagger_TrackFinder ] 258  info: Number of TaggerRecoSeeds seed tracks = 1
[ Tagger_TrackFinder ] 258  info: Number of CKF tracks 1
[ Recoil_TrackFinder ] 258  info: Number of RecoilRecoSeeds seed tracks = 4
[ Recoil_TrackFinder ] 258  info: Number of CKF tracks 2
[ TrackerVetoProcessor ] 258  info: Tagger requirements passed for 1 tracks
[ TrackerVetoProcessor ] 258  info: Recoil requirements passed for 2 tracks
[ TrackerVetoProcessor ] 258  info: Tracker veto failed
[ EcalClusterProducer ] 258  info: Using CLUE clustering algorithm
[ CLUE ] 258  info: Starting CLUE clustering with parameters:dc 5, rc 550, delta_c 10, delta_o 40, nbr_of_layers 1, reclustering false
[ EcalVetoProcessor ] 258  info:    Is this event is fiducial in ECAL? true
[ EcalVetoProcessor ] 258  info:  BDT was ran, score is 0.000213683
[ EcalVetoProcessor ] 258  info:  The pred > bdtCutVal = false
[ EcalMipTrackingProcessor ] 258  info: Finding linreg tracks from a total of 67 hits using a radius of 35 mm
[ EcalMipTrackingProcessor ] 258  info:  MIP tracking completed; found 12 straight tracks and 0 lin-reg tracks
[ HcalVetoProcessor ] 258  info: There are 16 / 16 HCal hits read out. 16 are not associated with the recoil ele. Total PE of 555
[ HcalVetoProcessor ] 258  info: HCAL veto passed? false
[ ElectronCounter ] 258  info: Found 1 electrons (tracks) using input collection TriggerPadTracksY_
[ trigger ] 258  info: Got trigger energy cut 3000 for 1 electrons counted in the event.
[ trigger ] 258  info: Got trigger energy sum 6781.87; and decision is pass = false
[ TrigScintDigiVerifier ] 258  info: There are 1 ts digis in this event
[ TrigScintDigiVerifier ] 258  info:  There are 115 sim hits in this event, adding up to a total energy of 41.8116
[ EcalClusterAnalyzer ] 258  info: Avg number of clusters per layer: 1
[ EcalClusterAnalyzer ] 258  info: Number of ECal CLUE clusters: 1, TS counted electrons: 1, SP electrons: 1
[ biasing::TargetENProcessFilter ] 259  info: Electronuclear reaction resulted in 10 particles via biasWrapper(electronNuclear) process.
[ TruthSeedProcessor ] 259  warn: Propagation to target surface failed — track may have exited the B-field map.
[ Tagger_TrackFinder ] 259  info: Number of TaggerRecoSeeds seed tracks = 1
[ Tagger_TrackFinder ] 259  info: Number of CKF tracks 1
[ Recoil_TrackFinder ] 259  info: Number of RecoilRecoSeeds seed tracks = 10
[ Recoil_TrackFinder ] 259  info: Number of CKF tracks 5
[ TrackerVetoProcessor ] 259  info: Tagger requirements passed for 1 tracks
[ TrackerVetoProcessor ] 259  info: Recoil requirements passed for 2 tracks
[ TrackerVetoProcessor ] 259  info: Tracker veto failed
[ EcalClusterProducer ] 259  info: Using CLUE clustering algorithm
[ CLUE ] 259  info: Starting CLUE clustering with parameters:dc 5, rc 550, delta_c 10, delta_o 40, nbr_of_layers 1, reclustering false
[ EcalVetoProcessor ] 259  info:    Is this event is fiducial in ECAL? true
[ EcalVetoProcessor ] 259  info:  BDT was ran, score is 0.000169992
[ EcalVetoProcessor ] 259  info:  The pred > bdtCutVal = false
[ EcalMipTrackingProcessor ] 259  info: Finding linreg tracks from a total of 34 hits using a radius of 35 mm
[ EcalMipTrackingProcessor ] 259  info:  MIP tracking completed; found 3 straight tracks and 0 lin-reg tracks
[ HcalVetoProcessor ] 259  info: There are 14 / 14 HCal hits read out. 14 are not associated with the recoil ele. Total PE of 1253
[ HcalVetoProcessor ] 259  info: HCAL veto passed? false
[ ElectronCounter ] 259  info: Found 1 electrons (tracks) using input collection TriggerPadTracksY_
[ trigger ] 259  info: Got trigger energy cut 3000 for 1 electrons counted in the event.
[ trigger ] 259  info: Got trigger energy sum 7001.34; and decision is pass = false
[ TrigScintDigiVerifier ] 259  info: There are 3 ts digis in this event
[ TrigScintDigiVerifier ] 259  info:  There are 35 sim hits in this event, adding up to a total energy of 44.5601
[ EcalClusterAnalyzer ] 259  info: Avg number of clusters per layer: 1
[ EcalClusterAnalyzer ] 259  info: Number of ECal CLUE clusters: 1, TS counted electrons: 1, SP electrons: 1
[ biasing::TargetENProcessFilter ] 260  info: Electronuclear reaction resulted in 24 particles via biasWrapper(electronNuclear) process.
[ TruthSeedProcessor ] 260  warn: Propagation to target surface failed — track may have exited the B-field map.
[ Tagger_TrackFinder ] 260  info: Number of TaggerRecoSeeds seed tracks = 1
[ Tagger_TrackFinder ] 260  info: Number of CKF tracks 1
[ Recoil_TrackFinder ] 260  info: Number of RecoilRecoSeeds seed tracks = 32
[ Recoil_TrackFinder ] 260  info: Number of CKF tracks 30
[ TrackerVetoProcessor ] 260  info: Tagger requirements passed for 0 tracks
[ TrackerVetoProcessor ] 260  info: Recoil requirements passed for 4 tracks
[ TrackerVetoProcessor ] 260  info: Tracker veto failed
[ EcalClusterProducer ] 260  info: Using CLUE clustering algorithm
[ CLUE ] 260  info: Starting CLUE clustering with parameters:dc 5, rc 550, delta_c 10, delta_o 40, nbr_of_layers 1, reclustering false
[ EcalVetoProcessor ] 260  info:    Is this event is fiducial in ECAL? true
[ EcalVetoProcessor ] 260  info:  BDT was ran, score is 0.00606436
[ EcalVetoProcessor ] 260  info:  The pred > bdtCutVal = false
[ EcalMipTrackingProcessor ] 260  info: Finding linreg tracks from a total of 43 hits using a radius of 35 mm
[ EcalMipTrackingProcessor ] 260  info:  MIP tracking completed; found 2 straight tracks and 0 lin-reg tracks
[ HcalVetoProcessor ] 260  info: There are 28 / 28 HCal hits read out. 28 are not associated with the recoil ele. Total PE of 1097
[ HcalVetoProcessor ] 260  info: HCAL veto passed? false
[ ElectronCounter ] 260  info: Found 1 electrons (tracks) using input collection TriggerPadTracksY_
[ trigger ] 260  info: Got trigger energy cut 3000 for 1 electrons counted in the event.
[ trigger ] 260  info: Got trigger energy sum 6212.73; and decision is pass = false
[ TrigScintDigiVerifier ] 260  info: There are 3 ts digis in this event
[ TrigScintDigiVerifier ] 260  info:  There are 126 sim hits in this event, adding up to a total energy of 94.4325
[ EcalClusterAnalyzer ] 260  info: Avg number of clusters per layer: 1
[ EcalClusterAnalyzer ] 260  info: Number of ECal CLUE clusters: 1, TS counted electrons: 1, SP electrons: 1
[ biasing::TargetENProcessFilter ] 261  info: Electronuclear reaction resulted in 10 particles via biasWrapper(electronNuclear) process.
[ TruthSeedProcessor ] 261  warn: Propagation to target surface failed — track may have exited the B-field map.
[ Tagger_TrackFinder ] 261  info: Number of TaggerRecoSeeds seed tracks = 1
[ Tagger_TrackFinder ] 261  info: Number of CKF tracks 1
[ Recoil_TrackFinder ] 261  info: Number of RecoilRecoSeeds seed tracks = 2
[ Recoil_TrackFinder ] 261  info: Number of CKF tracks 2
[ TrackerVetoProcessor ] 261  info: Tagger requirements passed for 1 tracks
[ TrackerVetoProcessor ] 261  info: Recoil requirements passed for 1 tracks
[ TrackerVetoProcessor ] 261  info: Tracker veto passed, skim will keep the event
[ EcalClusterProducer ] 261  info: Using CLUE clustering algorithm
[ CLUE ] 261  info: Starting CLUE clustering with parameters:dc 5, rc 550, delta_c 10, delta_o 40, nbr_of_layers 1, reclustering false
[ EcalVetoProcessor ] 261  info:    Is this event is fiducial in ECAL? true
[ EcalVetoProcessor ] 261  info:  BDT was ran, score is 0.0108135
[ EcalVetoProcessor ] 261  info:  The pred > bdtCutVal = false
[ EcalMipTrackingProcessor ] 261  info: Finding linreg tracks from a total of 59 hits using a radius of 35 mm
[ EcalMipTrackingProcessor ] 261  info:  MIP tracking completed; found 4 straight tracks and 0 lin-reg tracks
[ HcalVetoProcessor ] 261  info: There are 25 / 25 HCal hits read out. 25 are not associated with the recoil ele. Total PE of 847
[ HcalVetoProcessor ] 261  info: HCAL veto passed? false
[ ElectronCounter ] 261  info: Found 1 electrons (tracks) using input collection TriggerPadTracksY_
[ trigger ] 261  info: Got trigger energy cut 3000 for 1 electrons counted in the event.
[ trigger ] 261  info: Got trigger energy sum 5836.88; and decision is pass = false
[ TrigScintDigiVerifier ] 261  info: There are 2 ts digis in this event
[ TrigScintDigiVerifier ] 261  info:  There are 100 sim hits in this event, adding up to a total energy of 65.8079
[ EcalClusterAnalyzer ] 261  info: Avg number of clusters per layer: 1
[ EcalClusterAnalyzer ] 261  info: Number of ECal CLUE clusters: 1, TS counted electrons: 1, SP electrons: 1
[ biasing::TargetENProcessFilter ] 264  info: Electronuclear reaction resulted in 9 particles via biasWrapper(electronNuclear) process.
[ TruthSeedProcessor ] 264  warn: Propagation to target surface failed — track may have exited the B-field map.
[ Tagger_TrackFinder ] 264  info: Number of TaggerRecoSeeds seed tracks = 1
[ Tagger_TrackFinder ] 264  info: Number of CKF tracks 1
[ Recoil_TrackFinder ] 264  info: Number of RecoilRecoSeeds seed tracks = 2
[ Recoil_TrackFinder ] 264  info: Number of CKF tracks 2
[ TrackerVetoProcessor ] 264  info: Tagger requirements passed for 1 tracks
[ TrackerVetoProcessor ] 264  info: Recoil requirements passed for 2 tracks
[ TrackerVetoProcessor ] 264  info: Tracker veto failed
[ EcalClusterProducer ] 264  info: Using CLUE clustering algorithm
[ CLUE ] 264  info: Starting CLUE clustering with parameters:dc 5, rc 550, delta_c 10, delta_o 40, nbr_of_layers 1, reclustering false
[ EcalVetoProcessor ] 264  info:    Is this event is fiducial in ECAL? true
[ EcalVetoProcessor ] 264  info:  BDT was ran, score is 0.653363
[ EcalVetoProcessor ] 264  info:  The pred > bdtCutVal = false
[ EcalMipTrackingProcessor ] 264  info: Finding linreg tracks from a total of 51 hits using a radius of 35 mm
[ EcalMipTrackingProcessor ] 264  info:  MIP tracking completed; found 3 straight tracks and 0 lin-reg tracks
[ HcalVetoProcessor ] 264  info: There are 16 / 16 HCal hits read out. 16 are not associated with the recoil ele. Total PE of 517
[ HcalVetoProcessor ] 264  info: HCAL veto passed? false
[ ElectronCounter ] 264  info: Found 1 electrons (tracks) using input collection TriggerPadTracksY_
[ trigger ] 264  info: Got trigger energy cut 3000 for 1 electrons counted in the event.
[ trigger ] 264  info: Got trigger energy sum 5807.01; and decision is pass = false
[ TrigScintDigiVerifier ] 264  info: There are 4 ts digis in this event
[ TrigScintDigiVerifier ] 264  info:  There are 94 sim hits in this event, adding up to a total energy of 39.0504
[ EcalClusterAnalyzer ] 264  info: Avg number of clusters per layer: 1
[ EcalClusterAnalyzer ] 264  info: Number of ECal CLUE clusters: 1, TS counted electrons: 1, SP electrons: 1
[ biasing::TargetENProcessFilter ] 267  info: Electronuclear reaction resulted in 8 particles via biasWrapper(electronNuclear) process.
[ TruthSeedProcessor ] 267  warn: Propagation to target surface failed — track may have exited the B-field map.
[ Tagger_TrackFinder ] 267  info: Number of TaggerRecoSeeds seed tracks = 1
[ Tagger_TrackFinder ] 267  info: Number of CKF tracks 1
[ Recoil_TrackFinder ] 267  info: Number of RecoilRecoSeeds seed tracks = 18
[ Recoil_TrackFinder ] 267  info: Number of CKF tracks 2
[ TrackerVetoProcessor ] 267  info: Tagger requirements passed for 1 tracks
[ TrackerVetoProcessor ] 267  info: Recoil requirements passed for 1 tracks
[ TrackerVetoProcessor ] 267  info: Tracker veto passed, skim will keep the event
[ EcalClusterProducer ] 267  info: Using CLUE clustering algorithm
[ CLUE ] 267  info: Starting CLUE clustering with parameters:dc 5, rc 550, delta_c 10, delta_o 40, nbr_of_layers 1, reclustering false
[ EcalVetoProcessor ] 267  info:    Is this event is fiducial in ECAL? true
[ EcalVetoProcessor ] 267  info:  BDT was ran, score is 0.025525
[ EcalVetoProcessor ] 267  info:  The pred > bdtCutVal = false
[ EcalMipTrackingProcessor ] 267  info: Finding linreg tracks from a total of 48 hits using a radius of 35 mm
[ EcalMipTrackingProcessor ] 267  info:  MIP tracking completed; found 3 straight tracks and 0 lin-reg tracks
[ HcalVetoProcessor ] 267  info: There are 58 / 59 HCal hits read out. 58 are not associated with the recoil ele. Total PE of 1684
[ HcalVetoProcessor ] 267  info: HCAL veto passed? false
[ ElectronCounter ] 267  info: Found 1 electrons (tracks) using input collection TriggerPadTracksY_
[ trigger ] 267  info: Got trigger energy cut 3000 for 1 electrons counted in the event.
[ trigger ] 267  info: Got trigger energy sum 3046.58; and decision is pass = false
[ TrigScintDigiVerifier ] 267  info: There are 1 ts digis in this event
[ TrigScintDigiVerifier ] 267  info:  There are 49 sim hits in this event, adding up to a total energy of 26.8103
[ EcalClusterAnalyzer ] 267  info: Avg number of clusters per layer: 0
[ EcalClusterAnalyzer ] 267  info: Number of ECal CLUE clusters: 0, TS counted electrons: 1, SP electrons: 1
[ biasing::TargetENProcessFilter ] 268  info: Electronuclear reaction resulted in 7 particles via biasWrapper(electronNuclear) process.
[ TruthSeedProcessor ] 268  warn: Propagation to target surface failed — track may have exited the B-field map.
[ Tagger_TrackFinder ] 268  info: Number of TaggerRecoSeeds seed tracks = 1
[ Tagger_TrackFinder ] 268  info: Number of CKF tracks 1
[ Recoil_TrackFinder ] 268  info: Number of RecoilRecoSeeds seed tracks = 1
[ Recoil_TrackFinder ] 268  info: Number of CKF tracks 0
[ TrackerVetoProcessor ] 268  info: Tagger requirements passed for 1 tracks
[ TrackerVetoProcessor ] 268  info: Recoil requirements passed for 0 tracks
[ TrackerVetoProcessor ] 268  info: Tracker veto failed
[ EcalClusterProducer ] 268  info: Using CLUE clustering algorithm
[ CLUE ] 268  info: Starting CLUE clustering with parameters:dc 5, rc 550, delta_c 10, delta_o 40, nbr_of_layers 1, reclustering false
[ EcalVetoProcessor ] 268  info:    Is this event is fiducial in ECAL? false
[ EcalVetoProcessor ] 268  info:  BDT was ran, score is 0.000557363
[ EcalVetoProcessor ] 268  info:  The pred > bdtCutVal = false
[ EcalMipTrackingProcessor ] 268  info: Finding linreg tracks from a total of 55 hits using a radius of 35 mm
[ EcalMipTrackingProcessor ] 268  info:  MIP tracking completed; found 18 straight tracks and 0 lin-reg tracks
[ EcalPnetVetoProcessor ] 268  info:   No recoil track at ECAL
[ HcalVetoProcessor ] 268  info: There are 12 / 14 HCal hits read out. 12 are not associated with the recoil ele. Total PE of 361
[ HcalVetoProcessor ] 268  info: HCAL veto passed? false
[ ElectronCounter ] 268  info: Found 1 electrons (tracks) using input collection TriggerPadTracksY_
[ trigger ] 268  info: Got trigger energy cut 3000 for 1 electrons counted in the event.
[ trigger ] 268  info: Got trigger energy sum 6504.57; and decision is pass = false
[ TrigScintDigiVerifier ] 268  info: There are 2 ts digis in this event
[ TrigScintDigiVerifier ] 268  info:  There are 69 sim hits in this event, adding up to a total energy of 18.3255
[ EcalClusterAnalyzer ] 268  info: Avg number of clusters per layer: 1
[ EcalClusterAnalyzer ] 268  info: Number of ECal CLUE clusters: 1, TS counted electrons: 1, SP electrons: 1
[ biasing::TargetENProcessFilter ] 269  info: Electronuclear reaction resulted in 7 particles via biasWrapper(electronNuclear) process.
[ TruthSeedProcessor ] 269  warn: Propagation to target surface failed — track may have exited the B-field map.
[ Tagger_TrackFinder ] 269  info: Number of TaggerRecoSeeds seed tracks = 1
[ Tagger_TrackFinder ] 269  info: Number of CKF tracks 1
[ Recoil_TrackFinder ] 269  info: Number of RecoilRecoSeeds seed tracks = 238
00:28:59    Propagator     WARNING   Field lookup was unsuccessful, this is very likely an error
00:28:59    Propagator     WARNING   Field lookup was unsuccessful, this is very likely an error
00:28:59    Propagator     WARNING   Field lookup was unsuccessful, this is very likely an error
00:28:59    Propagator     WARNING   Field lookup was unsuccessful, this is very likely an error
00:28:59    Propagator     WARNING   Field lookup was unsuccessful, this is very likely an error
00:28:59    Propagator     WARNING   Field lookup was unsuccessful, this is very likely an error
[ Recoil_TrackFinder ] 269  info: Number of CKF tracks 63
[ TrackerVetoProcessor ] 269  info: Tagger requirements passed for 1 tracks
[ TrackerVetoProcessor ] 269  info: Recoil requirements passed for 27 tracks
[ TrackerVetoProcessor ] 269  info: Tracker veto failed
[ EcalClusterProducer ] 269  info: Using CLUE clustering algorithm
[ CLUE ] 269  info: Starting CLUE clustering with parameters:dc 5, rc 550, delta_c 10, delta_o 40, nbr_of_layers 1, reclustering false
[ EcalVetoProcessor ] 269  info:    Is this event is fiducial in ECAL? true
[ EcalVetoProcessor ] 269  info:  BDT was ran, score is 3.29018e-05
[ EcalVetoProcessor ] 269  info:  The pred > bdtCutVal = false
[ EcalMipTrackingProcessor ] 269  info: Finding linreg tracks from a total of 99 hits using a radius of 35 mm
[ EcalMipTrackingProcessor ] 269  info:  MIP tracking completed; found 13 straight tracks and 0 lin-reg tracks
[ HcalVetoProcessor ] 269  info: There are 16 / 16 HCal hits read out. 16 are not associated with the recoil ele. Total PE of 486
[ HcalVetoProcessor ] 269  info: HCAL veto passed? false
[ ElectronCounter ] 269  info: Found 1 electrons (tracks) using input collection TriggerPadTracksY_
[ trigger ] 269  info: Got trigger energy cut 3000 for 1 electrons counted in the event.
[ trigger ] 269  info: Got trigger energy sum 5740.33; and decision is pass = false
[ TrigScintDigiVerifier ] 269  info: There are 2 ts digis in this event
[ TrigScintDigiVerifier ] 269  info:  There are 99 sim hits in this event, adding up to a total energy of 112.664
[ EcalClusterAnalyzer ] 269  info: Avg number of clusters per layer: 0
[ EcalClusterAnalyzer ] 269  info: Number of ECal CLUE clusters: 0, TS counted electrons: 1, SP electrons: 1
[ biasing::TargetENProcessFilter ] 270  info: Electronuclear reaction resulted in 11 particles via biasWrapper(electronNuclear) process.
[ TruthSeedProcessor ] 270  warn: Propagation to target surface failed — track may have exited the B-field map.
[ Tagger_TrackFinder ] 270  info: Number of TaggerRecoSeeds seed tracks = 1
[ Tagger_TrackFinder ] 270  info: Number of CKF tracks 1
[ Recoil_TrackFinder ] 270  info: Number of RecoilRecoSeeds seed tracks = 35
00:29:00    Propagator     WARNING   Field lookup was unsuccessful, this is very likely an error
00:29:00    Propagator     WARNING   Field lookup was unsuccessful, this is very likely an error
00:29:00    Propagator     WARNING   Field lookup was unsuccessful, this is very likely an error
00:29:00    Propagator     WARNING   Field lookup was unsuccessful, this is very likely an error
00:29:00    Propagator     WARNING   Field lookup was unsuccessful, this is very likely an error
[ Recoil_TrackFinder ] 270  info: Number of CKF tracks 14
[ TrackerVetoProcessor ] 270  info: Tagger requirements passed for 1 tracks
[ TrackerVetoProcessor ] 270  info: Recoil requirements passed for 3 tracks
[ TrackerVetoProcessor ] 270  info: Tracker veto failed
[ EcalClusterProducer ] 270  info: Using CLUE clustering algorithm
[ CLUE ] 270  info: Starting CLUE clustering with parameters:dc 5, rc 550, delta_c 10, delta_o 40, nbr_of_layers 1, reclustering false
[ EcalVetoProcessor ] 270  info:    Is this event is fiducial in ECAL? true
[ EcalVetoProcessor ] 270  info:  BDT was ran, score is 0.683163
[ EcalVetoProcessor ] 270  info:  The pred > bdtCutVal = false
[ EcalMipTrackingProcessor ] 270  info: Finding linreg tracks from a total of 50 hits using a radius of 35 mm
[ EcalMipTrackingProcessor ] 270  info:  MIP tracking completed; found 0 straight tracks and 0 lin-reg tracks
[ HcalVetoProcessor ] 270  info: There are 13 / 13 HCal hits read out. 13 are not associated with the recoil ele. Total PE of 578
[ HcalVetoProcessor ] 270  info: HCAL veto passed? false
[ ElectronCounter ] 270  info: Found 1 electrons (tracks) using input collection TriggerPadTracksY_
[ trigger ] 270  info: Got trigger energy cut 3000 for 1 electrons counted in the event.
[ trigger ] 270  info: Got trigger energy sum 6324.11; and decision is pass = false
[ TrigScintDigiVerifier ] 270  info: There are 2 ts digis in this event
[ TrigScintDigiVerifier ] 270  info:  There are 34 sim hits in this event, adding up to a total energy of 22.1443
[ EcalClusterAnalyzer ] 270  info: Avg number of clusters per layer: 1
[ EcalClusterAnalyzer ] 270  info: Number of ECal CLUE clusters: 1, TS counted electrons: 1, SP electrons: 1
[ biasing::TargetENProcessFilter ] 273  info: Electronuclear reaction resulted in 11 particles via biasWrapper(electronNuclear) process.
[ TruthSeedProcessor ] 273  warn: Propagation to target surface failed — track may have exited the B-field map.
[ Tagger_TrackFinder ] 273  info: Number of TaggerRecoSeeds seed tracks = 1
[ Tagger_TrackFinder ] 273  info: Number of CKF tracks 1
[ Recoil_TrackFinder ] 273  info: Number of RecoilRecoSeeds seed tracks = 42
[ Recoil_TrackFinder ] 273  warn: smoothTrack failed: Did not find a compatible track state
[ Recoil_TrackFinder ] 273  warn: smoothTrack failed: Did not find a compatible track state
[ Recoil_TrackFinder ] 273  warn: smoothTrack failed: Did not find a compatible track state
[ Recoil_TrackFinder ] 273  warn: smoothTrack failed: Did not find a compatible track state
00:29:12    Propagator     WARNING   Field lookup was unsuccessful, this is very likely an error
[ Recoil_TrackFinder ] 273  warn: smoothTrack failed: Did not find a compatible track state
[ Recoil_TrackFinder ] 273  warn: smoothTrack failed: Did not find a compatible track state
[ Recoil_TrackFinder ] 273  warn: smoothTrack failed: Did not find a compatible track state
[ Recoil_TrackFinder ] 273  warn: smoothTrack failed: Did not find a compatible track state
[ Recoil_TrackFinder ] 273  info: Number of CKF tracks 30
[ TrackerVetoProcessor ] 273  info: Tagger requirements passed for 1 tracks
[ TrackerVetoProcessor ] 273  info: Recoil requirements passed for 15 tracks
[ TrackerVetoProcessor ] 273  info: Tracker veto failed
[ EcalClusterProducer ] 273  info: Using CLUE clustering algorithm
[ CLUE ] 273  info: Starting CLUE clustering with parameters:dc 5, rc 550, delta_c 10, delta_o 40, nbr_of_layers 1, reclustering false
[ EcalVetoProcessor ] 273  info:    Is this event is fiducial in ECAL? true
[ EcalVetoProcessor ] 273  info:  BDT was ran, score is 0.000561059
[ EcalVetoProcessor ] 273  info:  The pred > bdtCutVal = false
[ EcalMipTrackingProcessor ] 273  info: Finding linreg tracks from a total of 47 hits using a radius of 35 mm
[ EcalMipTrackingProcessor ] 273  info:  MIP tracking completed; found 2 straight tracks and 0 lin-reg tracks
[ HcalVetoProcessor ] 273  info: There are 39 / 41 HCal hits read out. 39 are not associated with the recoil ele. Total PE of 870
[ HcalVetoProcessor ] 273  info: HCAL veto passed? false
[ ElectronCounter ] 273  info: Found 1 electrons (tracks) using input collection TriggerPadTracksY_
[ trigger ] 273  info: Got trigger energy cut 3000 for 1 electrons counted in the event.
[ trigger ] 273  info: Got trigger energy sum 4402.02; and decision is pass = false
[ TrigScintDigiVerifier ] 273  info: There are 1 ts digis in this event
[ TrigScintDigiVerifier ] 273  info:  There are 126 sim hits in this event, adding up to a total energy of 139.318
[ EcalClusterAnalyzer ] 273  info: Avg number of clusters per layer: 0
[ EcalClusterAnalyzer ] 273  info: Number of ECal CLUE clusters: 0, TS counted electrons: 1, SP electrons: 1
[ biasing::TargetENProcessFilter ] 278  info: Electronuclear reaction resulted in 20 particles via biasWrapper(electronNuclear) process.
[ TruthSeedProcessor ] 278  warn: Propagation to target surface failed — track may have exited the B-field map.
[ Tagger_TrackFinder ] 278  info: Number of TaggerRecoSeeds seed tracks = 1
[ Tagger_TrackFinder ] 278  info: Number of CKF tracks 1
[ Recoil_TrackFinder ] 278  info: Number of RecoilRecoSeeds seed tracks = 30
00:29:40    Propagator     WARNING   Field lookup was unsuccessful, this is very likely an error
00:29:40    Propagator     WARNING   Field lookup was unsuccessful, this is very likely an error
00:29:40    Propagator     WARNING   Field lookup was unsuccessful, this is very likely an error
[ Recoil_TrackFinder ] 278  info: Number of CKF tracks 13
[ TrackerVetoProcessor ] 278  info: Tagger requirements passed for 1 tracks
[ TrackerVetoProcessor ] 278  info: Recoil requirements passed for 2 tracks
[ TrackerVetoProcessor ] 278  info: Tracker veto failed
[ EcalClusterProducer ] 278  info: Using CLUE clustering algorithm
[ CLUE ] 278  info: Starting CLUE clustering with parameters:dc 5, rc 550, delta_c 10, delta_o 40, nbr_of_layers 1, reclustering false
[ EcalVetoProcessor ] 278  info:    Is this event is fiducial in ECAL? true
[ EcalVetoProcessor ] 278  info:  BDT was ran, score is 0.00261003
[ EcalVetoProcessor ] 278  info:  The pred > bdtCutVal = false
[ EcalMipTrackingProcessor ] 278  info: Finding linreg tracks from a total of 58 hits using a radius of 35 mm
[ EcalMipTrackingProcessor ] 278  info:  MIP tracking completed; found 7 straight tracks and 0 lin-reg tracks
[ HcalVetoProcessor ] 278  info: There are 23 / 23 HCal hits read out. 23 are not associated with the recoil ele. Total PE of 1216
[ HcalVetoProcessor ] 278  info: HCAL veto passed? false
[ ElectronCounter ] 278  info: Found 1 electrons (tracks) using input collection TriggerPadTracksY_
[ trigger ] 278  info: Got trigger energy cut 3000 for 1 electrons counted in the event.
[ trigger ] 278  info: Got trigger energy sum 4831.62; and decision is pass = false
[ TrigScintDigiVerifier ] 278  info: There are 2 ts digis in this event
[ TrigScintDigiVerifier ] 278  info:  There are 103 sim hits in this event, adding up to a total energy of 102.48
[ EcalClusterAnalyzer ] 278  info: Avg number of clusters per layer: 1
[ EcalClusterAnalyzer ] 278  info: Number of ECal CLUE clusters: 1, TS counted electrons: 1, SP electrons: 1
[ biasing::TargetENProcessFilter ] 279  info: Electronuclear reaction resulted in 13 particles via biasWrapper(electronNuclear) process.
[ TruthSeedProcessor ] 279  warn: Propagation to target surface failed — track may have exited the B-field map.
[ Tagger_TrackFinder ] 279  info: Number of TaggerRecoSeeds seed tracks = 1
[ Tagger_TrackFinder ] 279  info: Number of CKF tracks 1
[ Recoil_TrackFinder ] 279  info: Number of RecoilRecoSeeds seed tracks = 44
00:29:42    Propagator     WARNING   Field lookup was unsuccessful, this is very likely an error
[ Recoil_TrackFinder ] 279  warn: smoothTrack failed: Did not find a compatible track state
[ Recoil_TrackFinder ] 279  info: Number of CKF tracks 14
00:29:42    GSF            WARNING   Performed steps with errors: MagneticFieldError:1 | MagneticFieldError:1 | MagneticFieldError:1 | MagneticFieldError:1 | MagneticFieldError:1 | MagneticFieldError:1 | MagneticFieldError:1 | MagneticFieldError:1 | MagneticFieldError:1 | MagneticFieldError:1 | MagneticFieldError:1 | MagneticFieldError:1
00:29:42    Propagator     WARNING   Field lookup was unsuccessful, this is very likely an error
[ TrackerVetoProcessor ] 279  info: Tagger requirements passed for 1 tracks
[ TrackerVetoProcessor ] 279  info: Recoil requirements passed for 8 tracks
[ TrackerVetoProcessor ] 279  info: Tracker veto failed
[ EcalClusterProducer ] 279  info: Using CLUE clustering algorithm
[ CLUE ] 279  info: Starting CLUE clustering with parameters:dc 5, rc 550, delta_c 10, delta_o 40, nbr_of_layers 1, reclustering false
[ EcalVetoProcessor ] 279  info:    Is this event is fiducial in ECAL? true
[ EcalVetoProcessor ] 279  info:  BDT was ran, score is 0.000176609
[ EcalVetoProcessor ] 279  info:  The pred > bdtCutVal = false
[ EcalMipTrackingProcessor ] 279  info: Finding linreg tracks from a total of 46 hits using a radius of 35 mm
[ EcalMipTrackingProcessor ] 279  info:  MIP tracking completed; found 9 straight tracks and 0 lin-reg tracks
[ HcalVetoProcessor ] 279  info: There are 6 / 6 HCal hits read out. 6 are not associated with the recoil ele. Total PE of 144
[ HcalVetoProcessor ] 279  info: HCAL veto passed? false
[ ElectronCounter ] 279  info: Found 0 electrons (tracks) using input collection TriggerPadTracksY_
[ trigger ] 279  info: Got trigger energy cut 0 for 0 electrons counted in the event.
[ trigger ] 279  info: Got trigger energy sum 6412.89; and decision is pass = false
[ TrigScintDigiVerifier ] 279  info: There are 2 ts digis in this event
[ TrigScintDigiVerifier ] 279  info:  There are 55 sim hits in this event, adding up to a total energy of 52.2603
[ EcalClusterAnalyzer ] 279  info: Avg number of clusters per layer: 1
[ EcalClusterAnalyzer ] 279  info: Number of ECal CLUE clusters: 1, TS counted electrons: 0, SP electrons: 0
[ biasing::TargetENProcessFilter ] 282  info: Electronuclear reaction resulted in 8 particles via biasWrapper(electronNuclear) process.
[ TruthSeedProcessor ] 282  warn: Propagation to target surface failed — track may have exited the B-field map.
[ Tagger_TrackFinder ] 282  info: Number of TaggerRecoSeeds seed tracks = 1
[ Tagger_TrackFinder ] 282  info: Number of CKF tracks 1
[ Recoil_TrackFinder ] 282  info: Number of RecoilRecoSeeds seed tracks = 52
00:29:59    Propagator     WARNING   Field lookup was unsuccessful, this is very likely an error
[ Recoil_TrackFinder ] 282  warn: smoothTrack failed: Did not find a compatible track state
[ Recoil_TrackFinder ] 282  info: Number of CKF tracks 12
[ TrackerVetoProcessor ] 282  info: Tagger requirements passed for 1 tracks
[ TrackerVetoProcessor ] 282  info: Recoil requirements passed for 2 tracks
[ TrackerVetoProcessor ] 282  info: Tracker veto failed
[ EcalClusterProducer ] 282  info: Using CLUE clustering algorithm
[ CLUE ] 282  info: Starting CLUE clustering with parameters:dc 5, rc 550, delta_c 10, delta_o 40, nbr_of_layers 1, reclustering false
[ EcalVetoProcessor ] 282  info:    Is this event is fiducial in ECAL? true
[ EcalVetoProcessor ] 282  info:  BDT was ran, score is 0.113239
[ EcalVetoProcessor ] 282  info:  The pred > bdtCutVal = false
[ EcalMipTrackingProcessor ] 282  info: Finding linreg tracks from a total of 33 hits using a radius of 35 mm
[ EcalMipTrackingProcessor ] 282  info:  MIP tracking completed; found 2 straight tracks and 0 lin-reg tracks
[ HcalVetoProcessor ] 282  info: There are 10 / 10 HCal hits read out. 10 are not associated with the recoil ele. Total PE of 183
[ HcalVetoProcessor ] 282  info: HCAL veto passed? false
[ ElectronCounter ] 282  info: Found 1 electrons (tracks) using input collection TriggerPadTracksY_
[ trigger ] 282  info: Got trigger energy cut 3000 for 1 electrons counted in the event.
[ trigger ] 282  info: Got trigger energy sum 5789.57; and decision is pass = false
[ TrigScintDigiVerifier ] 282  info: There are 3 ts digis in this event
[ TrigScintDigiVerifier ] 282  info:  There are 53 sim hits in this event, adding up to a total energy of 62.235
[ EcalClusterAnalyzer ] 282  info: Avg number of clusters per layer: 1
[ EcalClusterAnalyzer ] 282  info: Number of ECal CLUE clusters: 1, TS counted electrons: 1, SP electrons: 1
[ biasing::TargetENProcessFilter ] 287  info: Electronuclear reaction resulted in 10 particles via biasWrapper(electronNuclear) process.
[ TruthSeedProcessor ] 287  warn: Propagation to target surface failed — track may have exited the B-field map.
[ Tagger_TrackFinder ] 287  info: Number of TaggerRecoSeeds seed tracks = 1
[ Tagger_TrackFinder ] 287  info: Number of CKF tracks 1
[ Recoil_TrackFinder ] 287  info: Number of RecoilRecoSeeds seed tracks = 103
00:30:29    Propagator     WARNING   Field lookup was unsuccessful, this is very likely an error
[ Recoil_TrackFinder ] 287  warn: smoothTrack failed: Did not find a compatible track state
[ Recoil_TrackFinder ] 287  warn: smoothTrack failed: Did not find a compatible track state
00:30:29    Propagator     WARNING   Field lookup was unsuccessful, this is very likely an error
[ Recoil_TrackFinder ] 287  warn: smoothTrack failed: Did not find a compatible track state
[ Recoil_TrackFinder ] 287  info: Number of CKF tracks 22
[ TrackerVetoProcessor ] 287  info: Tagger requirements passed for 1 tracks
[ TrackerVetoProcessor ] 287  info: Recoil requirements passed for 6 tracks
[ TrackerVetoProcessor ] 287  info: Tracker veto failed
[ EcalClusterProducer ] 287  info: Using CLUE clustering algorithm
[ CLUE ] 287  info: Starting CLUE clustering with parameters:dc 5, rc 550, delta_c 10, delta_o 40, nbr_of_layers 1, reclustering false
[ EcalVetoProcessor ] 287  info:    Is this event is fiducial in ECAL? true
[ EcalVetoProcessor ] 287  info:  BDT was ran, score is 0.00815505
[ EcalVetoProcessor ] 287  info:  The pred > bdtCutVal = false
[ EcalMipTrackingProcessor ] 287  info: Finding linreg tracks from a total of 40 hits using a radius of 35 mm
[ EcalMipTrackingProcessor ] 287  info:  MIP tracking completed; found 5 straight tracks and 0 lin-reg tracks
[ HcalVetoProcessor ] 287  info: There are 16 / 16 HCal hits read out. 16 are not associated with the recoil ele. Total PE of 357
[ HcalVetoProcessor ] 287  info: HCAL veto passed? false
[ ElectronCounter ] 287  info: Found 1 electrons (tracks) using input collection TriggerPadTracksY_
[ trigger ] 287  info: Got trigger energy cut 3000 for 1 electrons counted in the event.
[ trigger ] 287  info: Got trigger energy sum 5719.35; and decision is pass = false
[ TrigScintDigiVerifier ] 287  info: There are 1 ts digis in this event
[ TrigScintDigiVerifier ] 287  info:  There are 140 sim hits in this event, adding up to a total energy of 131.219
[ EcalClusterAnalyzer ] 287  info: Avg number of clusters per layer: 1
[ EcalClusterAnalyzer ] 287  info: Number of ECal CLUE clusters: 1, TS counted electrons: 1, SP electrons: 1
[ biasing::TargetENProcessFilter ] 290  info: Electronuclear reaction resulted in 18 particles via biasWrapper(electronNuclear) process.
[ TruthSeedProcessor ] 290  warn: Propagation to target surface failed — track may have exited the B-field map.
[ Tagger_TrackFinder ] 290  info: Number of TaggerRecoSeeds seed tracks = 1
[ Tagger_TrackFinder ] 290  info: Number of CKF tracks 1
[ Recoil_TrackFinder ] 290  info: Number of RecoilRecoSeeds seed tracks = 2
[ Recoil_TrackFinder ] 290  info: Number of CKF tracks 2
[ TrackerVetoProcessor ] 290  info: Tagger requirements passed for 1 tracks
[ TrackerVetoProcessor ] 290  info: Recoil requirements passed for 1 tracks
[ TrackerVetoProcessor ] 290  info: Tracker veto passed, skim will keep the event
[ EcalClusterProducer ] 290  info: Using CLUE clustering algorithm
[ CLUE ] 290  info: Starting CLUE clustering with parameters:dc 5, rc 550, delta_c 10, delta_o 40, nbr_of_layers 1, reclustering false
[ EcalVetoProcessor ] 290  info:    Is this event is fiducial in ECAL? true
[ EcalVetoProcessor ] 290  info:  BDT was ran, score is 0.170357
[ EcalVetoProcessor ] 290  info:  The pred > bdtCutVal = false
[ EcalMipTrackingProcessor ] 290  info: Finding linreg tracks from a total of 35 hits using a radius of 35 mm
[ EcalMipTrackingProcessor ] 290  info:  MIP tracking completed; found 1 straight tracks and 0 lin-reg tracks
[ HcalVetoProcessor ] 290  info: There are 15 / 15 HCal hits read out. 15 are not associated with the recoil ele. Total PE of 440
[ HcalVetoProcessor ] 290  info: HCAL veto passed? false
[ ElectronCounter ] 290  info: Found 1 electrons (tracks) using input collection TriggerPadTracksY_
[ trigger ] 290  info: Got trigger energy cut 3000 for 1 electrons counted in the event.
[ trigger ] 290  info: Got trigger energy sum 6868.04; and decision is pass = false
[ TrigScintDigiVerifier ] 290  info: There are 3 ts digis in this event
[ TrigScintDigiVerifier ] 290  info:  There are 22 sim hits in this event, adding up to a total energy of 6.41095
[ EcalClusterAnalyzer ] 290  info: Avg number of clusters per layer: 1
[ EcalClusterAnalyzer ] 290  info: Number of ECal CLUE clusters: 1, TS counted electrons: 1, SP electrons: 1
[ biasing::TargetENProcessFilter ] 292  info: Electronuclear reaction resulted in 6 particles via biasWrapper(electronNuclear) process.
[ TruthSeedProcessor ] 292  warn: Propagation to target surface failed — track may have exited the B-field map.
[ Tagger_TrackFinder ] 292  info: Number of TaggerRecoSeeds seed tracks = 1
[ Tagger_TrackFinder ] 292  info: Number of CKF tracks 1
[ Recoil_TrackFinder ] 292  info: Number of RecoilRecoSeeds seed tracks = 42
00:30:51    Propagator     WARNING   Field lookup was unsuccessful, this is very likely an error
[ Recoil_TrackFinder ] 292  warn: smoothTrack failed: Did not find a compatible track state
00:30:51    Propagator     WARNING   Field lookup was unsuccessful, this is very likely an error
[ Recoil_TrackFinder ] 292  info: Number of CKF tracks 8
00:30:51    GSF            WARNING   Performed steps with errors: MagneticFieldError:1 | MagneticFieldError:1 | MagneticFieldError:1 | MagneticFieldError:1 | MagneticFieldError:1 | MagneticFieldError:1 | MagneticFieldError:1 | MagneticFieldError:1 | MagneticFieldError:1 | MagneticFieldError:1 | MagneticFieldError:1 | MagneticFieldError:1
00:30:51    Propagator     WARNING   Field lookup was unsuccessful, this is very likely an error
[ TrackerVetoProcessor ] 292  info: Tagger requirements passed for 1 tracks
[ TrackerVetoProcessor ] 292  info: Recoil requirements passed for 2 tracks
[ TrackerVetoProcessor ] 292  info: Tracker veto failed
[ EcalClusterProducer ] 292  info: Using CLUE clustering algorithm
[ CLUE ] 292  info: Starting CLUE clustering with parameters:dc 5, rc 550, delta_c 10, delta_o 40, nbr_of_layers 1, reclustering false
[ EcalVetoProcessor ] 292  info:    Is this event is fiducial in ECAL? true
[ EcalVetoProcessor ] 292  info:  BDT was ran, score is 0.0282272
[ EcalVetoProcessor ] 292  info:  The pred > bdtCutVal = false
[ EcalMipTrackingProcessor ] 292  info: Finding linreg tracks from a total of 43 hits using a radius of 35 mm
[ EcalMipTrackingProcessor ] 292  info:  MIP tracking completed; found 0 straight tracks and 0 lin-reg tracks
[ HcalVetoProcessor ] 292  info: There are 21 / 21 HCal hits read out. 21 are not associated with the recoil ele. Total PE of 255
[ HcalVetoProcessor ] 292  info: HCAL veto passed? false
[ ElectronCounter ] 292  info: Found 0 electrons (tracks) using input collection TriggerPadTracksY_
[ trigger ] 292  info: Got trigger energy cut 0 for 0 electrons counted in the event.
[ trigger ] 292  info: Got trigger energy sum 7389.65; and decision is pass = false
[ TrigScintDigiVerifier ] 292  info: There are 1 ts digis in this event
[ TrigScintDigiVerifier ] 292  info:  There are 51 sim hits in this event, adding up to a total energy of 56.3699
[ EcalClusterAnalyzer ] 292  info: Avg number of clusters per layer: 1
[ EcalClusterAnalyzer ] 292  info: Number of ECal CLUE clusters: 1, TS counted electrons: 0, SP electrons: 0
[ biasing::TargetENProcessFilter ] 293  info: Electronuclear reaction resulted in 5 particles via biasWrapper(electronNuclear) process.
[ TruthSeedProcessor ] 293  warn: Propagation to target surface failed — track may have exited the B-field map.
[ Tagger_TrackFinder ] 293  info: Number of TaggerRecoSeeds seed tracks = 1
[ Tagger_TrackFinder ] 293  info: Number of CKF tracks 1
[ Recoil_TrackFinder ] 293  info: Number of RecoilRecoSeeds seed tracks = 10
[ Recoil_TrackFinder ] 293  warn: smoothTrack failed: Did not find a compatible track state
[ Recoil_TrackFinder ] 293  warn: smoothTrack failed: Did not find a compatible track state
[ Recoil_TrackFinder ] 293  info: Number of CKF tracks 3
[ TrackerVetoProcessor ] 293  info: Tagger requirements passed for 1 tracks
[ TrackerVetoProcessor ] 293  info: Recoil requirements passed for 2 tracks
[ TrackerVetoProcessor ] 293  info: Tracker veto failed
[ EcalClusterProducer ] 293  info: Using CLUE clustering algorithm
[ CLUE ] 293  info: Starting CLUE clustering with parameters:dc 5, rc 550, delta_c 10, delta_o 40, nbr_of_layers 1, reclustering false
[ EcalVetoProcessor ] 293  info:    Is this event is fiducial in ECAL? true
[ EcalVetoProcessor ] 293  info:  BDT was ran, score is 4.37498e-05
[ EcalVetoProcessor ] 293  info:  The pred > bdtCutVal = false
[ EcalMipTrackingProcessor ] 293  info: Finding linreg tracks from a total of 51 hits using a radius of 35 mm
[ EcalMipTrackingProcessor ] 293  info:  MIP tracking completed; found 7 straight tracks and 0 lin-reg tracks
[ HcalVetoProcessor ] 293  info: There are 42 / 43 HCal hits read out. 42 are not associated with the recoil ele. Total PE of 2540
[ HcalVetoProcessor ] 293  info: HCAL veto passed? false
[ ElectronCounter ] 293  info: Found 1 electrons (tracks) using input collection TriggerPadTracksY_
[ trigger ] 293  info: Got trigger energy cut 3000 for 1 electrons counted in the event.
[ trigger ] 293  info: Got trigger energy sum 4653.37; and decision is pass = false
[ TrigScintDigiVerifier ] 293  info: There are 2 ts digis in this event
[ TrigScintDigiVerifier ] 293  info:  There are 42 sim hits in this event, adding up to a total energy of 25.2768
[ EcalClusterAnalyzer ] 293  info: Avg number of clusters per layer: 0
[ EcalClusterAnalyzer ] 293  info: Number of ECal CLUE clusters: 0, TS counted electrons: 1, SP electrons: 1
[ biasing::TargetENProcessFilter ] 294  info: Electronuclear reaction resulted in 7 particles via biasWrapper(electronNuclear) process.
[ TruthSeedProcessor ] 294  warn: Propagation to target surface failed — track may have exited the B-field map.
[ Tagger_TrackFinder ] 294  info: Number of TaggerRecoSeeds seed tracks = 1
[ Tagger_TrackFinder ] 294  info: Number of CKF tracks 1
[ Recoil_TrackFinder ] 294  info: Number of RecoilRecoSeeds seed tracks = 68
[ Recoil_TrackFinder ] 294  warn: smoothTrack failed: Did not find a compatible track state
[ Recoil_TrackFinder ] 294  warn: smoothTrack failed: Did not find a compatible track state
[ Recoil_TrackFinder ] 294  warn: smoothTrack failed: Did not find a compatible track state
00:31:00    Propagator     WARNING   Field lookup was unsuccessful, this is very likely an error
[ Recoil_TrackFinder ] 294  warn: smoothTrack failed: Did not find a compatible track state
[ Recoil_TrackFinder ] 294  warn: smoothTrack failed: Did not find a compatible track state
[ Recoil_TrackFinder ] 294  info: Number of CKF tracks 13
[ TrackerVetoProcessor ] 294  info: Tagger requirements passed for 1 tracks
[ TrackerVetoProcessor ] 294  info: Recoil requirements passed for 4 tracks
[ TrackerVetoProcessor ] 294  info: Tracker veto failed
[ EcalClusterProducer ] 294  info: Using CLUE clustering algorithm
[ CLUE ] 294  info: Starting CLUE clustering with parameters:dc 5, rc 550, delta_c 10, delta_o 40, nbr_of_layers 1, reclustering false
[ EcalVetoProcessor ] 294  info:    Is this event is fiducial in ECAL? true
[ EcalVetoProcessor ] 294  info:  BDT was ran, score is 0.0547262
[ EcalVetoProcessor ] 294  info:  The pred > bdtCutVal = false
[ EcalMipTrackingProcessor ] 294  info: Finding linreg tracks from a total of 32 hits using a radius of 35 mm
[ EcalMipTrackingProcessor ] 294  info:  MIP tracking completed; found 2 straight tracks and 0 lin-reg tracks
[ HcalVetoProcessor ] 294  info: There are 13 / 13 HCal hits read out. 13 are not associated with the recoil ele. Total PE of 404
[ HcalVetoProcessor ] 294  info: HCAL veto passed? false
[ ElectronCounter ] 294  info: Found 1 electrons (tracks) using input collection TriggerPadTracksY_
[ trigger ] 294  info: Got trigger energy cut 3000 for 1 electrons counted in the event.
[ trigger ] 294  info: Got trigger energy sum 6152.4; and decision is pass = false
[ TrigScintDigiVerifier ] 294  info: There are 2 ts digis in this event
[ TrigScintDigiVerifier ] 294  info:  There are 107 sim hits in this event, adding up to a total energy of 110.172
[ EcalClusterAnalyzer ] 294  info: Avg number of clusters per layer: 1
[ EcalClusterAnalyzer ] 294  info: Number of ECal CLUE clusters: 1, TS counted electrons: 1, SP electrons: 1
[ biasing::TargetENProcessFilter ] 295  info: Electronuclear reaction resulted in 7 particles via biasWrapper(electronNuclear) process.
[ TruthSeedProcessor ] 295  warn: Propagation to target surface failed — track may have exited the B-field map.
[ Tagger_TrackFinder ] 295  info: Number of TaggerRecoSeeds seed tracks = 1
[ Tagger_TrackFinder ] 295  info: Number of CKF tracks 1
[ Recoil_TrackFinder ] 295  info: Number of RecoilRecoSeeds seed tracks = 2
[ Recoil_TrackFinder ] 295  info: Number of CKF tracks 2
00:31:05    GSF            WARNING   Performed steps with errors: MagneticFieldError:1 | MagneticFieldError:1 | MagneticFieldError:1 | MagneticFieldError:1 | MagneticFieldError:1 | MagneticFieldError:1 | MagneticFieldError:1 | MagneticFieldError:1 | MagneticFieldError:1 | MagneticFieldError:1 | MagneticFieldError:1 | MagneticFieldError:1
[ TrackerVetoProcessor ] 295  info: Tagger requirements passed for 1 tracks
[ TrackerVetoProcessor ] 295  info: Recoil requirements passed for 2 tracks
[ TrackerVetoProcessor ] 295  info: Tracker veto failed
[ EcalClusterProducer ] 295  info: Using CLUE clustering algorithm
[ CLUE ] 295  info: Starting CLUE clustering with parameters:dc 5, rc 550, delta_c 10, delta_o 40, nbr_of_layers 1, reclustering false
[ EcalVetoProcessor ] 295  info:    Is this event is fiducial in ECAL? true
[ EcalVetoProcessor ] 295  info:  BDT was ran, score is 0.0185913
[ EcalVetoProcessor ] 295  info:  The pred > bdtCutVal = false
[ EcalMipTrackingProcessor ] 295  info: Finding linreg tracks from a total of 58 hits using a radius of 35 mm
[ EcalMipTrackingProcessor ] 295  info:  MIP tracking completed; found 1 straight tracks and 0 lin-reg tracks
[ HcalVetoProcessor ] 295  info: There are 10 / 10 HCal hits read out. 10 are not associated with the recoil ele. Total PE of 72
[ HcalVetoProcessor ] 295  info: HCAL veto passed? false
[ ElectronCounter ] 295  info: Found 1 electrons (tracks) using input collection TriggerPadTracksY_
[ trigger ] 295  info: Got trigger energy cut 3000 for 1 electrons counted in the event.
[ trigger ] 295  info: Got trigger energy sum 7798.56; and decision is pass = false
[ TrigScintDigiVerifier ] 295  info: There are 4 ts digis in this event
[ TrigScintDigiVerifier ] 295  info:  There are 29 sim hits in this event, adding up to a total energy of 13.2891
[ EcalClusterAnalyzer ] 295  info: Avg number of clusters per layer: 1
[ EcalClusterAnalyzer ] 295  info: Number of ECal CLUE clusters: 1, TS counted electrons: 1, SP electrons: 1
[ biasing::TargetENProcessFilter ] 299  info: Electronuclear reaction resulted in 7 particles via biasWrapper(electronNuclear) process.
[ TruthSeedProcessor ] 299  warn: Propagation to target surface failed — track may have exited the B-field map.
[ Tagger_TrackFinder ] 299  info: Number of TaggerRecoSeeds seed tracks = 1
[ Tagger_TrackFinder ] 299  info: Number of CKF tracks 1
[ Recoil_TrackFinder ] 299  info: Number of RecoilRecoSeeds seed tracks = 12
00:31:23    Propagator     WARNING   Field lookup was unsuccessful, this is very likely an error
00:31:23    Propagator     WARNING   Field lookup was unsuccessful, this is very likely an error
[ Recoil_TrackFinder ] 299  info: Number of CKF tracks 7
00:31:23    GSF            WARNING   Performed steps with errors: MagneticFieldError:1 | MagneticFieldError:1 | MagneticFieldError:1 | MagneticFieldError:1 | MagneticFieldError:1 | MagneticFieldError:1 | MagneticFieldError:1 | MagneticFieldError:1 | MagneticFieldError:1 | MagneticFieldError:1 | MagneticFieldError:1 | MagneticFieldError:1
00:31:23    Propagator     WARNING   Field lookup was unsuccessful, this is very likely an error
[ TrackerVetoProcessor ] 299  info: Tagger requirements passed for 0 tracks
[ TrackerVetoProcessor ] 299  info: Recoil requirements passed for 1 tracks
[ TrackerVetoProcessor ] 299  info: Tracker veto failed
[ EcalClusterProducer ] 299  info: Using CLUE clustering algorithm
[ CLUE ] 299  info: Starting CLUE clustering with parameters:dc 5, rc 550, delta_c 10, delta_o 40, nbr_of_layers 1, reclustering false
[ EcalVetoProcessor ] 299  info:    Is this event is fiducial in ECAL? true
[ EcalVetoProcessor ] 299  info:  BDT was ran, score is 0.0103714
[ EcalVetoProcessor ] 299  info:  The pred > bdtCutVal = false
[ EcalMipTrackingProcessor ] 299  info: Finding linreg tracks from a total of 47 hits using a radius of 35 mm
[ EcalMipTrackingProcessor ] 299  info:  MIP tracking completed; found 2 straight tracks and 0 lin-reg tracks
[ HcalVetoProcessor ] 299  info: There are 35 / 35 HCal hits read out. 35 are not associated with the recoil ele. Total PE of 731
[ HcalVetoProcessor ] 299  info: HCAL veto passed? false
[ ElectronCounter ] 299  info: Found 1 electrons (tracks) using input collection TriggerPadTracksY_
[ trigger ] 299  info: Got trigger energy cut 3000 for 1 electrons counted in the event.
[ trigger ] 299  info: Got trigger energy sum 6634.83; and decision is pass = false
[ TrigScintDigiVerifier ] 299  info: There are 2 ts digis in this event
[ TrigScintDigiVerifier ] 299  info:  There are 76 sim hits in this event, adding up to a total energy of 43.8692
[ EcalClusterAnalyzer ] 299  info: Avg number of clusters per layer: 1
[ EcalClusterAnalyzer ] 299  info: Number of ECal CLUE clusters: 1, TS counted electrons: 1, SP electrons: 1
[ biasing::TargetENProcessFilter ] 306  info: Electronuclear reaction resulted in 6 particles via biasWrapper(electronNuclear) process.
[ TruthSeedProcessor ] 306  warn: Propagation to target surface failed — track may have exited the B-field map.
[ Tagger_TrackFinder ] 306  info: Number of TaggerRecoSeeds seed tracks = 1
[ Tagger_TrackFinder ] 306  info: Number of CKF tracks 1
[ Recoil_TrackFinder ] 306  info: Number of RecoilRecoSeeds seed tracks = 1
[ Recoil_TrackFinder ] 306  info: Number of CKF tracks 1
[ TrackerVetoProcessor ] 306  info: Tagger requirements passed for 1 tracks
[ TrackerVetoProcessor ] 306  info: Recoil requirements passed for 1 tracks
[ TrackerVetoProcessor ] 306  info: Tracker veto passed, skim will keep the event
[ EcalClusterProducer ] 306  info: Using CLUE clustering algorithm
[ CLUE ] 306  info: Starting CLUE clustering with parameters:dc 5, rc 550, delta_c 10, delta_o 40, nbr_of_layers 1, reclustering false
[ EcalVetoProcessor ] 306  info:    Is this event is fiducial in ECAL? true
[ EcalVetoProcessor ] 306  info:  BDT was ran, score is 0.0709749
[ EcalVetoProcessor ] 306  info:  The pred > bdtCutVal = false
[ EcalMipTrackingProcessor ] 306  info: Finding linreg tracks from a total of 36 hits using a radius of 35 mm
[ EcalMipTrackingProcessor ] 306  info:  MIP tracking completed; found 1 straight tracks and 0 lin-reg tracks
[ HcalVetoProcessor ] 306  info: There are 20 / 20 HCal hits read out. 20 are not associated with the recoil ele. Total PE of 215
[ HcalVetoProcessor ] 306  info: HCAL veto passed? false
[ ElectronCounter ] 306  info: Found 1 electrons (tracks) using input collection TriggerPadTracksY_
[ trigger ] 306  info: Got trigger energy cut 3000 for 1 electrons counted in the event.
[ trigger ] 306  info: Got trigger energy sum 7622.24; and decision is pass = false
[ TrigScintDigiVerifier ] 306  info: There are 1 ts digis in this event
[ TrigScintDigiVerifier ] 306  info:  There are 34 sim hits in this event, adding up to a total energy of 4.08528
[ EcalClusterAnalyzer ] 306  info: Avg number of clusters per layer: 1
[ EcalClusterAnalyzer ] 306  info: Number of ECal CLUE clusters: 1, TS counted electrons: 1, SP electrons: 1
[ biasing::TargetENProcessFilter ] 307  info: Electronuclear reaction resulted in 24 particles via biasWrapper(electronNuclear) process.
[ TruthSeedProcessor ] 307  warn: Propagation to target surface failed — track may have exited the B-field map.
[ Tagger_TrackFinder ] 307  info: Number of TaggerRecoSeeds seed tracks = 1
[ Tagger_TrackFinder ] 307  info: Number of CKF tracks 1
[ Recoil_TrackFinder ] 307  info: Number of RecoilRecoSeeds seed tracks = 4
[ Recoil_TrackFinder ] 307  info: Number of CKF tracks 3
[ TrackerVetoProcessor ] 307  info: Tagger requirements passed for 1 tracks
[ TrackerVetoProcessor ] 307  info: Recoil requirements passed for 1 tracks
[ TrackerVetoProcessor ] 307  info: Tracker veto passed, skim will keep the event
[ EcalClusterProducer ] 307  info: Using CLUE clustering algorithm
[ CLUE ] 307  info: Starting CLUE clustering with parameters:dc 5, rc 550, delta_c 10, delta_o 40, nbr_of_layers 1, reclustering false
[ EcalVetoProcessor ] 307  info:    Is this event is fiducial in ECAL? true
[ EcalVetoProcessor ] 307  info:  BDT was ran, score is 0.575306
[ EcalVetoProcessor ] 307  info:  The pred > bdtCutVal = false
[ EcalMipTrackingProcessor ] 307  info: Finding linreg tracks from a total of 42 hits using a radius of 35 mm
[ EcalMipTrackingProcessor ] 307  info:  MIP tracking completed; found 1 straight tracks and 0 lin-reg tracks
[ HcalVetoProcessor ] 307  info: There are 5 / 5 HCal hits read out. 5 are not associated with the recoil ele. Total PE of 17
[ HcalVetoProcessor ] 307  info: HCAL veto passed? false
[ ElectronCounter ] 307  info: Found 1 electrons (tracks) using input collection TriggerPadTracksY_
[ trigger ] 307  info: Got trigger energy cut 3000 for 1 electrons counted in the event.
[ trigger ] 307  info: Got trigger energy sum 7190.23; and decision is pass = false
[ TrigScintDigiVerifier ] 307  info: There are 1 ts digis in this event
[ TrigScintDigiVerifier ] 307  info:  There are 36 sim hits in this event, adding up to a total energy of 11.8751
[ EcalClusterAnalyzer ] 307  info: Avg number of clusters per layer: 1
[ EcalClusterAnalyzer ] 307  info: Number of ECal CLUE clusters: 1, TS counted electrons: 1, SP electrons: 1
[ biasing::TargetENProcessFilter ] 311  info: Electronuclear reaction resulted in 7 particles via biasWrapper(electronNuclear) process.
[ TruthSeedProcessor ] 311  warn: Propagation to target surface failed — track may have exited the B-field map.
[ Tagger_TrackFinder ] 311  info: Number of TaggerRecoSeeds seed tracks = 1
[ Tagger_TrackFinder ] 311  info: Number of CKF tracks 1
[ Recoil_TrackFinder ] 311  info: Number of RecoilRecoSeeds seed tracks = 2
[ Recoil_TrackFinder ] 311  info: Number of CKF tracks 2
[ TrackerVetoProcessor ] 311  info: Tagger requirements passed for 1 tracks
[ TrackerVetoProcessor ] 311  info: Recoil requirements passed for 2 tracks
[ TrackerVetoProcessor ] 311  info: Tracker veto failed
[ EcalClusterProducer ] 311  info: Using CLUE clustering algorithm
[ CLUE ] 311  info: Starting CLUE clustering with parameters:dc 5, rc 550, delta_c 10, delta_o 40, nbr_of_layers 1, reclustering false
[ EcalVetoProcessor ] 311  info:    Is this event is fiducial in ECAL? true
[ EcalVetoProcessor ] 311  info:  BDT was ran, score is 0.000723302
[ EcalVetoProcessor ] 311  info:  The pred > bdtCutVal = false
[ EcalMipTrackingProcessor ] 311  info: Finding linreg tracks from a total of 62 hits using a radius of 35 mm
[ EcalMipTrackingProcessor ] 311  info:  MIP tracking completed; found 10 straight tracks and 0 lin-reg tracks
[ HcalVetoProcessor ] 311  info: There are 15 / 15 HCal hits read out. 15 are not associated with the recoil ele. Total PE of 191
[ HcalVetoProcessor ] 311  info: HCAL veto passed? false
[ ElectronCounter ] 311  info: Found 1 electrons (tracks) using input collection TriggerPadTracksY_
[ trigger ] 311  info: Got trigger energy cut 3000 for 1 electrons counted in the event.
[ trigger ] 311  info: Got trigger energy sum 7349.88; and decision is pass = false
[ TrigScintDigiVerifier ] 311  info: There are 2 ts digis in this event
[ TrigScintDigiVerifier ] 311  info:  There are 34 sim hits in this event, adding up to a total energy of 5.98788
[ EcalClusterAnalyzer ] 311  info: Avg number of clusters per layer: 1
[ EcalClusterAnalyzer ] 311  info: Number of ECal CLUE clusters: 1, TS counted electrons: 1, SP electrons: 1
[ biasing::TargetENProcessFilter ] 312  info: Electronuclear reaction resulted in 9 particles via biasWrapper(electronNuclear) process.
[ TruthSeedProcessor ] 312  warn: Propagation to target surface failed — track may have exited the B-field map.
[ Tagger_TrackFinder ] 312  info: Number of TaggerRecoSeeds seed tracks = 1
[ Tagger_TrackFinder ] 312  info: Number of CKF tracks 1
[ Recoil_TrackFinder ] 312  info: Number of RecoilRecoSeeds seed tracks = 243
00:32:31    Propagator     WARNING   Field lookup was unsuccessful, this is very likely an error
00:32:31    Propagator     WARNING   Field lookup was unsuccessful, this is very likely an error
00:32:31    Propagator     WARNING   Field lookup was unsuccessful, this is very likely an error
00:32:31    Propagator     WARNING   Field lookup was unsuccessful, this is very likely an error
00:32:31    Propagator     WARNING   Field lookup was unsuccessful, this is very likely an error
00:32:31    Propagator     WARNING   Field lookup was unsuccessful, this is very likely an error
00:32:31    Propagator     WARNING   Field lookup was unsuccessful, this is very likely an error
00:32:31    Propagator     WARNING   Field lookup was unsuccessful, this is very likely an error
00:32:31    Propagator     WARNING   Field lookup was unsuccessful, this is very likely an error
00:32:31    Propagator     WARNING   Field lookup was unsuccessful, this is very likely an error
[ Recoil_TrackFinder ] 312  info: Number of CKF tracks 214
[ TrackerVetoProcessor ] 312  info: Tagger requirements passed for 1 tracks
[ TrackerVetoProcessor ] 312  info: Recoil requirements passed for 77 tracks
[ TrackerVetoProcessor ] 312  info: Tracker veto failed
[ EcalClusterProducer ] 312  info: Using CLUE clustering algorithm
[ CLUE ] 312  info: Starting CLUE clustering with parameters:dc 5, rc 550, delta_c 10, delta_o 40, nbr_of_layers 1, reclustering false
[ EcalVetoProcessor ] 312  info:    Is this event is fiducial in ECAL? true
[ EcalVetoProcessor ] 312  info:  BDT was ran, score is 0.161721
[ EcalVetoProcessor ] 312  info:  The pred > bdtCutVal = false
[ EcalMipTrackingProcessor ] 312  info: Finding linreg tracks from a total of 59 hits using a radius of 35 mm
[ EcalMipTrackingProcessor ] 312  info:  MIP tracking completed; found 5 straight tracks and 0 lin-reg tracks
[ HcalVetoProcessor ] 312  info: There are 6 / 6 HCal hits read out. 6 are not associated with the recoil ele. Total PE of 44
[ HcalVetoProcessor ] 312  info: HCAL veto passed? false
[ ElectronCounter ] 312  info: Found 1 electrons (tracks) using input collection TriggerPadTracksY_
[ trigger ] 312  info: Got trigger energy cut 3000 for 1 electrons counted in the event.
[ trigger ] 312  info: Got trigger energy sum 7302.08; and decision is pass = false
[ TrigScintDigiVerifier ] 312  info: There are 2 ts digis in this event
[ TrigScintDigiVerifier ] 312  info:  There are 33 sim hits in this event, adding up to a total energy of 9.13336
[ EcalClusterAnalyzer ] 312  info: Avg number of clusters per layer: 1
[ EcalClusterAnalyzer ] 312  info: Number of ECal CLUE clusters: 1, TS counted electrons: 1, SP electrons: 1
[ biasing::TargetENProcessFilter ] 314  info: Electronuclear reaction resulted in 9 particles via biasWrapper(electronNuclear) process.
[ TruthSeedProcessor ] 314  warn: Propagation to target surface failed — track may have exited the B-field map.
[ Tagger_TrackFinder ] 314  info: Number of TaggerRecoSeeds seed tracks = 1
[ Tagger_TrackFinder ] 314  info: Number of CKF tracks 1
[ Recoil_TrackFinder ] 314  info: Number of RecoilRecoSeeds seed tracks = 1
[ Recoil_TrackFinder ] 314  info: Number of CKF tracks 1
[ TrackerVetoProcessor ] 314  info: Tagger requirements passed for 1 tracks
[ TrackerVetoProcessor ] 314  info: Recoil requirements passed for 1 tracks
[ TrackerVetoProcessor ] 314  info: Tracker veto passed, skim will keep the event
[ EcalClusterProducer ] 314  info: Using CLUE clustering algorithm
[ CLUE ] 314  info: Starting CLUE clustering with parameters:dc 5, rc 550, delta_c 10, delta_o 40, nbr_of_layers 1, reclustering false
[ EcalVetoProcessor ] 314  info:    Is this event is fiducial in ECAL? true
[ EcalVetoProcessor ] 314  info:  BDT was ran, score is 0.03859
[ EcalVetoProcessor ] 314  info:  The pred > bdtCutVal = false
[ EcalMipTrackingProcessor ] 314  info: Finding linreg tracks from a total of 47 hits using a radius of 35 mm
[ EcalMipTrackingProcessor ] 314  info:  MIP tracking completed; found 4 straight tracks and 0 lin-reg tracks
[ HcalVetoProcessor ] 314  info: There are 17 / 17 HCal hits read out. 17 are not associated with the recoil ele. Total PE of 87
[ HcalVetoProcessor ] 314  info: HCAL veto passed? false
[ ElectronCounter ] 314  info: Found 1 electrons (tracks) using input collection TriggerPadTracksY_
[ trigger ] 314  info: Got trigger energy cut 3000 for 1 electrons counted in the event.
[ trigger ] 314  info: Got trigger energy sum 7752.59; and decision is pass = false
[ TrigScintDigiVerifier ] 314  info: There are 4 ts digis in this event
[ TrigScintDigiVerifier ] 314  info:  There are 128 sim hits in this event, adding up to a total energy of 67.9442
[ EcalClusterAnalyzer ] 314  info: Avg number of clusters per layer: 1
[ EcalClusterAnalyzer ] 314  info: Number of ECal CLUE clusters: 1, TS counted electrons: 1, SP electrons: 1
[ biasing::TargetENProcessFilter ] 320  info: Electronuclear reaction resulted in 4 particles via biasWrapper(electronNuclear) process.
[ TruthSeedProcessor ] 320  warn: Propagation to target surface failed — track may have exited the B-field map.
[ TruthSeedProcessor ] 320  warn: Propagation to target surface failed — track may have exited the B-field map.
[ Tagger_TrackFinder ] 320  info: Number of TaggerRecoSeeds seed tracks = 1
[ Tagger_TrackFinder ] 320  info: Number of CKF tracks 1
[ Recoil_TrackFinder ] 320  info: Number of RecoilRecoSeeds seed tracks = 368
[ Recoil_TrackFinder ] 320  warn: smoothTrack failed: Did not find a compatible track state
[ Recoil_TrackFinder ] 320  warn: smoothTrack failed: Did not find a compatible track state
[ Recoil_TrackFinder ] 320  warn: smoothTrack failed: Did not find a compatible track state
[ Recoil_TrackFinder ] 320  warn: smoothTrack failed: Did not find a compatible track state
[ Recoil_TrackFinder ] 320  warn: smoothTrack failed: Did not find a compatible track state
00:33:09    Propagator     WARNING   Field lookup was unsuccessful, this is very likely an error
00:33:09    Propagator     WARNING   Field lookup was unsuccessful, this is very likely an error
[ Recoil_TrackFinder ] 320  warn: smoothTrack failed: Did not find a compatible track state
00:33:09    Propagator     WARNING   Field lookup was unsuccessful, this is very likely an error
[ Recoil_TrackFinder ] 320  warn: smoothTrack failed: Did not find a compatible track state
[ Recoil_TrackFinder ] 320  warn: smoothTrack failed: Did not find a compatible track state
[ Recoil_TrackFinder ] 320  warn: smoothTrack failed: Did not find a compatible track state
[ Recoil_TrackFinder ] 320  warn: smoothTrack failed: Did not find a compatible track state
[ Recoil_TrackFinder ] 320  warn: smoothTrack failed: Did not find a compatible track state
[ Recoil_TrackFinder ] 320  warn: smoothTrack failed: Did not find a compatible track state
[ Recoil_TrackFinder ] 320  warn: smoothTrack failed: Did not find a compatible track state
[ Recoil_TrackFinder ] 320  warn: smoothTrack failed: Did not find a compatible track state
[ Recoil_TrackFinder ] 320  warn: smoothTrack failed: Did not find a compatible track state
[ Recoil_TrackFinder ] 320  warn: smoothTrack failed: Did not find a compatible track state
[ Recoil_TrackFinder ] 320  warn: smoothTrack failed: Did not find a compatible track state
[ Recoil_TrackFinder ] 320  warn: smoothTrack failed: Did not find a compatible track state
[ Recoil_TrackFinder ] 320  warn: smoothTrack failed: Did not find a compatible track state
[ Recoil_TrackFinder ] 320  warn: smoothTrack failed: Did not find a compatible track state
[ Recoil_TrackFinder ] 320  warn: smoothTrack failed: Did not find a compatible track state
[ Recoil_TrackFinder ] 320  warn: smoothTrack failed: Did not find a compatible track state
[ Recoil_TrackFinder ] 320  warn: smoothTrack failed: Did not find a compatible track state
[ Recoil_TrackFinder ] 320  warn: smoothTrack failed: Did not find a compatible track state
[ Recoil_TrackFinder ] 320  warn: smoothTrack failed: Did not find a compatible track state
[ Recoil_TrackFinder ] 320  warn: smoothTrack failed: Did not find a compatible track state
[ Recoil_TrackFinder ] 320  warn: smoothTrack failed: Did not find a compatible track state
[ Recoil_TrackFinder ] 320  warn: smoothTrack failed: Did not find a compatible track state
[ Recoil_TrackFinder ] 320  warn: smoothTrack failed: Did not find a compatible track state
[ Recoil_TrackFinder ] 320  warn: smoothTrack failed: Did not find a compatible track state
[ Recoil_TrackFinder ] 320  warn: smoothTrack failed: Did not find a compatible track state
[ Recoil_TrackFinder ] 320  warn: smoothTrack failed: Did not find a compatible track state
[ Recoil_TrackFinder ] 320  warn: smoothTrack failed: Did not find a compatible track state
[ Recoil_TrackFinder ] 320  warn: smoothTrack failed: Did not find a compatible track state
[ Recoil_TrackFinder ] 320  warn: smoothTrack failed: Did not find a compatible track state
[ Recoil_TrackFinder ] 320  warn: smoothTrack failed: Did not find a compatible track state
[ Recoil_TrackFinder ] 320  warn: smoothTrack failed: Did not find a compatible track state
[ Recoil_TrackFinder ] 320  warn: smoothTrack failed: Did not find a compatible track state
[ Recoil_TrackFinder ] 320  warn: smoothTrack failed: Did not find a compatible track state
[ Recoil_TrackFinder ] 320  warn: smoothTrack failed: Did not find a compatible track state
[ Recoil_TrackFinder ] 320  warn: smoothTrack failed: Did not find a compatible track state
00:33:09    Propagator     WARNING   Field lookup was unsuccessful, this is very likely an error
[ Recoil_TrackFinder ] 320  warn: smoothTrack failed: Did not find a compatible track state
[ Recoil_TrackFinder ] 320  info: Number of CKF tracks 50
00:33:09    GSF            WARNING   Performed steps with errors: MagneticFieldError:1 | MagneticFieldError:1 | MagneticFieldError:1 | MagneticFieldError:1 | MagneticFieldError:1 | MagneticFieldError:1 | MagneticFieldError:1 | MagneticFieldError:1 | MagneticFieldError:1 | MagneticFieldError:1 | MagneticFieldError:1 | MagneticFieldError:1
[ TrackerVetoProcessor ] 320  info: Tagger requirements passed for 1 tracks
[ TrackerVetoProcessor ] 320  info: Recoil requirements passed for 11 tracks
[ TrackerVetoProcessor ] 320  info: Tracker veto failed
[ EcalClusterProducer ] 320  info: Using CLUE clustering algorithm
[ CLUE ] 320  info: Starting CLUE clustering with parameters:dc 5, rc 550, delta_c 10, delta_o 40, nbr_of_layers 1, reclustering false
[ EcalVetoProcessor ] 320  info:    Is this event is fiducial in ECAL? true
[ EcalVetoProcessor ] 320  info:  BDT was ran, score is 0.000231802
[ EcalVetoProcessor ] 320  info:  The pred > bdtCutVal = false
[ EcalMipTrackingProcessor ] 320  info: Finding linreg tracks from a total of 53 hits using a radius of 35 mm
[ EcalMipTrackingProcessor ] 320  info:  MIP tracking completed; found 13 straight tracks and 0 lin-reg tracks
[ HcalVetoProcessor ] 320  info: There are 58 / 58 HCal hits read out. 58 are not associated with the recoil ele. Total PE of 2205
[ HcalVetoProcessor ] 320  info: HCAL veto passed? false
[ ElectronCounter ] 320  info: Found 1 electrons (tracks) using input collection TriggerPadTracksY_
[ trigger ] 320  info: Got trigger energy cut 3000 for 1 electrons counted in the event.
[ trigger ] 320  info: Got trigger energy sum 3389.49; and decision is pass = false
[ TrigScintDigiVerifier ] 320  info: There are 1 ts digis in this event
[ TrigScintDigiVerifier ] 320  info:  There are 101 sim hits in this event, adding up to a total energy of 92.3225
[ EcalClusterAnalyzer ] 320  info: Avg number of clusters per layer: 0
[ EcalClusterAnalyzer ] 320  info: Number of ECal CLUE clusters: 0, TS counted electrons: 1, SP electrons: 1
[ biasing::TargetENProcessFilter ] 321  info: Electronuclear reaction resulted in 5 particles via biasWrapper(electronNuclear) process.
[ TruthSeedProcessor ] 321  warn: Propagation to target surface failed — track may have exited the B-field map.
[ Tagger_TrackFinder ] 321  info: Number of TaggerRecoSeeds seed tracks = 1
[ Tagger_TrackFinder ] 321  info: Number of CKF tracks 1
[ Recoil_TrackFinder ] 321  info: Number of RecoilRecoSeeds seed tracks = 13
[ Recoil_TrackFinder ] 321  info: Number of CKF tracks 5
[ TrackerVetoProcessor ] 321  info: Tagger requirements passed for 1 tracks
[ TrackerVetoProcessor ] 321  info: Recoil requirements passed for 2 tracks
[ TrackerVetoProcessor ] 321  info: Tracker veto failed
[ EcalClusterProducer ] 321  info: Using CLUE clustering algorithm
[ CLUE ] 321  info: Starting CLUE clustering with parameters:dc 5, rc 550, delta_c 10, delta_o 40, nbr_of_layers 1, reclustering false
[ EcalVetoProcessor ] 321  info:    Is this event is fiducial in ECAL? true
[ EcalVetoProcessor ] 321  info:  BDT was ran, score is 0.00184566
[ EcalVetoProcessor ] 321  info:  The pred > bdtCutVal = false
[ EcalMipTrackingProcessor ] 321  info: Finding linreg tracks from a total of 35 hits using a radius of 35 mm
[ EcalMipTrackingProcessor ] 321  info:  MIP tracking completed; found 3 straight tracks and 0 lin-reg tracks
[ HcalVetoProcessor ] 321  info: There are 19 / 19 HCal hits read out. 19 are not associated with the recoil ele. Total PE of 698
[ HcalVetoProcessor ] 321  info: HCAL veto passed? false
[ ElectronCounter ] 321  info: Found 1 electrons (tracks) using input collection TriggerPadTracksY_
[ trigger ] 321  info: Got trigger energy cut 3000 for 1 electrons counted in the event.
[ trigger ] 321  info: Got trigger energy sum 5902.25; and decision is pass = false
[ TrigScintDigiVerifier ] 321  info: There are 1 ts digis in this event
[ TrigScintDigiVerifier ] 321  info:  There are 108 sim hits in this event, adding up to a total energy of 60.1505
[ EcalClusterAnalyzer ] 321  info: Avg number of clusters per layer: 1
[ EcalClusterAnalyzer ] 321  info: Number of ECal CLUE clusters: 1, TS counted electrons: 1, SP electrons: 1
[ biasing::TargetENProcessFilter ] 323  info: Electronuclear reaction resulted in 6 particles via biasWrapper(electronNuclear) process.
[ TruthSeedProcessor ] 323  warn: Propagation to target surface failed — track may have exited the B-field map.
[ Tagger_TrackFinder ] 323  info: Number of TaggerRecoSeeds seed tracks = 1
[ Tagger_TrackFinder ] 323  info: Number of CKF tracks 1
[ Recoil_TrackFinder ] 323  info: Number of RecoilRecoSeeds seed tracks = 1
[ Recoil_TrackFinder ] 323  info: Number of CKF tracks 1
[ TrackerVetoProcessor ] 323  info: Tagger requirements passed for 1 tracks
[ TrackerVetoProcessor ] 323  info: Recoil requirements passed for 1 tracks
[ TrackerVetoProcessor ] 323  info: Tracker veto passed, skim will keep the event
[ EcalClusterProducer ] 323  info: Using CLUE clustering algorithm
[ CLUE ] 323  info: Starting CLUE clustering with parameters:dc 5, rc 550, delta_c 10, delta_o 40, nbr_of_layers 1, reclustering false
[ EcalVetoProcessor ] 323  info:    Is this event is fiducial in ECAL? true
[ EcalVetoProcessor ] 323  info:  BDT was ran, score is 0.919554
[ EcalVetoProcessor ] 323  info:  The pred > bdtCutVal = false
[ EcalMipTrackingProcessor ] 323  info: Finding linreg tracks from a total of 27 hits using a radius of 35 mm
[ EcalMipTrackingProcessor ] 323  info:  MIP tracking completed; found 0 straight tracks and 0 lin-reg tracks
[ HcalVetoProcessor ] 323  info: There are 7 / 7 HCal hits read out. 7 are not associated with the recoil ele. Total PE of 27
[ HcalVetoProcessor ] 323  info: HCAL veto passed? false
[ ElectronCounter ] 323  info: Found 1 electrons (tracks) using input collection TriggerPadTracksY_
[ trigger ] 323  info: Got trigger energy cut 3000 for 1 electrons counted in the event.
[ trigger ] 323  info: Got trigger energy sum 7453.77; and decision is pass = false
[ TrigScintDigiVerifier ] 323  info: There are 1 ts digis in this event
[ TrigScintDigiVerifier ] 323  info:  There are 40 sim hits in this event, adding up to a total energy of 59.859
[ EcalClusterAnalyzer ] 323  info: Avg number of clusters per layer: 1
[ EcalClusterAnalyzer ] 323  info: Number of ECal CLUE clusters: 1, TS counted electrons: 1, SP electrons: 1
[ biasing::TargetENProcessFilter ] 328  info: Electronuclear reaction resulted in 9 particles via biasWrapper(electronNuclear) process.
[ TruthSeedProcessor ] 328  warn: Propagation to target surface failed — track may have exited the B-field map.
[ Tagger_TrackFinder ] 328  info: Number of TaggerRecoSeeds seed tracks = 1
[ Tagger_TrackFinder ] 328  info: Number of CKF tracks 1
[ Recoil_TrackFinder ] 328  info: Number of RecoilRecoSeeds seed tracks = 45
[ Recoil_TrackFinder ] 328  warn: smoothTrack failed: Did not find a compatible track state
[ Recoil_TrackFinder ] 328  warn: smoothTrack failed: Did not find a compatible track state
[ Recoil_TrackFinder ] 328  warn: smoothTrack failed: Did not find a compatible track state
00:33:45    Propagator     WARNING   Field lookup was unsuccessful, this is very likely an error
[ Recoil_TrackFinder ] 328  warn: smoothTrack failed: Did not find a compatible track state
[ Recoil_TrackFinder ] 328  warn: smoothTrack failed: Did not find a compatible track state
00:33:45    Propagator     WARNING   Field lookup was unsuccessful, this is very likely an error
[ Recoil_TrackFinder ] 328  warn: smoothTrack failed: Did not find a compatible track state
[ Recoil_TrackFinder ] 328  warn: smoothTrack failed: Did not find a compatible track state
[ Recoil_TrackFinder ] 328  warn: smoothTrack failed: Did not find a compatible track state
[ Recoil_TrackFinder ] 328  info: Number of CKF tracks 12
[ TrackerVetoProcessor ] 328  info: Tagger requirements passed for 1 tracks
[ TrackerVetoProcessor ] 328  info: Recoil requirements passed for 2 tracks
[ TrackerVetoProcessor ] 328  info: Tracker veto failed
[ EcalClusterProducer ] 328  info: Using CLUE clustering algorithm
[ CLUE ] 328  info: Starting CLUE clustering with parameters:dc 5, rc 550, delta_c 10, delta_o 40, nbr_of_layers 1, reclustering false
[ EcalVetoProcessor ] 328  info:    Is this event is fiducial in ECAL? true
[ EcalVetoProcessor ] 328  info:  BDT was ran, score is 0.00296402
[ EcalVetoProcessor ] 328  info:  The pred > bdtCutVal = false
[ EcalMipTrackingProcessor ] 328  info: Finding linreg tracks from a total of 41 hits using a radius of 35 mm
[ EcalMipTrackingProcessor ] 328  info:  MIP tracking completed; found 6 straight tracks and 0 lin-reg tracks
[ HcalVetoProcessor ] 328  info: There are 24 / 24 HCal hits read out. 24 are not associated with the recoil ele. Total PE of 475
[ HcalVetoProcessor ] 328  info: HCAL veto passed? false
[ ElectronCounter ] 328  info: Found 1 electrons (tracks) using input collection TriggerPadTracksY_
[ trigger ] 328  info: Got trigger energy cut 3000 for 1 electrons counted in the event.
[ trigger ] 328  info: Got trigger energy sum 5195.78; and decision is pass = false
[ TrigScintDigiVerifier ] 328  info: There are 2 ts digis in this event
[ TrigScintDigiVerifier ] 328  info:  There are 225 sim hits in this event, adding up to a total energy of 185.265
[ EcalClusterAnalyzer ] 328  info: Avg number of clusters per layer: 1
[ EcalClusterAnalyzer ] 328  info: Number of ECal CLUE clusters: 1, TS counted electrons: 1, SP electrons: 1
[ biasing::TargetENProcessFilter ] 331  info: Electronuclear reaction resulted in 7 particles via biasWrapper(electronNuclear) process.
[ TruthSeedProcessor ] 331  warn: Propagation to target surface failed — track may have exited the B-field map.
[ Tagger_TrackFinder ] 331  info: Number of TaggerRecoSeeds seed tracks = 1
[ Tagger_TrackFinder ] 331  info: Number of CKF tracks 1
[ Recoil_TrackFinder ] 331  info: Number of RecoilRecoSeeds seed tracks = 2
[ Recoil_TrackFinder ] 331  info: Number of CKF tracks 1
[ TrackerVetoProcessor ] 331  info: Tagger requirements passed for 1 tracks
[ TrackerVetoProcessor ] 331  info: Recoil requirements passed for 1 tracks
[ TrackerVetoProcessor ] 331  info: Tracker veto passed, skim will keep the event
[ EcalClusterProducer ] 331  info: Using CLUE clustering algorithm
[ CLUE ] 331  info: Starting CLUE clustering with parameters:dc 5, rc 550, delta_c 10, delta_o 40, nbr_of_layers 1, reclustering false
[ EcalVetoProcessor ] 331  info:    Is this event is fiducial in ECAL? true
[ EcalVetoProcessor ] 331  info:  BDT was ran, score is 0.99627
[ EcalVetoProcessor ] 331  info:  The pred > bdtCutVal = true
[ EcalMipTrackingProcessor ] 331  info: Finding linreg tracks from a total of 40 hits using a radius of 35 mm
[ EcalMipTrackingProcessor ] 331  info:  MIP tracking completed; found 0 straight tracks and 0 lin-reg tracks
[ HcalVetoProcessor ] 331  info: There are 21 / 21 HCal hits read out. 21 are not associated with the recoil ele. Total PE of 466
[ HcalVetoProcessor ] 331  info: HCAL veto passed? false
[ ElectronCounter ] 331  info: Found 1 electrons (tracks) using input collection TriggerPadTracksY_
[ trigger ] 331  info: Got trigger energy cut 3000 for 1 electrons counted in the event.
[ trigger ] 331  info: Got trigger energy sum 5275.51; and decision is pass = false
[ TrigScintDigiVerifier ] 331  info: There are 1 ts digis in this event
[ TrigScintDigiVerifier ] 331  info:  There are 105 sim hits in this event, adding up to a total energy of 132.571
[ EcalClusterAnalyzer ] 331  info: Avg number of clusters per layer: 1
[ EcalClusterAnalyzer ] 331  info: Number of ECal CLUE clusters: 1, TS counted electrons: 1, SP electrons: 1
[ biasing::TargetENProcessFilter ] 332  info: Electronuclear reaction resulted in 15 particles via biasWrapper(electronNuclear) process.
[ TruthSeedProcessor ] 332  warn: Propagation to target surface failed — track may have exited the B-field map.
[ Tagger_TrackFinder ] 332  info: Number of TaggerRecoSeeds seed tracks = 1
[ Tagger_TrackFinder ] 332  info: Number of CKF tracks 1
[ Recoil_TrackFinder ] 332  info: Number of RecoilRecoSeeds seed tracks = 2
[ Recoil_TrackFinder ] 332  info: Number of CKF tracks 2
[ TrackerVetoProcessor ] 332  info: Tagger requirements passed for 1 tracks
[ TrackerVetoProcessor ] 332  info: Recoil requirements passed for 1 tracks
[ TrackerVetoProcessor ] 332  info: Tracker veto passed, skim will keep the event
[ EcalClusterProducer ] 332  info: Using CLUE clustering algorithm
[ CLUE ] 332  info: Starting CLUE clustering with parameters:dc 5, rc 550, delta_c 10, delta_o 40, nbr_of_layers 1, reclustering false
[ EcalVetoProcessor ] 332  info:    Is this event is fiducial in ECAL? true
[ EcalVetoProcessor ] 332  info:  BDT was ran, score is 0.0241951
[ EcalVetoProcessor ] 332  info:  The pred > bdtCutVal = false
[ EcalMipTrackingProcessor ] 332  info: Finding linreg tracks from a total of 48 hits using a radius of 35 mm
[ EcalMipTrackingProcessor ] 332  info:  MIP tracking completed; found 3 straight tracks and 0 lin-reg tracks
[ HcalVetoProcessor ] 332  info: There are 7 / 7 HCal hits read out. 7 are not associated with the recoil ele. Total PE of 371
[ HcalVetoProcessor ] 332  info: HCAL veto passed? false
[ ElectronCounter ] 332  info: Found 1 electrons (tracks) using input collection TriggerPadTracksY_
[ trigger ] 332  info: Got trigger energy cut 3000 for 1 electrons counted in the event.
[ trigger ] 332  info: Got trigger energy sum 7879.99; and decision is pass = false
[ TrigScintDigiVerifier ] 332  info: There are 1 ts digis in this event
[ TrigScintDigiVerifier ] 332  info:  There are 62 sim hits in this event, adding up to a total energy of 43.824
[ EcalClusterAnalyzer ] 332  info: Avg number of clusters per layer: 1
[ EcalClusterAnalyzer ] 332  info: Number of ECal CLUE clusters: 1, TS counted electrons: 1, SP electrons: 1
[ biasing::TargetENProcessFilter ] 336  info: Electronuclear reaction resulted in 15 particles via biasWrapper(electronNuclear) process.
[ TruthSeedProcessor ] 336  warn: Propagation to target surface failed — track may have exited the B-field map.
[ Tagger_TrackFinder ] 336  info: Number of TaggerRecoSeeds seed tracks = 1
[ Tagger_TrackFinder ] 336  info: Number of CKF tracks 1
[ Recoil_TrackFinder ] 336  info: Number of RecoilRecoSeeds seed tracks = 48
[ Recoil_TrackFinder ] 336  warn: smoothTrack failed: Did not find a compatible track state
[ Recoil_TrackFinder ] 336  info: Number of CKF tracks 33
[ TrackerVetoProcessor ] 336  info: Tagger requirements passed for 1 tracks
[ TrackerVetoProcessor ] 336  info: Recoil requirements passed for 19 tracks
[ TrackerVetoProcessor ] 336  info: Tracker veto failed
[ EcalClusterProducer ] 336  info: Using CLUE clustering algorithm
[ CLUE ] 336  info: Starting CLUE clustering with parameters:dc 5, rc 550, delta_c 10, delta_o 40, nbr_of_layers 1, reclustering false
[ EcalVetoProcessor ] 336  info:    Is this event is fiducial in ECAL? true
[ EcalVetoProcessor ] 336  info:  BDT was ran, score is 0.01243
[ EcalVetoProcessor ] 336  info:  The pred > bdtCutVal = false
[ EcalMipTrackingProcessor ] 336  info: Finding linreg tracks from a total of 33 hits using a radius of 35 mm
[ EcalMipTrackingProcessor ] 336  info:  MIP tracking completed; found 2 straight tracks and 0 lin-reg tracks
[ HcalVetoProcessor ] 336  info: There are 28 / 28 HCal hits read out. 28 are not associated with the recoil ele. Total PE of 733
[ HcalVetoProcessor ] 336  info: HCAL veto passed? false
[ ElectronCounter ] 336  info: Found 1 electrons (tracks) using input collection TriggerPadTracksY_
[ trigger ] 336  info: Got trigger energy cut 3000 for 1 electrons counted in the event.
[ trigger ] 336  info: Got trigger energy sum 5729.24; and decision is pass = false
[ TrigScintDigiVerifier ] 336  info: There are 2 ts digis in this event
[ TrigScintDigiVerifier ] 336  info:  There are 115 sim hits in this event, adding up to a total energy of 86.537
[ EcalClusterAnalyzer ] 336  info: Avg number of clusters per layer: 1
[ EcalClusterAnalyzer ] 336  info: Number of ECal CLUE clusters: 1, TS counted electrons: 1, SP electrons: 1
[ biasing::TargetENProcessFilter ] 338  info: Electronuclear reaction resulted in 6 particles via biasWrapper(electronNuclear) process.
[ TruthSeedProcessor ] 338  warn: Propagation to target surface failed — track may have exited the B-field map.
[ Tagger_TrackFinder ] 338  info: Number of TaggerRecoSeeds seed tracks = 1
[ Tagger_TrackFinder ] 338  info: Number of CKF tracks 1
[ Recoil_TrackFinder ] 338  info: Number of RecoilRecoSeeds seed tracks = 7
[ Recoil_TrackFinder ] 338  info: Number of CKF tracks 3
[ TrackerVetoProcessor ] 338  info: Tagger requirements passed for 1 tracks
[ TrackerVetoProcessor ] 338  info: Recoil requirements passed for 2 tracks
[ TrackerVetoProcessor ] 338  info: Tracker veto failed
[ EcalClusterProducer ] 338  info: Using CLUE clustering algorithm
[ CLUE ] 338  info: Starting CLUE clustering with parameters:dc 5, rc 550, delta_c 10, delta_o 40, nbr_of_layers 1, reclustering false
[ EcalVetoProcessor ] 338  info:    Is this event is fiducial in ECAL? true
[ EcalVetoProcessor ] 338  info:  BDT was ran, score is 0.861695
[ EcalVetoProcessor ] 338  info:  The pred > bdtCutVal = false
[ EcalMipTrackingProcessor ] 338  info: Finding linreg tracks from a total of 37 hits using a radius of 35 mm
[ EcalMipTrackingProcessor ] 338  info:  MIP tracking completed; found 0 straight tracks and 0 lin-reg tracks
[ HcalVetoProcessor ] 338  info: There are 9 / 9 HCal hits read out. 9 are not associated with the recoil ele. Total PE of 34
[ HcalVetoProcessor ] 338  info: HCAL veto passed? false
[ ElectronCounter ] 338  info: Found 1 electrons (tracks) using input collection TriggerPadTracksY_
[ trigger ] 338  info: Got trigger energy cut 3000 for 1 electrons counted in the event.
[ trigger ] 338  info: Got trigger energy sum 7302.6; and decision is pass = false
[ TrigScintDigiVerifier ] 338  info: There are 1 ts digis in this event
[ TrigScintDigiVerifier ] 338  info:  There are 39 sim hits in this event, adding up to a total energy of 17.3771
[ EcalClusterAnalyzer ] 338  info: Avg number of clusters per layer: 1
[ EcalClusterAnalyzer ] 338  info: Number of ECal CLUE clusters: 1, TS counted electrons: 1, SP electrons: 1
[ biasing::TargetENProcessFilter ] 339  info: Electronuclear reaction resulted in 24 particles via biasWrapper(electronNuclear) process.
[ TruthSeedProcessor ] 339  warn: Propagation to target surface failed — track may have exited the B-field map.
[ Tagger_TrackFinder ] 339  info: Number of TaggerRecoSeeds seed tracks = 1
[ Tagger_TrackFinder ] 339  info: Number of CKF tracks 1
[ Recoil_TrackFinder ] 339  info: Number of RecoilRecoSeeds seed tracks = 29
[ Recoil_TrackFinder ] 339  warn: smoothTrack failed: Did not find a compatible track state
[ Recoil_TrackFinder ] 339  warn: smoothTrack failed: Did not find a compatible track state
[ Recoil_TrackFinder ] 339  warn: smoothTrack failed: Did not find a compatible track state
[ Recoil_TrackFinder ] 339  warn: smoothTrack failed: Did not find a compatible track state
[ Recoil_TrackFinder ] 339  info: Number of CKF tracks 13
[ TrackerVetoProcessor ] 339  info: Tagger requirements passed for 1 tracks
[ TrackerVetoProcessor ] 339  info: Recoil requirements passed for 8 tracks
[ TrackerVetoProcessor ] 339  info: Tracker veto failed
[ EcalClusterProducer ] 339  info: Using CLUE clustering algorithm
[ CLUE ] 339  info: Starting CLUE clustering with parameters:dc 5, rc 550, delta_c 10, delta_o 40, nbr_of_layers 1, reclustering false
[ EcalVetoProcessor ] 339  info:    Is this event is fiducial in ECAL? true
[ EcalVetoProcessor ] 339  info:  BDT was ran, score is 5.96046e-06
[ EcalVetoProcessor ] 339  info:  The pred > bdtCutVal = false
[ EcalMipTrackingProcessor ] 339  info: Finding linreg tracks from a total of 41 hits using a radius of 35 mm
[ EcalMipTrackingProcessor ] 339  info:  MIP tracking completed; found 2 straight tracks and 0 lin-reg tracks
[ HcalVetoProcessor ] 339  info: There are 39 / 39 HCal hits read out. 39 are not associated with the recoil ele. Total PE of 1973
[ HcalVetoProcessor ] 339  info: HCAL veto passed? false
[ ElectronCounter ] 339  info: Found 1 electrons (tracks) using input collection TriggerPadTracksY_
[ trigger ] 339  info: Got trigger energy cut 3000 for 1 electrons counted in the event.
[ trigger ] 339  info: Got trigger energy sum 5492.54; and decision is pass = false
[ TrigScintDigiVerifier ] 339  info: There are 2 ts digis in this event
[ TrigScintDigiVerifier ] 339  info:  There are 77 sim hits in this event, adding up to a total energy of 10.0836
[ EcalClusterAnalyzer ] 339  info: Avg number of clusters per layer: 0
[ EcalClusterAnalyzer ] 339  info: Number of ECal CLUE clusters: 0, TS counted electrons: 1, SP electrons: 1
[ biasing::TargetENProcessFilter ] 340  info: Electronuclear reaction resulted in 29 particles via biasWrapper(electronNuclear) process.
[ TruthSeedProcessor ] 340  warn: Propagation to target surface failed — track may have exited the B-field map.
[ Tagger_TrackFinder ] 340  info: Number of TaggerRecoSeeds seed tracks = 1
[ Tagger_TrackFinder ] 340  info: Number of CKF tracks 1
[ Recoil_TrackFinder ] 340  info: Number of RecoilRecoSeeds seed tracks = 50
[ Recoil_TrackFinder ] 340  warn: smoothTrack failed: Did not find a compatible track state
[ Recoil_TrackFinder ] 340  warn: smoothTrack failed: Did not find a compatible track state
[ Recoil_TrackFinder ] 340  info: Number of CKF tracks 11
[ TrackerVetoProcessor ] 340  info: Tagger requirements passed for 1 tracks
[ TrackerVetoProcessor ] 340  info: Recoil requirements passed for 3 tracks
[ TrackerVetoProcessor ] 340  info: Tracker veto failed
[ EcalClusterProducer ] 340  info: Using CLUE clustering algorithm
[ CLUE ] 340  info: Starting CLUE clustering with parameters:dc 5, rc 550, delta_c 10, delta_o 40, nbr_of_layers 1, reclustering false
[ EcalVetoProcessor ] 340  info:    Is this event is fiducial in ECAL? true
[ EcalVetoProcessor ] 340  info:  BDT was ran, score is 0.000562847
[ EcalVetoProcessor ] 340  info:  The pred > bdtCutVal = false
[ EcalMipTrackingProcessor ] 340  info: Finding linreg tracks from a total of 47 hits using a radius of 35 mm
[ EcalMipTrackingProcessor ] 340  info:  MIP tracking completed; found 5 straight tracks and 0 lin-reg tracks
[ HcalVetoProcessor ] 340  info: There are 40 / 44 HCal hits read out. 40 are not associated with the recoil ele. Total PE of 1172
[ HcalVetoProcessor ] 340  info: HCAL veto passed? false
[ ElectronCounter ] 340  info: Found 1 electrons (tracks) using input collection TriggerPadTracksY_
[ trigger ] 340  info: Got trigger energy cut 3000 for 1 electrons counted in the event.
[ trigger ] 340  info: Got trigger energy sum 4925.62; and decision is pass = false
[ TrigScintDigiVerifier ] 340  info: There are 2 ts digis in this event
[ TrigScintDigiVerifier ] 340  info:  There are 76 sim hits in this event, adding up to a total energy of 92.5461
[ EcalClusterAnalyzer ] 340  info: Avg number of clusters per layer: 1
[ EcalClusterAnalyzer ] 340  info: Number of ECal CLUE clusters: 1, TS counted electrons: 1, SP electrons: 1
[ biasing::TargetENProcessFilter ] 341  info: Electronuclear reaction resulted in 26 particles via biasWrapper(electronNuclear) process.
[ TruthSeedProcessor ] 341  warn: Propagation to target surface failed — track may have exited the B-field map.
[ Tagger_TrackFinder ] 341  info: Number of TaggerRecoSeeds seed tracks = 1
[ Tagger_TrackFinder ] 341  info: Number of CKF tracks 1
[ Recoil_TrackFinder ] 341  info: Number of RecoilRecoSeeds seed tracks = 311
[ Recoil_TrackFinder ] 341  warn: smoothTrack failed: Did not find a compatible track state
[ Recoil_TrackFinder ] 341  warn: smoothTrack failed: Did not find a compatible track state
[ Recoil_TrackFinder ] 341  warn: smoothTrack failed: Did not find a compatible track state
[ Recoil_TrackFinder ] 341  warn: smoothTrack failed: Did not find a compatible track state
[ Recoil_TrackFinder ] 341  warn: smoothTrack failed: Did not find a compatible track state
[ Recoil_TrackFinder ] 341  warn: smoothTrack failed: Did not find a compatible track state
[ Recoil_TrackFinder ] 341  warn: smoothTrack failed: Did not find a compatible track state
00:34:47    Propagator     WARNING   Field lookup was unsuccessful, this is very likely an error
[ Recoil_TrackFinder ] 341  warn: smoothTrack failed: Did not find a compatible track state
[ Recoil_TrackFinder ] 341  warn: smoothTrack failed: Did not find a compatible track state
00:34:47    Propagator     WARNING   Field lookup was unsuccessful, this is very likely an error
[ Recoil_TrackFinder ] 341  warn: smoothTrack failed: Did not find a compatible track state
[ Recoil_TrackFinder ] 341  warn: smoothTrack failed: Did not find a compatible track state
[ Recoil_TrackFinder ] 341  warn: smoothTrack failed: Did not find a compatible track state
[ Recoil_TrackFinder ] 341  warn: smoothTrack failed: Did not find a compatible track state
[ Recoil_TrackFinder ] 341  warn: smoothTrack failed: Did not find a compatible track state
[ Recoil_TrackFinder ] 341  warn: smoothTrack failed: Did not find a compatible track state
00:34:47    Propagator     WARNING   Field lookup was unsuccessful, this is very likely an error
00:34:47    Propagator     WARNING   Field lookup was unsuccessful, this is very likely an error
[ Recoil_TrackFinder ] 341  warn: smoothTrack failed: Did not find a compatible track state
[ Recoil_TrackFinder ] 341  info: Number of CKF tracks 54
[ TrackerVetoProcessor ] 341  info: Tagger requirements passed for 1 tracks
[ TrackerVetoProcessor ] 341  info: Recoil requirements passed for 24 tracks
[ TrackerVetoProcessor ] 341  info: Tracker veto failed
[ EcalClusterProducer ] 341  info: Using CLUE clustering algorithm
[ CLUE ] 341  info: Starting CLUE clustering with parameters:dc 5, rc 550, delta_c 10, delta_o 40, nbr_of_layers 1, reclustering false
[ EcalVetoProcessor ] 341  info:    Is this event is fiducial in ECAL? true
[ EcalVetoProcessor ] 341  info:  BDT was ran, score is 8.30889e-05
[ EcalVetoProcessor ] 341  info:  The pred > bdtCutVal = false
[ EcalMipTrackingProcessor ] 341  info: Finding linreg tracks from a total of 23 hits using a radius of 35 mm
[ EcalMipTrackingProcessor ] 341  info:  MIP tracking completed; found 7 straight tracks and 0 lin-reg tracks
[ HcalVetoProcessor ] 341  info: There are 60 / 62 HCal hits read out. 60 are not associated with the recoil ele. Total PE of 1785
[ HcalVetoProcessor ] 341  info: HCAL veto passed? false
[ ElectronCounter ] 341  info: Found 1 electrons (tracks) using input collection TriggerPadTracksY_
[ trigger ] 341  info: Got trigger energy cut 3000 for 1 electrons counted in the event.
[ trigger ] 341  info: Got trigger energy sum 2454.89; and decision is pass = true
[ TrigScintDigiVerifier ] 341  info: There are 2 ts digis in this event
[ TrigScintDigiVerifier ] 341  info:  There are 103 sim hits in this event, adding up to a total energy of 56.9947
[ EcalClusterAnalyzer ] 341  info: Avg number of clusters per layer: 0
[ EcalClusterAnalyzer ] 341  info: Number of ECal CLUE clusters: 0, TS counted electrons: 1, SP electrons: 1
[ biasing::TargetENProcessFilter ] 343  info: Electronuclear reaction resulted in 7 particles via biasWrapper(electronNuclear) process.
[ TruthSeedProcessor ] 343  warn: Propagation to target surface failed — track may have exited the B-field map.
[ Tagger_TrackFinder ] 343  info: Number of TaggerRecoSeeds seed tracks = 1
[ Tagger_TrackFinder ] 343  info: Number of CKF tracks 1
[ Recoil_TrackFinder ] 343  info: Number of RecoilRecoSeeds seed tracks = 69
00:34:54    Propagator     WARNING   Field lookup was unsuccessful, this is very likely an error
[ Recoil_TrackFinder ] 343  warn: smoothTrack failed: Did not find a compatible track state
[ Recoil_TrackFinder ] 343  warn: smoothTrack failed: Did not find a compatible track state
[ Recoil_TrackFinder ] 343  warn: smoothTrack failed: Did not find a compatible track state
[ Recoil_TrackFinder ] 343  warn: smoothTrack failed: Did not find a compatible track state
00:34:54    Propagator     WARNING   Field lookup was unsuccessful, this is very likely an error
00:34:54    Propagator     WARNING   Field lookup was unsuccessful, this is very likely an error
[ Recoil_TrackFinder ] 343  warn: smoothTrack failed: Did not find a compatible track state
[ Recoil_TrackFinder ] 343  info: Number of CKF tracks 21
[ TrackerVetoProcessor ] 343  info: Tagger requirements passed for 1 tracks
[ TrackerVetoProcessor ] 343  info: Recoil requirements passed for 5 tracks
[ TrackerVetoProcessor ] 343  info: Tracker veto failed
[ EcalClusterProducer ] 343  info: Using CLUE clustering algorithm
[ CLUE ] 343  info: Starting CLUE clustering with parameters:dc 5, rc 550, delta_c 10, delta_o 40, nbr_of_layers 1, reclustering false
[ EcalVetoProcessor ] 343  info:    Is this event is fiducial in ECAL? true
[ EcalVetoProcessor ] 343  info:  BDT was ran, score is 0.0175207
[ EcalVetoProcessor ] 343  info:  The pred > bdtCutVal = false
[ EcalMipTrackingProcessor ] 343  info: Finding linreg tracks from a total of 52 hits using a radius of 35 mm
[ EcalMipTrackingProcessor ] 343  info:  MIP tracking completed; found 3 straight tracks and 0 lin-reg tracks
[ HcalVetoProcessor ] 343  info: There are 48 / 49 HCal hits read out. 48 are not associated with the recoil ele. Total PE of 1419
[ HcalVetoProcessor ] 343  info: HCAL veto passed? false
[ ElectronCounter ] 343  info: Found 1 electrons (tracks) using input collection TriggerPadTracksY_
[ trigger ] 343  info: Got trigger energy cut 3000 for 1 electrons counted in the event.
[ trigger ] 343  info: Got trigger energy sum 4972.4; and decision is pass = false
[ TrigScintDigiVerifier ] 343  info: There are 2 ts digis in this event
[ TrigScintDigiVerifier ] 343  info:  There are 76 sim hits in this event, adding up to a total energy of 65.7458
[ EcalClusterAnalyzer ] 343  info: Avg number of clusters per layer: 1
[ EcalClusterAnalyzer ] 343  info: Number of ECal CLUE clusters: 1, TS counted electrons: 1, SP electrons: 1
[ biasing::TargetENProcessFilter ] 346  info: Electronuclear reaction resulted in 22 particles via biasWrapper(electronNuclear) process.
[ TruthSeedProcessor ] 346  warn: Propagation to target surface failed — track may have exited the B-field map.
[ Tagger_TrackFinder ] 346  info: Number of TaggerRecoSeeds seed tracks = 1
[ Tagger_TrackFinder ] 346  info: Number of CKF tracks 1
[ Recoil_TrackFinder ] 346  info: Number of RecoilRecoSeeds seed tracks = 44
00:35:06    Propagator     WARNING   Field lookup was unsuccessful, this is very likely an error
00:35:06    Propagator     WARNING   Field lookup was unsuccessful, this is very likely an error
[ Recoil_TrackFinder ] 346  warn: smoothTrack failed: Did not find a compatible track state
[ Recoil_TrackFinder ] 346  info: Number of CKF tracks 15
[ TrackerVetoProcessor ] 346  info: Tagger requirements passed for 1 tracks
[ TrackerVetoProcessor ] 346  info: Recoil requirements passed for 4 tracks
[ TrackerVetoProcessor ] 346  info: Tracker veto failed
[ EcalClusterProducer ] 346  info: Using CLUE clustering algorithm
[ CLUE ] 346  info: Starting CLUE clustering with parameters:dc 5, rc 550, delta_c 10, delta_o 40, nbr_of_layers 1, reclustering false
[ EcalVetoProcessor ] 346  info:    Is this event is fiducial in ECAL? true
[ EcalVetoProcessor ] 346  info:  BDT was ran, score is 0.000174105
[ EcalVetoProcessor ] 346  info:  The pred > bdtCutVal = false
[ EcalMipTrackingProcessor ] 346  info: Finding linreg tracks from a total of 29 hits using a radius of 35 mm
[ EcalMipTrackingProcessor ] 346  info:  MIP tracking completed; found 8 straight tracks and 0 lin-reg tracks
[ HcalVetoProcessor ] 346  info: There are 32 / 33 HCal hits read out. 32 are not associated with the recoil ele. Total PE of 1150
[ HcalVetoProcessor ] 346  info: HCAL veto passed? false
[ ElectronCounter ] 346  info: Found 1 electrons (tracks) using input collection TriggerPadTracksY_
[ trigger ] 346  info: Got trigger energy cut 3000 for 1 electrons counted in the event.
[ trigger ] 346  info: Got trigger energy sum 4790.76; and decision is pass = false
[ TrigScintDigiVerifier ] 346  info: There are 2 ts digis in this event
[ TrigScintDigiVerifier ] 346  info:  There are 87 sim hits in this event, adding up to a total energy of 35.7313
[ EcalClusterAnalyzer ] 346  info: Avg number of clusters per layer: 1
[ EcalClusterAnalyzer ] 346  info: Number of ECal CLUE clusters: 1, TS counted electrons: 1, SP electrons: 1
[ biasing::TargetENProcessFilter ] 347  info: Electronuclear reaction resulted in 8 particles via biasWrapper(electronNuclear) process.
[ TruthSeedProcessor ] 347  warn: Propagation to target surface failed — track may have exited the B-field map.
[ Tagger_TrackFinder ] 347  info: Number of TaggerRecoSeeds seed tracks = 1
[ Tagger_TrackFinder ] 347  info: Number of CKF tracks 1
[ Recoil_TrackFinder ] 347  info: Number of RecoilRecoSeeds seed tracks = 2
[ Recoil_TrackFinder ] 347  info: Number of CKF tracks 2
[ TrackerVetoProcessor ] 347  info: Tagger requirements passed for 1 tracks
[ TrackerVetoProcessor ] 347  info: Recoil requirements passed for 2 tracks
[ TrackerVetoProcessor ] 347  info: Tracker veto failed
[ EcalClusterProducer ] 347  info: Using CLUE clustering algorithm
[ CLUE ] 347  info: Starting CLUE clustering with parameters:dc 5, rc 550, delta_c 10, delta_o 40, nbr_of_layers 1, reclustering false
[ EcalVetoProcessor ] 347  info:    Is this event is fiducial in ECAL? true
[ EcalVetoProcessor ] 347  info:  BDT was ran, score is 0.821595
[ EcalVetoProcessor ] 347  info:  The pred > bdtCutVal = false
[ EcalMipTrackingProcessor ] 347  info: Finding linreg tracks from a total of 32 hits using a radius of 35 mm
[ EcalMipTrackingProcessor ] 347  info:  MIP tracking completed; found 1 straight tracks and 0 lin-reg tracks
[ HcalVetoProcessor ] 347  info: There are 22 / 22 HCal hits read out. 22 are not associated with the recoil ele. Total PE of 873
[ HcalVetoProcessor ] 347  info: HCAL veto passed? false
[ ElectronCounter ] 347  info: Found 1 electrons (tracks) using input collection TriggerPadTracksY_
[ trigger ] 347  info: Got trigger energy cut 3000 for 1 electrons counted in the event.
[ trigger ] 347  info: Got trigger energy sum 6980.19; and decision is pass = false
[ TrigScintDigiVerifier ] 347  info: There are 2 ts digis in this event
[ TrigScintDigiVerifier ] 347  info:  There are 99 sim hits in this event, adding up to a total energy of 34.9916
[ EcalClusterAnalyzer ] 347  info: Avg number of clusters per layer: 1
[ EcalClusterAnalyzer ] 347  info: Number of ECal CLUE clusters: 1, TS counted electrons: 1, SP electrons: 1
[ biasing::TargetENProcessFilter ] 352  info: Electronuclear reaction resulted in 8 particles via biasWrapper(electronNuclear) process.
[ TruthSeedProcessor ] 352  warn: Propagation to target surface failed — track may have exited the B-field map.
[ Tagger_TrackFinder ] 352  info: Number of TaggerRecoSeeds seed tracks = 1
[ Tagger_TrackFinder ] 352  info: Number of CKF tracks 1
[ Recoil_TrackFinder ] 352  info: Number of RecoilRecoSeeds seed tracks = 119
[ Recoil_TrackFinder ] 352  warn: smoothTrack failed: Did not find a compatible track state
[ Recoil_TrackFinder ] 352  warn: smoothTrack failed: Did not find a compatible track state
[ Recoil_TrackFinder ] 352  warn: smoothTrack failed: Did not find a compatible track state
00:35:33    Propagator     WARNING   Field lookup was unsuccessful, this is very likely an error
[ Recoil_TrackFinder ] 352  warn: smoothTrack failed: Did not find a compatible track state
[ Recoil_TrackFinder ] 352  warn: smoothTrack failed: Did not find a compatible track state
[ Recoil_TrackFinder ] 352  warn: smoothTrack failed: Did not find a compatible track state
[ Recoil_TrackFinder ] 352  warn: smoothTrack failed: Did not find a compatible track state
[ Recoil_TrackFinder ] 352  warn: smoothTrack failed: Did not find a compatible track state
[ Recoil_TrackFinder ] 352  warn: smoothTrack failed: Did not find a compatible track state
[ Recoil_TrackFinder ] 352  warn: smoothTrack failed: Did not find a compatible track state
[ Recoil_TrackFinder ] 352  warn: smoothTrack failed: Did not find a compatible track state
[ Recoil_TrackFinder ] 352  warn: smoothTrack failed: Did not find a compatible track state
[ Recoil_TrackFinder ] 352  warn: smoothTrack failed: Did not find a compatible track state
[ Recoil_TrackFinder ] 352  warn: smoothTrack failed: Did not find a compatible track state
[ Recoil_TrackFinder ] 352  warn: smoothTrack failed: Did not find a compatible track state
[ Recoil_TrackFinder ] 352  warn: smoothTrack failed: Did not find a compatible track state
[ Recoil_TrackFinder ] 352  info: Number of CKF tracks 32
[ TrackerVetoProcessor ] 352  info: Tagger requirements passed for 1 tracks
[ TrackerVetoProcessor ] 352  info: Recoil requirements passed for 11 tracks
[ TrackerVetoProcessor ] 352  info: Tracker veto failed
[ EcalClusterProducer ] 352  info: Using CLUE clustering algorithm
[ CLUE ] 352  info: Starting CLUE clustering with parameters:dc 5, rc 550, delta_c 10, delta_o 40, nbr_of_layers 1, reclustering false
[ EcalVetoProcessor ] 352  info:    Is this event is fiducial in ECAL? true
[ EcalVetoProcessor ] 352  info:  BDT was ran, score is 3.24249e-05
[ EcalVetoProcessor ] 352  info:  The pred > bdtCutVal = false
[ EcalMipTrackingProcessor ] 352  info: Finding linreg tracks from a total of 71 hits using a radius of 35 mm
[ EcalMipTrackingProcessor ] 352  info:  MIP tracking completed; found 9 straight tracks and 0 lin-reg tracks
[ HcalVetoProcessor ] 352  info: There are 33 / 33 HCal hits read out. 33 are not associated with the recoil ele. Total PE of 1012
[ HcalVetoProcessor ] 352  info: HCAL veto passed? false
[ ElectronCounter ] 352  info: Found 1 electrons (tracks) using input collection TriggerPadTracksY_
[ trigger ] 352  info: Got trigger energy cut 3000 for 1 electrons counted in the event.
[ trigger ] 352  info: Got trigger energy sum 4632.65; and decision is pass = false
[ TrigScintDigiVerifier ] 352  info: There are 1 ts digis in this event
[ TrigScintDigiVerifier ] 352  info:  There are 85 sim hits in this event, adding up to a total energy of 50.2979
[ EcalClusterAnalyzer ] 352  info: Avg number of clusters per layer: 0
[ EcalClusterAnalyzer ] 352  info: Number of ECal CLUE clusters: 0, TS counted electrons: 1, SP electrons: 1
[ biasing::TargetENProcessFilter ] 353  info: Electronuclear reaction resulted in 9 particles via biasWrapper(electronNuclear) process.
[ TruthSeedProcessor ] 353  warn: Propagation to target surface failed — track may have exited the B-field map.
[ Tagger_TrackFinder ] 353  info: Number of TaggerRecoSeeds seed tracks = 1
[ Tagger_TrackFinder ] 353  info: Number of CKF tracks 1
[ Recoil_TrackFinder ] 353  info: Number of RecoilRecoSeeds seed tracks = 70
00:35:37    Propagator     WARNING   Field lookup was unsuccessful, this is very likely an error
[ Recoil_TrackFinder ] 353  info: Number of CKF tracks 17
[ TrackerVetoProcessor ] 353  info: Tagger requirements passed for 1 tracks
[ TrackerVetoProcessor ] 353  info: Recoil requirements passed for 6 tracks
[ TrackerVetoProcessor ] 353  info: Tracker veto failed
[ EcalClusterProducer ] 353  info: Using CLUE clustering algorithm
[ CLUE ] 353  info: Starting CLUE clustering with parameters:dc 5, rc 550, delta_c 10, delta_o 40, nbr_of_layers 1, reclustering false
[ EcalVetoProcessor ] 353  info:    Is this event is fiducial in ECAL? true
[ EcalVetoProcessor ] 353  info:  BDT was ran, score is 0.00135142
[ EcalVetoProcessor ] 353  info:  The pred > bdtCutVal = false
[ EcalMipTrackingProcessor ] 353  info: Finding linreg tracks from a total of 50 hits using a radius of 35 mm
[ EcalMipTrackingProcessor ] 353  info:  MIP tracking completed; found 0 straight tracks and 0 lin-reg tracks
[ HcalVetoProcessor ] 353  info: There are 6 / 6 HCal hits read out. 6 are not associated with the recoil ele. Total PE of 108
[ HcalVetoProcessor ] 353  info: HCAL veto passed? false
[ ElectronCounter ] 353  info: Found 1 electrons (tracks) using input collection TriggerPadTracksY_
[ trigger ] 353  info: Got trigger energy cut 3000 for 1 electrons counted in the event.
[ trigger ] 353  info: Got trigger energy sum 7559.53; and decision is pass = false
[ TrigScintDigiVerifier ] 353  info: There are 2 ts digis in this event
[ TrigScintDigiVerifier ] 353  info:  There are 53 sim hits in this event, adding up to a total energy of 74.0787
[ EcalClusterAnalyzer ] 353  info: Avg number of clusters per layer: 1
[ EcalClusterAnalyzer ] 353  info: Number of ECal CLUE clusters: 1, TS counted electrons: 1, SP electrons: 1
[ biasing::TargetENProcessFilter ] 358  info: Electronuclear reaction resulted in 11 particles via biasWrapper(electronNuclear) process.
[ TruthSeedProcessor ] 358  warn: Propagation to target surface failed — track may have exited the B-field map.
[ Tagger_TrackFinder ] 358  info: Number of TaggerRecoSeeds seed tracks = 1
[ Tagger_TrackFinder ] 358  info: Number of CKF tracks 1
[ Recoil_TrackFinder ] 358  info: Number of RecoilRecoSeeds seed tracks = 48
[ Recoil_TrackFinder ] 358  warn: smoothTrack failed: Did not find a compatible track state
[ Recoil_TrackFinder ] 358  warn: smoothTrack failed: Did not find a compatible track state
[ Recoil_TrackFinder ] 358  warn: smoothTrack failed: Did not find a compatible track state
[ Recoil_TrackFinder ] 358  warn: smoothTrack failed: Did not find a compatible track state
[ Recoil_TrackFinder ] 358  info: Number of CKF tracks 8
[ TrackerVetoProcessor ] 358  info: Tagger requirements passed for 1 tracks
[ TrackerVetoProcessor ] 358  info: Recoil requirements passed for 5 tracks
[ TrackerVetoProcessor ] 358  info: Tracker veto failed
[ EcalClusterProducer ] 358  info: Using CLUE clustering algorithm
[ CLUE ] 358  info: Starting CLUE clustering with parameters:dc 5, rc 550, delta_c 10, delta_o 40, nbr_of_layers 1, reclustering false
[ EcalVetoProcessor ] 358  info:    Is this event is fiducial in ECAL? true
[ EcalVetoProcessor ] 358  info:  BDT was ran, score is 0.0283824
[ EcalVetoProcessor ] 358  info:  The pred > bdtCutVal = false
[ EcalMipTrackingProcessor ] 358  info: Finding linreg tracks from a total of 38 hits using a radius of 35 mm
[ EcalMipTrackingProcessor ] 358  info:  MIP tracking completed; found 9 straight tracks and 0 lin-reg tracks
[ HcalVetoProcessor ] 358  info: There are 26 / 29 HCal hits read out. 26 are not associated with the recoil ele. Total PE of 601
[ HcalVetoProcessor ] 358  info: HCAL veto passed? false
[ ElectronCounter ] 358  info: Found 1 electrons (tracks) using input collection TriggerPadTracksY_
[ trigger ] 358  info: Got trigger energy cut 3000 for 1 electrons counted in the event.
[ trigger ] 358  info: Got trigger energy sum 4284.76; and decision is pass = false
[ TrigScintDigiVerifier ] 358  info: There are 2 ts digis in this event
[ TrigScintDigiVerifier ] 358  info:  There are 124 sim hits in this event, adding up to a total energy of 45.8275
[ EcalClusterAnalyzer ] 358  info: Avg number of clusters per layer: 1
[ EcalClusterAnalyzer ] 358  info: Number of ECal CLUE clusters: 1, TS counted electrons: 1, SP electrons: 1
[ biasing::TargetENProcessFilter ] 362  info: Electronuclear reaction resulted in 20 particles via biasWrapper(electronNuclear) process.
[ TruthSeedProcessor ] 362  warn: Propagation to target surface failed — track may have exited the B-field map.
[ Tagger_TrackFinder ] 362  info: Number of TaggerRecoSeeds seed tracks = 1
[ Tagger_TrackFinder ] 362  info: Number of CKF tracks 1
[ Recoil_TrackFinder ] 362  info: Number of RecoilRecoSeeds seed tracks = 8
00:36:25    Propagator     WARNING   Field lookup was unsuccessful, this is very likely an error
[ Recoil_TrackFinder ] 362  info: Number of CKF tracks 6
[ TrackerVetoProcessor ] 362  info: Tagger requirements passed for 1 tracks
[ TrackerVetoProcessor ] 362  info: Recoil requirements passed for 3 tracks
[ TrackerVetoProcessor ] 362  info: Tracker veto failed
[ EcalClusterProducer ] 362  info: Using CLUE clustering algorithm
[ CLUE ] 362  info: Starting CLUE clustering with parameters:dc 5, rc 550, delta_c 10, delta_o 40, nbr_of_layers 1, reclustering false
[ EcalVetoProcessor ] 362  info:    Is this event is fiducial in ECAL? true
[ EcalVetoProcessor ] 362  info:  BDT was ran, score is 0.00495046
[ EcalVetoProcessor ] 362  info:  The pred > bdtCutVal = false
[ EcalMipTrackingProcessor ] 362  info: Finding linreg tracks from a total of 42 hits using a radius of 35 mm
[ EcalMipTrackingProcessor ] 362  info:  MIP tracking completed; found 2 straight tracks and 0 lin-reg tracks
[ HcalVetoProcessor ] 362  info: There are 13 / 14 HCal hits read out. 13 are not associated with the recoil ele. Total PE of 258
[ HcalVetoProcessor ] 362  info: HCAL veto passed? false
[ ElectronCounter ] 362  info: Found 1 electrons (tracks) using input collection TriggerPadTracksY_
[ trigger ] 362  info: Got trigger energy cut 3000 for 1 electrons counted in the event.
[ trigger ] 362  info: Got trigger energy sum 5913.93; and decision is pass = false
[ TrigScintDigiVerifier ] 362  info: There are 1 ts digis in this event
[ TrigScintDigiVerifier ] 362  info:  There are 109 sim hits in this event, adding up to a total energy of 76.9625
[ EcalClusterAnalyzer ] 362  info: Avg number of clusters per layer: 1
[ EcalClusterAnalyzer ] 362  info: Number of ECal CLUE clusters: 1, TS counted electrons: 1, SP electrons: 1
[ biasing::TargetENProcessFilter ] 363  info: Electronuclear reaction resulted in 13 particles via biasWrapper(electronNuclear) process.
[ TruthSeedProcessor ] 363  warn: Propagation to target surface failed — track may have exited the B-field map.
[ Tagger_TrackFinder ] 363  info: Number of TaggerRecoSeeds seed tracks = 1
[ Tagger_TrackFinder ] 363  info: Number of CKF tracks 1
[ Recoil_TrackFinder ] 363  info: Number of RecoilRecoSeeds seed tracks = 1
[ Recoil_TrackFinder ] 363  info: Number of CKF tracks 1
[ TrackerVetoProcessor ] 363  info: Tagger requirements passed for 1 tracks
[ TrackerVetoProcessor ] 363  info: Recoil requirements passed for 1 tracks
[ TrackerVetoProcessor ] 363  info: Tracker veto passed, skim will keep the event
[ EcalClusterProducer ] 363  info: Using CLUE clustering algorithm
[ CLUE ] 363  info: Starting CLUE clustering with parameters:dc 5, rc 550, delta_c 10, delta_o 40, nbr_of_layers 1, reclustering false
[ EcalVetoProcessor ] 363  info:    Is this event is fiducial in ECAL? true
[ EcalVetoProcessor ] 363  info:  BDT was ran, score is 0.964328
[ EcalVetoProcessor ] 363  info:  The pred > bdtCutVal = true
[ EcalMipTrackingProcessor ] 363  info: Finding linreg tracks from a total of 38 hits using a radius of 35 mm
[ EcalMipTrackingProcessor ] 363  info:  MIP tracking completed; found 1 straight tracks and 0 lin-reg tracks
[ HcalVetoProcessor ] 363  info: There are 18 / 18 HCal hits read out. 18 are not associated with the recoil ele. Total PE of 125
[ HcalVetoProcessor ] 363  info: HCAL veto passed? false
[ ElectronCounter ] 363  info: Found 1 electrons (tracks) using input collection TriggerPadTracksY_
[ trigger ] 363  info: Got trigger energy cut 3000 for 1 electrons counted in the event.
[ trigger ] 363  info: Got trigger energy sum 6553.99; and decision is pass = false
[ TrigScintDigiVerifier ] 363  info: There are 1 ts digis in this event
[ TrigScintDigiVerifier ] 363  info:  There are 37 sim hits in this event, adding up to a total energy of 19.3311
[ EcalClusterAnalyzer ] 363  info: Avg number of clusters per layer: 1
[ EcalClusterAnalyzer ] 363  info: Number of ECal CLUE clusters: 1, TS counted electrons: 1, SP electrons: 1
[ biasing::TargetENProcessFilter ] 364  info: Electronuclear reaction resulted in 10 particles via biasWrapper(electronNuclear) process.
[ TruthSeedProcessor ] 364  warn: Propagation to target surface failed — track may have exited the B-field map.
[ Tagger_TrackFinder ] 364  info: Number of TaggerRecoSeeds seed tracks = 1
[ Tagger_TrackFinder ] 364  info: Number of CKF tracks 1
[ Recoil_TrackFinder ] 364  info: Number of RecoilRecoSeeds seed tracks = 3
[ Recoil_TrackFinder ] 364  info: Number of CKF tracks 3
[ TrackerVetoProcessor ] 364  info: Tagger requirements passed for 1 tracks
[ TrackerVetoProcessor ] 364  info: Recoil requirements passed for 2 tracks
[ TrackerVetoProcessor ] 364  info: Tracker veto failed
[ EcalClusterProducer ] 364  info: Using CLUE clustering algorithm
[ CLUE ] 364  info: Starting CLUE clustering with parameters:dc 5, rc 550, delta_c 10, delta_o 40, nbr_of_layers 1, reclustering false
[ EcalVetoProcessor ] 364  info:    Is this event is fiducial in ECAL? true
[ EcalVetoProcessor ] 364  info:  BDT was ran, score is 0.0881335
[ EcalVetoProcessor ] 364  info:  The pred > bdtCutVal = false
[ EcalMipTrackingProcessor ] 364  info: Finding linreg tracks from a total of 55 hits using a radius of 35 mm
[ EcalMipTrackingProcessor ] 364  info:  MIP tracking completed; found 1 straight tracks and 0 lin-reg tracks
[ HcalVetoProcessor ] 364  info: There are 19 / 19 HCal hits read out. 19 are not associated with the recoil ele. Total PE of 470
[ HcalVetoProcessor ] 364  info: HCAL veto passed? false
[ ElectronCounter ] 364  info: Found 1 electrons (tracks) using input collection TriggerPadTracksY_
[ trigger ] 364  info: Got trigger energy cut 3000 for 1 electrons counted in the event.
[ trigger ] 364  info: Got trigger energy sum 6547; and decision is pass = false
[ TrigScintDigiVerifier ] 364  info: There are 1 ts digis in this event
[ TrigScintDigiVerifier ] 364  info:  There are 383 sim hits in this event, adding up to a total energy of 105.058
[ EcalClusterAnalyzer ] 364  info: Avg number of clusters per layer: 1
[ EcalClusterAnalyzer ] 364  info: Number of ECal CLUE clusters: 1, TS counted electrons: 1, SP electrons: 1
[ biasing::TargetENProcessFilter ] 368  info: Electronuclear reaction resulted in 9 particles via biasWrapper(electronNuclear) process.
[ TruthSeedProcessor ] 368  warn: Propagation to target surface failed — track may have exited the B-field map.
[ Tagger_TrackFinder ] 368  info: Number of TaggerRecoSeeds seed tracks = 1
[ Tagger_TrackFinder ] 368  info: Number of CKF tracks 1
[ Recoil_TrackFinder ] 368  info: Number of RecoilRecoSeeds seed tracks = 1
[ Recoil_TrackFinder ] 368  info: Number of CKF tracks 1
[ TrackerVetoProcessor ] 368  info: Tagger requirements passed for 1 tracks
[ TrackerVetoProcessor ] 368  info: Recoil requirements passed for 1 tracks
[ TrackerVetoProcessor ] 368  info: Tracker veto passed, skim will keep the event
[ EcalClusterProducer ] 368  info: Using CLUE clustering algorithm
[ CLUE ] 368  info: Starting CLUE clustering with parameters:dc 5, rc 550, delta_c 10, delta_o 40, nbr_of_layers 1, reclustering false
[ EcalVetoProcessor ] 368  info:    Is this event is fiducial in ECAL? true
[ EcalVetoProcessor ] 368  info:  BDT was ran, score is 0.004004
[ EcalVetoProcessor ] 368  info:  The pred > bdtCutVal = false
[ EcalMipTrackingProcessor ] 368  info: Finding linreg tracks from a total of 40 hits using a radius of 35 mm
[ EcalMipTrackingProcessor ] 368  info:  MIP tracking completed; found 0 straight tracks and 0 lin-reg tracks
[ HcalVetoProcessor ] 368  info: There are 9 / 9 HCal hits read out. 9 are not associated with the recoil ele. Total PE of 186
[ HcalVetoProcessor ] 368  info: HCAL veto passed? false
[ ElectronCounter ] 368  info: Found 0 electrons (tracks) using input collection TriggerPadTracksY_
[ trigger ] 368  info: Got trigger energy cut 0 for 0 electrons counted in the event.
[ trigger ] 368  info: Got trigger energy sum 7911.69; and decision is pass = false
[ TrigScintDigiVerifier ] 368  info: There are 1 ts digis in this event
[ TrigScintDigiVerifier ] 368  info:  There are 64 sim hits in this event, adding up to a total energy of 94.5112
[ EcalClusterAnalyzer ] 368  info: Avg number of clusters per layer: 1
[ EcalClusterAnalyzer ] 368  info: Number of ECal CLUE clusters: 1, TS counted electrons: 0, SP electrons: 0
[ biasing::TargetENProcessFilter ] 370  info: Electronuclear reaction resulted in 6 particles via biasWrapper(electronNuclear) process.
[ TruthSeedProcessor ] 370  warn: Propagation to target surface failed — track may have exited the B-field map.
[ Tagger_TrackFinder ] 370  info: Number of TaggerRecoSeeds seed tracks = 1
[ Tagger_TrackFinder ] 370  info: Number of CKF tracks 1
[ Recoil_TrackFinder ] 370  info: Number of RecoilRecoSeeds seed tracks = 196
00:37:01    Propagator     WARNING   Field lookup was unsuccessful, this is very likely an error
00:37:01    Propagator     WARNING   Field lookup was unsuccessful, this is very likely an error
00:37:01    Propagator     WARNING   Field lookup was unsuccessful, this is very likely an error
00:37:01    Propagator     WARNING   Field lookup was unsuccessful, this is very likely an error
00:37:01    Propagator     WARNING   Field lookup was unsuccessful, this is very likely an error
00:37:01    Propagator     WARNING   Field lookup was unsuccessful, this is very likely an error
00:37:01    Propagator     WARNING   Field lookup was unsuccessful, this is very likely an error
00:37:01    Propagator     WARNING   Field lookup was unsuccessful, this is very likely an error
00:37:01    Propagator     WARNING   Field lookup was unsuccessful, this is very likely an error
00:37:01    Propagator     WARNING   Field lookup was unsuccessful, this is very likely an error
00:37:01    Propagator     WARNING   Field lookup was unsuccessful, this is very likely an error
00:37:01    Propagator     WARNING   Field lookup was unsuccessful, this is very likely an error
00:37:01    Propagator     WARNING   Field lookup was unsuccessful, this is very likely an error
00:37:01    Propagator     WARNING   Field lookup was unsuccessful, this is very likely an error
00:37:01    Propagator     WARNING   Field lookup was unsuccessful, this is very likely an error
00:37:01    Propagator     WARNING   Field lookup was unsuccessful, this is very likely an error
00:37:01    Propagator     WARNING   Field lookup was unsuccessful, this is very likely an error
00:37:01    Propagator     WARNING   Field lookup was unsuccessful, this is very likely an error
00:37:01    Propagator     WARNING   Field lookup was unsuccessful, this is very likely an error
00:37:01    Propagator     WARNING   Field lookup was unsuccessful, this is very likely an error
00:37:01    Propagator     WARNING   Field lookup was unsuccessful, this is very likely an error
00:37:01    Propagator     WARNING   Field lookup was unsuccessful, this is very likely an error
00:37:01    Propagator     WARNING   Field lookup was unsuccessful, this is very likely an error
00:37:01    Propagator     WARNING   Field lookup was unsuccessful, this is very likely an error
00:37:01    Propagator     WARNING   Field lookup was unsuccessful, this is very likely an error
00:37:01    Propagator     WARNING   Field lookup was unsuccessful, this is very likely an error
00:37:01    Propagator     WARNING   Field lookup was unsuccessful, this is very likely an error
00:37:01    Propagator     WARNING   Field lookup was unsuccessful, this is very likely an error
00:37:01    Propagator     WARNING   Field lookup was unsuccessful, this is very likely an error
[ Recoil_TrackFinder ] 370  info: Number of CKF tracks 161
[ TrackerVetoProcessor ] 370  info: Tagger requirements passed for 1 tracks
[ TrackerVetoProcessor ] 370  info: Recoil requirements passed for 62 tracks
[ TrackerVetoProcessor ] 370  info: Tracker veto failed
[ EcalClusterProducer ] 370  info: Using CLUE clustering algorithm
[ CLUE ] 370  info: Starting CLUE clustering with parameters:dc 5, rc 550, delta_c 10, delta_o 40, nbr_of_layers 1, reclustering false
[ EcalVetoProcessor ] 370  info:    Is this event is fiducial in ECAL? true
[ EcalVetoProcessor ] 370  info:  BDT was ran, score is 0.0050633
[ EcalVetoProcessor ] 370  info:  The pred > bdtCutVal = false
[ EcalMipTrackingProcessor ] 370  info: Finding linreg tracks from a total of 70 hits using a radius of 35 mm
[ EcalMipTrackingProcessor ] 370  info:  MIP tracking completed; found 6 straight tracks and 0 lin-reg tracks
[ HcalVetoProcessor ] 370  info: There are 2 / 2 HCal hits read out. 2 are not associated with the recoil ele. Total PE of 15
[ HcalVetoProcessor ] 370  info: HCAL veto passed? false
[ ElectronCounter ] 370  info: Found 1 electrons (tracks) using input collection TriggerPadTracksY_
[ trigger ] 370  info: Got trigger energy cut 3000 for 1 electrons counted in the event.
[ trigger ] 370  info: Got trigger energy sum 7453.63; and decision is pass = false
[ TrigScintDigiVerifier ] 370  info: There are 2 ts digis in this event
[ TrigScintDigiVerifier ] 370  info:  There are 65 sim hits in this event, adding up to a total energy of 19.006
[ EcalClusterAnalyzer ] 370  info: Avg number of clusters per layer: 1
[ EcalClusterAnalyzer ] 370  info: Number of ECal CLUE clusters: 1, TS counted electrons: 1, SP electrons: 1
[ biasing::TargetENProcessFilter ] 373  info: Electronuclear reaction resulted in 8 particles via biasWrapper(electronNuclear) process.
[ TruthSeedProcessor ] 373  warn: Propagation to target surface failed — track may have exited the B-field map.
[ Tagger_TrackFinder ] 373  info: Number of TaggerRecoSeeds seed tracks = 1
[ Tagger_TrackFinder ] 373  info: Number of CKF tracks 1
[ Recoil_TrackFinder ] 373  info: Number of RecoilRecoSeeds seed tracks = 19
[ Recoil_TrackFinder ] 373  info: Number of CKF tracks 13
[ TrackerVetoProcessor ] 373  info: Tagger requirements passed for 1 tracks
[ TrackerVetoProcessor ] 373  info: Recoil requirements passed for 5 tracks
[ TrackerVetoProcessor ] 373  info: Tracker veto failed
[ EcalClusterProducer ] 373  info: Using CLUE clustering algorithm
[ CLUE ] 373  info: Starting CLUE clustering with parameters:dc 5, rc 550, delta_c 10, delta_o 40, nbr_of_layers 1, reclustering false
[ EcalVetoProcessor ] 373  info:    Is this event is fiducial in ECAL? true
[ EcalVetoProcessor ] 373  info:  BDT was ran, score is 0.959802
[ EcalVetoProcessor ] 373  info:  The pred > bdtCutVal = true
[ EcalMipTrackingProcessor ] 373  info: Finding linreg tracks from a total of 18 hits using a radius of 35 mm
[ EcalMipTrackingProcessor ] 373  info:  MIP tracking completed; found 0 straight tracks and 0 lin-reg tracks
[ HcalVetoProcessor ] 373  info: There are 2 / 2 HCal hits read out. 2 are not associated with the recoil ele. Total PE of 7
[ HcalVetoProcessor ] 373  info: HCAL veto passed? true
[ ElectronCounter ] 373  info: Found 1 electrons (tracks) using input collection TriggerPadTracksY_
[ trigger ] 373  info: Got trigger energy cut 3000 for 1 electrons counted in the event.
[ trigger ] 373  info: Got trigger energy sum 6869.09; and decision is pass = false
[ TrigScintDigiVerifier ] 373  info: There are 2 ts digis in this event
[ TrigScintDigiVerifier ] 373  info:  There are 90 sim hits in this event, adding up to a total energy of 82.6988
[ EcalClusterAnalyzer ] 373  info: Avg number of clusters per layer: 1
[ EcalClusterAnalyzer ] 373  info: Number of ECal CLUE clusters: 1, TS counted electrons: 1, SP electrons: 1
[ biasing::TargetENProcessFilter ] 375  info: Electronuclear reaction resulted in 9 particles via biasWrapper(electronNuclear) process.
[ TruthSeedProcessor ] 375  warn: Propagation to target surface failed — track may have exited the B-field map.
[ Tagger_TrackFinder ] 375  info: Number of TaggerRecoSeeds seed tracks = 1
[ Tagger_TrackFinder ] 375  info: Number of CKF tracks 1
[ Recoil_TrackFinder ] 375  info: Number of RecoilRecoSeeds seed tracks = 7
[ Recoil_TrackFinder ] 375  warn: smoothTrack failed: Did not find a compatible track state
[ Recoil_TrackFinder ] 375  info: Number of CKF tracks 3
00:37:22    GSF            WARNING   Performed steps with errors: MagneticFieldError:1 | MagneticFieldError:1 | MagneticFieldError:1 | MagneticFieldError:1 | MagneticFieldError:1 | MagneticFieldError:1 | MagneticFieldError:1 | MagneticFieldError:1 | MagneticFieldError:1 | MagneticFieldError:1 | MagneticFieldError:1 | MagneticFieldError:1
[ TrackerVetoProcessor ] 375  info: Tagger requirements passed for 1 tracks
[ TrackerVetoProcessor ] 375  info: Recoil requirements passed for 1 tracks
[ TrackerVetoProcessor ] 375  info: Tracker veto passed, skim will keep the event
[ EcalClusterProducer ] 375  info: Using CLUE clustering algorithm
[ CLUE ] 375  info: Starting CLUE clustering with parameters:dc 5, rc 550, delta_c 10, delta_o 40, nbr_of_layers 1, reclustering false
[ EcalVetoProcessor ] 375  info:    Is this event is fiducial in ECAL? true
[ EcalVetoProcessor ] 375  info:  BDT was ran, score is 0.0216442
[ EcalVetoProcessor ] 375  info:  The pred > bdtCutVal = false
[ EcalMipTrackingProcessor ] 375  info: Finding linreg tracks from a total of 30 hits using a radius of 35 mm
[ EcalMipTrackingProcessor ] 375  info:  MIP tracking completed; found 2 straight tracks and 0 lin-reg tracks
[ HcalVetoProcessor ] 375  info: There are 15 / 15 HCal hits read out. 15 are not associated with the recoil ele. Total PE of 864
[ HcalVetoProcessor ] 375  info: HCAL veto passed? false
[ ElectronCounter ] 375  info: Found 1 electrons (tracks) using input collection TriggerPadTracksY_
[ trigger ] 375  info: Got trigger energy cut 3000 for 1 electrons counted in the event.
[ trigger ] 375  info: Got trigger energy sum 6190.17; and decision is pass = false
[ TrigScintDigiVerifier ] 375  info: There are 1 ts digis in this event
[ TrigScintDigiVerifier ] 375  info:  There are 46 sim hits in this event, adding up to a total energy of 56.3136
[ EcalClusterAnalyzer ] 375  info: Avg number of clusters per layer: 1
[ EcalClusterAnalyzer ] 375  info: Number of ECal CLUE clusters: 1, TS counted electrons: 1, SP electrons: 1
[ biasing::TargetENProcessFilter ] 377  info: Electronuclear reaction resulted in 21 particles via biasWrapper(electronNuclear) process.
[ TruthSeedProcessor ] 377  warn: Propagation to target surface failed — track may have exited the B-field map.
[ Tagger_TrackFinder ] 377  info: Number of TaggerRecoSeeds seed tracks = 1
[ Tagger_TrackFinder ] 377  info: Number of CKF tracks 1
[ Recoil_TrackFinder ] 377  info: Number of RecoilRecoSeeds seed tracks = 1
[ Recoil_TrackFinder ] 377  info: Number of CKF tracks 1
[ TrackerVetoProcessor ] 377  info: Tagger requirements passed for 1 tracks
[ TrackerVetoProcessor ] 377  info: Recoil requirements passed for 1 tracks
[ TrackerVetoProcessor ] 377  info: Tracker veto passed, skim will keep the event
[ EcalClusterProducer ] 377  info: Using CLUE clustering algorithm
[ CLUE ] 377  info: Starting CLUE clustering with parameters:dc 5, rc 550, delta_c 10, delta_o 40, nbr_of_layers 1, reclustering false
[ EcalVetoProcessor ] 377  info:    Is this event is fiducial in ECAL? true
[ EcalVetoProcessor ] 377  info:  BDT was ran, score is 0.965137
[ EcalVetoProcessor ] 377  info:  The pred > bdtCutVal = true
[ EcalMipTrackingProcessor ] 377  info: Finding linreg tracks from a total of 27 hits using a radius of 35 mm
[ EcalMipTrackingProcessor ] 377  info:  MIP tracking completed; found 0 straight tracks and 0 lin-reg tracks
[ HcalVetoProcessor ] 377  info: There are 20 / 21 HCal hits read out. 20 are not associated with the recoil ele. Total PE of 572
[ HcalVetoProcessor ] 377  info: HCAL veto passed? false
[ ElectronCounter ] 377  info: Found 1 electrons (tracks) using input collection TriggerPadTracksY_
[ trigger ] 377  info: Got trigger energy cut 3000 for 1 electrons counted in the event.
[ trigger ] 377  info: Got trigger energy sum 6023.05; and decision is pass = false
[ TrigScintDigiVerifier ] 377  info: There are 3 ts digis in this event
[ TrigScintDigiVerifier ] 377  info:  There are 55 sim hits in this event, adding up to a total energy of 72.371
[ EcalClusterAnalyzer ] 377  info: Avg number of clusters per layer: 1
[ EcalClusterAnalyzer ] 377  info: Number of ECal CLUE clusters: 1, TS counted electrons: 1, SP electrons: 1
[ biasing::TargetENProcessFilter ] 380  info: Electronuclear reaction resulted in 6 particles via biasWrapper(electronNuclear) process.
[ TruthSeedProcessor ] 380  warn: Propagation to target surface failed — track may have exited the B-field map.
[ Tagger_TrackFinder ] 380  info: Number of TaggerRecoSeeds seed tracks = 1
[ Tagger_TrackFinder ] 380  info: Number of CKF tracks 1
[ Recoil_TrackFinder ] 380  info: Number of RecoilRecoSeeds seed tracks = 1
[ Recoil_TrackFinder ] 380  info: Number of CKF tracks 1
[ TrackerVetoProcessor ] 380  info: Tagger requirements passed for 1 tracks
[ TrackerVetoProcessor ] 380  info: Recoil requirements passed for 1 tracks
[ TrackerVetoProcessor ] 380  info: Tracker veto passed, skim will keep the event
[ EcalClusterProducer ] 380  info: Using CLUE clustering algorithm
[ CLUE ] 380  info: Starting CLUE clustering with parameters:dc 5, rc 550, delta_c 10, delta_o 40, nbr_of_layers 1, reclustering false
[ EcalVetoProcessor ] 380  info:    Is this event is fiducial in ECAL? true
[ EcalVetoProcessor ] 380  info:  BDT was ran, score is 0.330487
[ EcalVetoProcessor ] 380  info:  The pred > bdtCutVal = false
[ EcalMipTrackingProcessor ] 380  info: Finding linreg tracks from a total of 56 hits using a radius of 35 mm
[ EcalMipTrackingProcessor ] 380  info:  MIP tracking completed; found 0 straight tracks and 0 lin-reg tracks
[ HcalVetoProcessor ] 380  info: There are 20 / 20 HCal hits read out. 20 are not associated with the recoil ele. Total PE of 450
[ HcalVetoProcessor ] 380  info: HCAL veto passed? false
[ ElectronCounter ] 380  info: Found 1 electrons (tracks) using input collection TriggerPadTracksY_
[ trigger ] 380  info: Got trigger energy cut 3000 for 1 electrons counted in the event.
[ trigger ] 380  info: Got trigger energy sum 7156.88; and decision is pass = false
[ TrigScintDigiVerifier ] 380  info: There are 2 ts digis in this event
[ TrigScintDigiVerifier ] 380  info:  There are 55 sim hits in this event, adding up to a total energy of 72.5071
[ EcalClusterAnalyzer ] 380  info: Avg number of clusters per layer: 1
[ EcalClusterAnalyzer ] 380  info: Number of ECal CLUE clusters: 1, TS counted electrons: 1, SP electrons: 1
[ biasing::TargetENProcessFilter ] 381  info: Electronuclear reaction resulted in 8 particles via biasWrapper(electronNuclear) process.
[ TruthSeedProcessor ] 381  warn: Propagation to target surface failed — track may have exited the B-field map.
[ Tagger_TrackFinder ] 381  info: Number of TaggerRecoSeeds seed tracks = 1
[ Tagger_TrackFinder ] 381  info: Number of CKF tracks 1
[ Recoil_TrackFinder ] 381  info: Number of RecoilRecoSeeds seed tracks = 3
[ Recoil_TrackFinder ] 381  info: Number of CKF tracks 3
[ TrackerVetoProcessor ] 381  info: Tagger requirements passed for 1 tracks
[ TrackerVetoProcessor ] 381  info: Recoil requirements passed for 3 tracks
[ TrackerVetoProcessor ] 381  info: Tracker veto failed
[ EcalClusterProducer ] 381  info: Using CLUE clustering algorithm
[ CLUE ] 381  info: Starting CLUE clustering with parameters:dc 5, rc 550, delta_c 10, delta_o 40, nbr_of_layers 1, reclustering false
[ EcalVetoProcessor ] 381  info:    Is this event is fiducial in ECAL? true
[ EcalVetoProcessor ] 381  info:  BDT was ran, score is 0.0748464
[ EcalVetoProcessor ] 381  info:  The pred > bdtCutVal = false
[ EcalMipTrackingProcessor ] 381  info: Finding linreg tracks from a total of 57 hits using a radius of 35 mm
[ EcalMipTrackingProcessor ] 381  info:  MIP tracking completed; found 3 straight tracks and 0 lin-reg tracks
[ HcalVetoProcessor ] 381  info: There are 4 / 4 HCal hits read out. 4 are not associated with the recoil ele. Total PE of 12
[ HcalVetoProcessor ] 381  info: HCAL veto passed? true
[ ElectronCounter ] 381  info: Found 1 electrons (tracks) using input collection TriggerPadTracksY_
[ trigger ] 381  info: Got trigger energy cut 3000 for 1 electrons counted in the event.
[ trigger ] 381  info: Got trigger energy sum 6608.05; and decision is pass = false
[ TrigScintDigiVerifier ] 381  info: There are 1 ts digis in this event
[ TrigScintDigiVerifier ] 381  info:  There are 31 sim hits in this event, adding up to a total energy of 29.9571
[ EcalClusterAnalyzer ] 381  info: Avg number of clusters per layer: 1
[ EcalClusterAnalyzer ] 381  info: Number of ECal CLUE clusters: 1, TS counted electrons: 1, SP electrons: 1
[ biasing::TargetENProcessFilter ] 388  info: Electronuclear reaction resulted in 10 particles via biasWrapper(electronNuclear) process.
[ TruthSeedProcessor ] 388  warn: Propagation to target surface failed — track may have exited the B-field map.
[ Tagger_TrackFinder ] 388  info: Number of TaggerRecoSeeds seed tracks = 1
[ Tagger_TrackFinder ] 388  info: Number of CKF tracks 1
[ Recoil_TrackFinder ] 388  info: Number of RecoilRecoSeeds seed tracks = 1
[ Recoil_TrackFinder ] 388  info: Number of CKF tracks 1
[ TrackerVetoProcessor ] 388  info: Tagger requirements passed for 1 tracks
[ TrackerVetoProcessor ] 388  info: Recoil requirements passed for 1 tracks
[ TrackerVetoProcessor ] 388  info: Tracker veto passed, skim will keep the event
[ EcalClusterProducer ] 388  info: Using CLUE clustering algorithm
[ CLUE ] 388  info: Starting CLUE clustering with parameters:dc 5, rc 550, delta_c 10, delta_o 40, nbr_of_layers 1, reclustering false
[ EcalVetoProcessor ] 388  info:    Is this event is fiducial in ECAL? true
[ EcalVetoProcessor ] 388  info:  BDT was ran, score is 0.934693
[ EcalVetoProcessor ] 388  info:  The pred > bdtCutVal = false
[ EcalMipTrackingProcessor ] 388  info: Finding linreg tracks from a total of 29 hits using a radius of 35 mm
[ EcalMipTrackingProcessor ] 388  info:  MIP tracking completed; found 0 straight tracks and 0 lin-reg tracks
[ HcalVetoProcessor ] 388  info: There are 4 / 4 HCal hits read out. 4 are not associated with the recoil ele. Total PE of 27
[ HcalVetoProcessor ] 388  info: HCAL veto passed? false
[ ElectronCounter ] 388  info: Found 1 electrons (tracks) using input collection TriggerPadTracksY_
[ trigger ] 388  info: Got trigger energy cut 3000 for 1 electrons counted in the event.
[ trigger ] 388  info: Got trigger energy sum 5981.26; and decision is pass = false
[ TrigScintDigiVerifier ] 388  info: There are 2 ts digis in this event
[ TrigScintDigiVerifier ] 388  info:  There are 36 sim hits in this event, adding up to a total energy of 44.3323
[ EcalClusterAnalyzer ] 388  info: Avg number of clusters per layer: 1
[ EcalClusterAnalyzer ] 388  info: Number of ECal CLUE clusters: 1, TS counted electrons: 1, SP electrons: 1
[ biasing::TargetENProcessFilter ] 389  info: Electronuclear reaction resulted in 18 particles via biasWrapper(electronNuclear) process.
[ TruthSeedProcessor ] 389  warn: Propagation to target surface failed — track may have exited the B-field map.
[ Tagger_TrackFinder ] 389  info: Number of TaggerRecoSeeds seed tracks = 1
[ Tagger_TrackFinder ] 389  info: Number of CKF tracks 1
[ Recoil_TrackFinder ] 389  info: Number of RecoilRecoSeeds seed tracks = 2
[ Recoil_TrackFinder ] 389  info: Number of CKF tracks 2
[ TrackerVetoProcessor ] 389  info: Tagger requirements passed for 1 tracks
[ TrackerVetoProcessor ] 389  info: Recoil requirements passed for 1 tracks
[ TrackerVetoProcessor ] 389  info: Tracker veto passed, skim will keep the event
[ EcalClusterProducer ] 389  info: Using CLUE clustering algorithm
[ CLUE ] 389  info: Starting CLUE clustering with parameters:dc 5, rc 550, delta_c 10, delta_o 40, nbr_of_layers 1, reclustering false
[ EcalVetoProcessor ] 389  info:    Is this event is fiducial in ECAL? true
[ EcalVetoProcessor ] 389  info:  BDT was ran, score is 0.639086
[ EcalVetoProcessor ] 389  info:  The pred > bdtCutVal = false
[ EcalMipTrackingProcessor ] 389  info: Finding linreg tracks from a total of 23 hits using a radius of 35 mm
[ EcalMipTrackingProcessor ] 389  info:  MIP tracking completed; found 1 straight tracks and 0 lin-reg tracks
[ HcalVetoProcessor ] 389  info: There are 21 / 21 HCal hits read out. 21 are not associated with the recoil ele. Total PE of 380
[ HcalVetoProcessor ] 389  info: HCAL veto passed? false
[ ElectronCounter ] 389  info: Found 1 electrons (tracks) using input collection TriggerPadTracksY_
[ trigger ] 389  info: Got trigger energy cut 3000 for 1 electrons counted in the event.
[ trigger ] 389  info: Got trigger energy sum 6094.17; and decision is pass = false
[ TrigScintDigiVerifier ] 389  info: There are 2 ts digis in this event
[ TrigScintDigiVerifier ] 389  info:  There are 78 sim hits in this event, adding up to a total energy of 51.427
[ EcalClusterAnalyzer ] 389  info: Avg number of clusters per layer: 1
[ EcalClusterAnalyzer ] 389  info: Number of ECal CLUE clusters: 1, TS counted electrons: 1, SP electrons: 1
[ biasing::TargetENProcessFilter ] 391  info: Electronuclear reaction resulted in 10 particles via biasWrapper(electronNuclear) process.
[ TruthSeedProcessor ] 391  warn: Propagation to target surface failed — track may have exited the B-field map.
[ Tagger_TrackFinder ] 391  info: Number of TaggerRecoSeeds seed tracks = 1
[ Tagger_TrackFinder ] 391  info: Number of CKF tracks 1
[ Recoil_TrackFinder ] 391  info: Number of RecoilRecoSeeds seed tracks = 2
[ Recoil_TrackFinder ] 391  info: Number of CKF tracks 2
[ TrackerVetoProcessor ] 391  info: Tagger requirements passed for 1 tracks
[ TrackerVetoProcessor ] 391  info: Recoil requirements passed for 1 tracks
[ TrackerVetoProcessor ] 391  info: Tracker veto passed, skim will keep the event
[ EcalClusterProducer ] 391  info: Using CLUE clustering algorithm
[ CLUE ] 391  info: Starting CLUE clustering with parameters:dc 5, rc 550, delta_c 10, delta_o 40, nbr_of_layers 1, reclustering false
[ EcalVetoProcessor ] 391  info:    Is this event is fiducial in ECAL? true
[ EcalVetoProcessor ] 391  info:  BDT was ran, score is 0.00489295
[ EcalVetoProcessor ] 391  info:  The pred > bdtCutVal = false
[ EcalMipTrackingProcessor ] 391  info: Finding linreg tracks from a total of 42 hits using a radius of 35 mm
[ EcalMipTrackingProcessor ] 391  info:  MIP tracking completed; found 2 straight tracks and 0 lin-reg tracks
[ HcalVetoProcessor ] 391  info: There are 9 / 9 HCal hits read out. 9 are not associated with the recoil ele. Total PE of 642
[ HcalVetoProcessor ] 391  info: HCAL veto passed? false
[ ElectronCounter ] 391  info: Found 1 electrons (tracks) using input collection TriggerPadTracksY_
[ trigger ] 391  info: Got trigger energy cut 3000 for 1 electrons counted in the event.
[ trigger ] 391  info: Got trigger energy sum 7327.28; and decision is pass = false
[ TrigScintDigiVerifier ] 391  info: There are 3 ts digis in this event
[ TrigScintDigiVerifier ] 391  info:  There are 73 sim hits in this event, adding up to a total energy of 58.968
[ EcalClusterAnalyzer ] 391  info: Avg number of clusters per layer: 1
[ EcalClusterAnalyzer ] 391  info: Number of ECal CLUE clusters: 1, TS counted electrons: 1, SP electrons: 1
[ biasing::TargetENProcessFilter ] 397  info: Electronuclear reaction resulted in 8 particles via biasWrapper(electronNuclear) process.
[ TruthSeedProcessor ] 397  warn: Propagation to target surface failed — track may have exited the B-field map.
[ Tagger_TrackFinder ] 397  info: Number of TaggerRecoSeeds seed tracks = 1
[ Tagger_TrackFinder ] 397  info: Number of CKF tracks 1
[ Recoil_TrackFinder ] 397  info: Number of RecoilRecoSeeds seed tracks = 3
[ Recoil_TrackFinder ] 397  info: Number of CKF tracks 1
[ TrackerVetoProcessor ] 397  info: Tagger requirements passed for 1 tracks
[ TrackerVetoProcessor ] 397  info: Recoil requirements passed for 1 tracks
[ TrackerVetoProcessor ] 397  info: Tracker veto passed, skim will keep the event
[ EcalClusterProducer ] 397  info: Using CLUE clustering algorithm
[ CLUE ] 397  info: Starting CLUE clustering with parameters:dc 5, rc 550, delta_c 10, delta_o 40, nbr_of_layers 1, reclustering false
[ EcalVetoProcessor ] 397  info:    Is this event is fiducial in ECAL? true
[ EcalVetoProcessor ] 397  info:  BDT was ran, score is 0.990139
[ EcalVetoProcessor ] 397  info:  The pred > bdtCutVal = true
[ EcalMipTrackingProcessor ] 397  info: Finding linreg tracks from a total of 24 hits using a radius of 35 mm
[ EcalMipTrackingProcessor ] 397  info:  MIP tracking completed; found 2 straight tracks and 0 lin-reg tracks
[ HcalVetoProcessor ] 397  info: There are 30 / 31 HCal hits read out. 30 are not associated with the recoil ele. Total PE of 2206
[ HcalVetoProcessor ] 397  info: HCAL veto passed? false
[ ElectronCounter ] 397  info: Found 1 electrons (tracks) using input collection TriggerPadTracksY_
[ trigger ] 397  info: Got trigger energy cut 3000 for 1 electrons counted in the event.
[ trigger ] 397  info: Got trigger energy sum 5028.77; and decision is pass = false
[ TrigScintDigiVerifier ] 397  info: There are 4 ts digis in this event
[ TrigScintDigiVerifier ] 397  info:  There are 123 sim hits in this event, adding up to a total energy of 160.336
[ EcalClusterAnalyzer ] 397  info: Avg number of clusters per layer: 1
[ EcalClusterAnalyzer ] 397  info: Number of ECal CLUE clusters: 1, TS counted electrons: 1, SP electrons: 1
[ biasing::TargetENProcessFilter ] 398  info: Electronuclear reaction resulted in 10 particles via biasWrapper(electronNuclear) process.
[ TruthSeedProcessor ] 398  warn: Propagation to target surface failed — track may have exited the B-field map.
[ Tagger_TrackFinder ] 398  info: Number of TaggerRecoSeeds seed tracks = 1
[ Tagger_TrackFinder ] 398  info: Number of CKF tracks 1
[ Recoil_TrackFinder ] 398  info: Number of RecoilRecoSeeds seed tracks = 52
[ Recoil_TrackFinder ] 398  warn: smoothTrack failed: Did not find a compatible track state
[ Recoil_TrackFinder ] 398  warn: smoothTrack failed: Did not find a compatible track state
[ Recoil_TrackFinder ] 398  warn: smoothTrack failed: Did not find a compatible track state
[ Recoil_TrackFinder ] 398  warn: smoothTrack failed: Did not find a compatible track state
[ Recoil_TrackFinder ] 398  warn: smoothTrack failed: Did not find a compatible track state
[ Recoil_TrackFinder ] 398  warn: smoothTrack failed: Did not find a compatible track state
[ Recoil_TrackFinder ] 398  warn: smoothTrack failed: Did not find a compatible track state
[ Recoil_TrackFinder ] 398  info: Number of CKF tracks 11
[ TrackerVetoProcessor ] 398  info: Tagger requirements passed for 1 tracks
[ TrackerVetoProcessor ] 398  info: Recoil requirements passed for 6 tracks
[ TrackerVetoProcessor ] 398  info: Tracker veto failed
[ EcalClusterProducer ] 398  info: Using CLUE clustering algorithm
[ CLUE ] 398  info: Starting CLUE clustering with parameters:dc 5, rc 550, delta_c 10, delta_o 40, nbr_of_layers 1, reclustering false
[ EcalVetoProcessor ] 398  info:    Is this event is fiducial in ECAL? true
[ EcalVetoProcessor ] 398  info:  BDT was ran, score is 0.0204355
[ EcalVetoProcessor ] 398  info:  The pred > bdtCutVal = false
[ EcalMipTrackingProcessor ] 398  info: Finding linreg tracks from a total of 37 hits using a radius of 35 mm
[ EcalMipTrackingProcessor ] 398  info:  MIP tracking completed; found 2 straight tracks and 0 lin-reg tracks
[ HcalVetoProcessor ] 398  info: There are 28 / 28 HCal hits read out. 28 are not associated with the recoil ele. Total PE of 215
[ HcalVetoProcessor ] 398  info: HCAL veto passed? false
[ ElectronCounter ] 398  info: Found 1 electrons (tracks) using input collection TriggerPadTracksY_
[ trigger ] 398  info: Got trigger energy cut 3000 for 1 electrons counted in the event.
[ trigger ] 398  info: Got trigger energy sum 5659.78; and decision is pass = false
[ TrigScintDigiVerifier ] 398  info: There are 1 ts digis in this event
[ TrigScintDigiVerifier ] 398  info:  There are 170 sim hits in this event, adding up to a total energy of 203.907
[ EcalClusterAnalyzer ] 398  info: Avg number of clusters per layer: 1
[ EcalClusterAnalyzer ] 398  info: Number of ECal CLUE clusters: 1, TS counted electrons: 1, SP electrons: 1
[ biasing::TargetENProcessFilter ] 399  info: Electronuclear reaction resulted in 6 particles via biasWrapper(electronNuclear) process.
[ TruthSeedProcessor ] 399  warn: Propagation to target surface failed — track may have exited the B-field map.
[ Tagger_TrackFinder ] 399  info: Number of TaggerRecoSeeds seed tracks = 1
[ Tagger_TrackFinder ] 399  info: Number of CKF tracks 1
[ Recoil_TrackFinder ] 399  info: Number of RecoilRecoSeeds seed tracks = 31
[ Recoil_TrackFinder ] 399  info: Number of CKF tracks 8
[ TrackerVetoProcessor ] 399  info: Tagger requirements passed for 1 tracks
[ TrackerVetoProcessor ] 399  info: Recoil requirements passed for 2 tracks
[ TrackerVetoProcessor ] 399  info: Tracker veto failed
[ EcalClusterProducer ] 399  info: Using CLUE clustering algorithm
[ CLUE ] 399  info: Starting CLUE clustering with parameters:dc 5, rc 550, delta_c 10, delta_o 40, nbr_of_layers 1, reclustering false
[ EcalVetoProcessor ] 399  info:    Is this event is fiducial in ECAL? true
[ EcalVetoProcessor ] 399  info:  BDT was ran, score is 0.00196773
[ EcalVetoProcessor ] 399  info:  The pred > bdtCutVal = false
[ EcalMipTrackingProcessor ] 399  info: Finding linreg tracks from a total of 45 hits using a radius of 35 mm
[ EcalMipTrackingProcessor ] 399  info:  MIP tracking completed; found 3 straight tracks and 0 lin-reg tracks
[ HcalVetoProcessor ] 399  info: There are 28 / 28 HCal hits read out. 28 are not associated with the recoil ele. Total PE of 971
[ HcalVetoProcessor ] 399  info: HCAL veto passed? false
[ ElectronCounter ] 399  info: Found 1 electrons (tracks) using input collection TriggerPadTracksY_
[ trigger ] 399  info: Got trigger energy cut 3000 for 1 electrons counted in the event.
[ trigger ] 399  info: Got trigger energy sum 5542.3; and decision is pass = false
[ TrigScintDigiVerifier ] 399  info: There are 1 ts digis in this event
[ TrigScintDigiVerifier ] 399  info:  There are 112 sim hits in this event, adding up to a total energy of 82.1088
[ EcalClusterAnalyzer ] 399  info: Avg number of clusters per layer: 1
[ EcalClusterAnalyzer ] 399  info: Number of ECal CLUE clusters: 1, TS counted electrons: 1, SP electrons: 1
[ biasing::TargetENProcessFilter ] 401  info: Electronuclear reaction resulted in 26 particles via biasWrapper(electronNuclear) process.
[ TruthSeedProcessor ] 401  warn: Propagation to target surface failed — track may have exited the B-field map.
[ Tagger_TrackFinder ] 401  info: Number of TaggerRecoSeeds seed tracks = 1
[ Tagger_TrackFinder ] 401  info: Number of CKF tracks 1
[ Recoil_TrackFinder ] 401  info: Number of RecoilRecoSeeds seed tracks = 144
00:39:27    Propagator     WARNING   Field lookup was unsuccessful, this is very likely an error
00:39:27    Propagator     WARNING   Field lookup was unsuccessful, this is very likely an error
[ Recoil_TrackFinder ] 401  warn: smoothTrack failed: Did not find a compatible track state
[ Recoil_TrackFinder ] 401  info: Number of CKF tracks 24
[ TrackerVetoProcessor ] 401  info: Tagger requirements passed for 1 tracks
[ TrackerVetoProcessor ] 401  info: Recoil requirements passed for 5 tracks
[ TrackerVetoProcessor ] 401  info: Tracker veto failed
[ EcalClusterProducer ] 401  info: Using CLUE clustering algorithm
[ CLUE ] 401  info: Starting CLUE clustering with parameters:dc 5, rc 550, delta_c 10, delta_o 40, nbr_of_layers 1, reclustering false
[ EcalVetoProcessor ] 401  info:    Is this event is fiducial in ECAL? true
[ EcalVetoProcessor ] 401  info:  BDT was ran, score is 4.04119e-05
[ EcalVetoProcessor ] 401  info:  The pred > bdtCutVal = false
[ EcalMipTrackingProcessor ] 401  info: Finding linreg tracks from a total of 56 hits using a radius of 35 mm
[ EcalMipTrackingProcessor ] 401  info:  MIP tracking completed; found 9 straight tracks and 0 lin-reg tracks
[ HcalVetoProcessor ] 401  info: There are 76 / 79 HCal hits read out. 76 are not associated with the recoil ele. Total PE of 3660
[ HcalVetoProcessor ] 401  info: HCAL veto passed? false
[ ElectronCounter ] 401  info: Found 1 electrons (tracks) using input collection TriggerPadTracksY_
[ trigger ] 401  info: Got trigger energy cut 3000 for 1 electrons counted in the event.
[ trigger ] 401  info: Got trigger energy sum 2958.35; and decision is pass = true
[ TrigScintDigiVerifier ] 401  info: There are 3 ts digis in this event
[ TrigScintDigiVerifier ] 401  info:  There are 125 sim hits in this event, adding up to a total energy of 168.505
[ EcalClusterAnalyzer ] 401  info: Avg number of clusters per layer: 0
[ EcalClusterAnalyzer ] 401  info: Number of ECal CLUE clusters: 0, TS counted electrons: 1, SP electrons: 1
[ biasing::TargetENProcessFilter ] 402  info: Electronuclear reaction resulted in 19 particles via biasWrapper(electronNuclear) process.
[ TruthSeedProcessor ] 402  warn: Propagation to target surface failed — track may have exited the B-field map.
[ Tagger_TrackFinder ] 402  info: Number of TaggerRecoSeeds seed tracks = 1
[ Tagger_TrackFinder ] 402  info: Number of CKF tracks 1
[ Recoil_TrackFinder ] 402  info: Number of RecoilRecoSeeds seed tracks = 1
[ Recoil_TrackFinder ] 402  info: Number of CKF tracks 1
[ TrackerVetoProcessor ] 402  info: Tagger requirements passed for 1 tracks
[ TrackerVetoProcessor ] 402  info: Recoil requirements passed for 1 tracks
[ TrackerVetoProcessor ] 402  info: Tracker veto passed, skim will keep the event
[ EcalClusterProducer ] 402  info: Using CLUE clustering algorithm
[ CLUE ] 402  info: Starting CLUE clustering with parameters:dc 5, rc 550, delta_c 10, delta_o 40, nbr_of_layers 1, reclustering false
[ EcalVetoProcessor ] 402  info:    Is this event is fiducial in ECAL? true
[ EcalVetoProcessor ] 402  info:  BDT was ran, score is 0.373182
[ EcalVetoProcessor ] 402  info:  The pred > bdtCutVal = false
[ EcalMipTrackingProcessor ] 402  info: Finding linreg tracks from a total of 52 hits using a radius of 35 mm
[ EcalMipTrackingProcessor ] 402  info:  MIP tracking completed; found 1 straight tracks and 0 lin-reg tracks
[ HcalVetoProcessor ] 402  info: There are 4 / 4 HCal hits read out. 4 are not associated with the recoil ele. Total PE of 114
[ HcalVetoProcessor ] 402  info: HCAL veto passed? false
[ ElectronCounter ] 402  info: Found 0 electrons (tracks) using input collection TriggerPadTracksY_
[ trigger ] 402  info: Got trigger energy cut 0 for 0 electrons counted in the event.
[ trigger ] 402  info: Got trigger energy sum 6967.26; and decision is pass = false
[ TrigScintDigiVerifier ] 402  info: There are 3 ts digis in this event
[ TrigScintDigiVerifier ] 402  info:  There are 41 sim hits in this event, adding up to a total energy of 31.3678
[ EcalClusterAnalyzer ] 402  info: Avg number of clusters per layer: 1
[ EcalClusterAnalyzer ] 402  info: Number of ECal CLUE clusters: 1, TS counted electrons: 0, SP electrons: 0
[ biasing::TargetENProcessFilter ] 403  info: Electronuclear reaction resulted in 9 particles via biasWrapper(electronNuclear) process.
[ TruthSeedProcessor ] 403  warn: Propagation to target surface failed — track may have exited the B-field map.
[ Tagger_TrackFinder ] 403  info: Number of TaggerRecoSeeds seed tracks = 1
[ Tagger_TrackFinder ] 403  info: Number of CKF tracks 1
[ Recoil_TrackFinder ] 403  info: Number of RecoilRecoSeeds seed tracks = 1
[ Recoil_TrackFinder ] 403  info: Number of CKF tracks 1
[ TrackerVetoProcessor ] 403  info: Tagger requirements passed for 1 tracks
[ TrackerVetoProcessor ] 403  info: Recoil requirements passed for 1 tracks
[ TrackerVetoProcessor ] 403  info: Tracker veto passed, skim will keep the event
[ EcalClusterProducer ] 403  info: Using CLUE clustering algorithm
[ CLUE ] 403  info: Starting CLUE clustering with parameters:dc 5, rc 550, delta_c 10, delta_o 40, nbr_of_layers 1, reclustering false
[ EcalVetoProcessor ] 403  info:    Is this event is fiducial in ECAL? true
[ EcalVetoProcessor ] 403  info:  BDT was ran, score is 0.0919666
[ EcalVetoProcessor ] 403  info:  The pred > bdtCutVal = false
[ EcalMipTrackingProcessor ] 403  info: Finding linreg tracks from a total of 26 hits using a radius of 35 mm
[ EcalMipTrackingProcessor ] 403  info:  MIP tracking completed; found 4 straight tracks and 0 lin-reg tracks
[ HcalVetoProcessor ] 403  info: There are 17 / 19 HCal hits read out. 17 are not associated with the recoil ele. Total PE of 370
[ HcalVetoProcessor ] 403  info: HCAL veto passed? false
[ ElectronCounter ] 403  info: Found 1 electrons (tracks) using input collection TriggerPadTracksY_
[ trigger ] 403  info: Got trigger energy cut 3000 for 1 electrons counted in the event.
[ trigger ] 403  info: Got trigger energy sum 6193.8; and decision is pass = false
[ TrigScintDigiVerifier ] 403  info: There are 3 ts digis in this event
[ TrigScintDigiVerifier ] 403  info:  There are 30 sim hits in this event, adding up to a total energy of 46.5458
[ EcalClusterAnalyzer ] 403  info: Avg number of clusters per layer: 1
[ EcalClusterAnalyzer ] 403  info: Number of ECal CLUE clusters: 1, TS counted electrons: 1, SP electrons: 1
[ biasing::TargetENProcessFilter ] 406  info: Electronuclear reaction resulted in 13 particles via biasWrapper(electronNuclear) process.
[ TruthSeedProcessor ] 406  warn: Propagation to target surface failed — track may have exited the B-field map.
[ Tagger_TrackFinder ] 406  info: Number of TaggerRecoSeeds seed tracks = 1
[ Tagger_TrackFinder ] 406  info: Number of CKF tracks 1
[ Recoil_TrackFinder ] 406  info: Number of RecoilRecoSeeds seed tracks = 30
00:39:53    Propagator     WARNING   Field lookup was unsuccessful, this is very likely an error
00:39:53    Propagator     WARNING   Field lookup was unsuccessful, this is very likely an error
[ Recoil_TrackFinder ] 406  info: Number of CKF tracks 25
[ TrackerVetoProcessor ] 406  info: Tagger requirements passed for 1 tracks
[ TrackerVetoProcessor ] 406  info: Recoil requirements passed for 12 tracks
[ TrackerVetoProcessor ] 406  info: Tracker veto failed
[ EcalClusterProducer ] 406  info: Using CLUE clustering algorithm
[ CLUE ] 406  info: Starting CLUE clustering with parameters:dc 5, rc 550, delta_c 10, delta_o 40, nbr_of_layers 1, reclustering false
[ EcalVetoProcessor ] 406  info:    Is this event is fiducial in ECAL? true
[ EcalVetoProcessor ] 406  info:  BDT was ran, score is 0.327715
[ EcalVetoProcessor ] 406  info:  The pred > bdtCutVal = false
[ EcalMipTrackingProcessor ] 406  info: Finding linreg tracks from a total of 33 hits using a radius of 35 mm
[ EcalMipTrackingProcessor ] 406  info:  MIP tracking completed; found 4 straight tracks and 0 lin-reg tracks
[ HcalVetoProcessor ] 406  info: There are 10 / 10 HCal hits read out. 10 are not associated with the recoil ele. Total PE of 101
[ HcalVetoProcessor ] 406  info: HCAL veto passed? false
[ ElectronCounter ] 406  info: Found 1 electrons (tracks) using input collection TriggerPadTracksY_
[ trigger ] 406  info: Got trigger energy cut 3000 for 1 electrons counted in the event.
[ trigger ] 406  info: Got trigger energy sum 7514.79; and decision is pass = false
[ TrigScintDigiVerifier ] 406  info: There are 1 ts digis in this event
[ TrigScintDigiVerifier ] 406  info:  There are 91 sim hits in this event, adding up to a total energy of 24.8119
[ EcalClusterAnalyzer ] 406  info: Avg number of clusters per layer: 1
[ EcalClusterAnalyzer ] 406  info: Number of ECal CLUE clusters: 1, TS counted electrons: 1, SP electrons: 1
[ biasing::TargetENProcessFilter ] 409  info: Electronuclear reaction resulted in 7 particles via biasWrapper(electronNuclear) process.
[ TruthSeedProcessor ] 409  warn: Propagation to target surface failed — track may have exited the B-field map.
[ Tagger_TrackFinder ] 409  info: Number of TaggerRecoSeeds seed tracks = 1
[ Tagger_TrackFinder ] 409  info: Number of CKF tracks 1
[ Recoil_TrackFinder ] 409  info: Number of RecoilRecoSeeds seed tracks = 6
[ Recoil_TrackFinder ] 409  info: Number of CKF tracks 4
[ TrackerVetoProcessor ] 409  info: Tagger requirements passed for 1 tracks
[ TrackerVetoProcessor ] 409  info: Recoil requirements passed for 2 tracks
[ TrackerVetoProcessor ] 409  info: Tracker veto failed
[ EcalClusterProducer ] 409  info: Using CLUE clustering algorithm
[ CLUE ] 409  info: Starting CLUE clustering with parameters:dc 5, rc 550, delta_c 10, delta_o 40, nbr_of_layers 1, reclustering false
[ EcalVetoProcessor ] 409  info:    Is this event is fiducial in ECAL? true
[ EcalVetoProcessor ] 409  info:  BDT was ran, score is 0.185045
[ EcalVetoProcessor ] 409  info:  The pred > bdtCutVal = false
[ EcalMipTrackingProcessor ] 409  info: Finding linreg tracks from a total of 41 hits using a radius of 35 mm
[ EcalMipTrackingProcessor ] 409  info:  MIP tracking completed; found 2 straight tracks and 0 lin-reg tracks
[ HcalVetoProcessor ] 409  info: There are 20 / 20 HCal hits read out. 20 are not associated with the recoil ele. Total PE of 788
[ HcalVetoProcessor ] 409  info: HCAL veto passed? false
[ ElectronCounter ] 409  info: Found 0 electrons (tracks) using input collection TriggerPadTracksY_
[ trigger ] 409  info: Got trigger energy cut 0 for 0 electrons counted in the event.
[ trigger ] 409  info: Got trigger energy sum 6421.66; and decision is pass = false
[ TrigScintDigiVerifier ] 409  info: There are 2 ts digis in this event
[ TrigScintDigiVerifier ] 409  info:  There are 21 sim hits in this event, adding up to a total energy of 9.2231
[ EcalClusterAnalyzer ] 409  info: Avg number of clusters per layer: 1
[ EcalClusterAnalyzer ] 409  info: Number of ECal CLUE clusters: 1, TS counted electrons: 0, SP electrons: 0
[ biasing::TargetENProcessFilter ] 411  info: Electronuclear reaction resulted in 21 particles via biasWrapper(electronNuclear) process.
[ TruthSeedProcessor ] 411  warn: Propagation to target surface failed — track may have exited the B-field map.
[ Tagger_TrackFinder ] 411  info: Number of TaggerRecoSeeds seed tracks = 2
[ Tagger_TrackFinder ] 411  info: Number of CKF tracks 2
[ Recoil_TrackFinder ] 411  info: Number of RecoilRecoSeeds seed tracks = 1
[ Recoil_TrackFinder ] 411  info: Number of CKF tracks 1
[ TrackerVetoProcessor ] 411  info: Tagger requirements passed for 2 tracks
[ TrackerVetoProcessor ] 411  info: Recoil requirements passed for 1 tracks
[ TrackerVetoProcessor ] 411  info: Tracker veto passed, skim will keep the event
[ EcalClusterProducer ] 411  info: Using CLUE clustering algorithm
[ CLUE ] 411  info: Starting CLUE clustering with parameters:dc 5, rc 550, delta_c 10, delta_o 40, nbr_of_layers 1, reclustering false
[ EcalVetoProcessor ] 411  info:    Is this event is fiducial in ECAL? true
[ EcalVetoProcessor ] 411  info:  BDT was ran, score is 0.888732
[ EcalVetoProcessor ] 411  info:  The pred > bdtCutVal = false
[ EcalMipTrackingProcessor ] 411  info: Finding linreg tracks from a total of 23 hits using a radius of 35 mm
[ EcalMipTrackingProcessor ] 411  info:  MIP tracking completed; found 1 straight tracks and 0 lin-reg tracks
[ HcalVetoProcessor ] 411  info: There are 19 / 20 HCal hits read out. 19 are not associated with the recoil ele. Total PE of 1119
[ HcalVetoProcessor ] 411  info: HCAL veto passed? false
[ ElectronCounter ] 411  info: Found 1 electrons (tracks) using input collection TriggerPadTracksY_
[ trigger ] 411  info: Got trigger energy cut 3000 for 1 electrons counted in the event.
[ trigger ] 411  info: Got trigger energy sum 6695.13; and decision is pass = false
[ TrigScintDigiVerifier ] 411  info: There are 2 ts digis in this event
[ TrigScintDigiVerifier ] 411  info:  There are 51 sim hits in this event, adding up to a total energy of 10.6005
[ EcalClusterAnalyzer ] 411  info: Avg number of clusters per layer: 1
[ EcalClusterAnalyzer ] 411  info: Number of ECal CLUE clusters: 1, TS counted electrons: 1, SP electrons: 1
[ biasing::TargetENProcessFilter ] 414  info: Electronuclear reaction resulted in 6 particles via biasWrapper(electronNuclear) process.
[ TruthSeedProcessor ] 414  warn: Propagation to target surface failed — track may have exited the B-field map.
[ Tagger_TrackFinder ] 414  info: Number of TaggerRecoSeeds seed tracks = 1
[ Tagger_TrackFinder ] 414  info: Number of CKF tracks 1
[ Recoil_TrackFinder ] 414  info: Number of RecoilRecoSeeds seed tracks = 500
00:40:33    Propagator     WARNING   Field lookup was unsuccessful, this is very likely an error
00:40:33    Propagator     WARNING   Field lookup was unsuccessful, this is very likely an error
00:40:33    Propagator     WARNING   Field lookup was unsuccessful, this is very likely an error
[ Recoil_TrackFinder ] 414  warn: smoothTrack failed: Did not find a compatible track state
[ Recoil_TrackFinder ] 414  warn: smoothTrack failed: Did not find a compatible track state
[ Recoil_TrackFinder ] 414  warn: smoothTrack failed: Did not find a compatible track state
00:40:33    Propagator     WARNING   Field lookup was unsuccessful, this is very likely an error
00:40:33    Propagator     WARNING   Field lookup was unsuccessful, this is very likely an error
00:40:33    Propagator     WARNING   Field lookup was unsuccessful, this is very likely an error
00:40:33    Propagator     WARNING   Field lookup was unsuccessful, this is very likely an error
00:40:33    Propagator     WARNING   Field lookup was unsuccessful, this is very likely an error
00:40:34    Propagator     WARNING   Field lookup was unsuccessful, this is very likely an error
00:40:34    Propagator     WARNING   Field lookup was unsuccessful, this is very likely an error
[ Recoil_TrackFinder ] 414  warn: smoothTrack failed: Did not find a compatible track state
[ Recoil_TrackFinder ] 414  warn: smoothTrack failed: Did not find a compatible track state
00:40:34    Propagator     WARNING   Field lookup was unsuccessful, this is very likely an error
[ Recoil_TrackFinder ] 414  warn: smoothTrack failed: Did not find a compatible track state
[ Recoil_TrackFinder ] 414  warn: smoothTrack failed: Did not find a compatible track state
00:40:34    Propagator     WARNING   Field lookup was unsuccessful, this is very likely an error
[ Recoil_TrackFinder ] 414  info: Number of CKF tracks 123
[ TrackerVetoProcessor ] 414  info: Tagger requirements passed for 1 tracks
[ TrackerVetoProcessor ] 414  info: Recoil requirements passed for 28 tracks
[ TrackerVetoProcessor ] 414  info: Tracker veto failed
[ EcalClusterProducer ] 414  info: Using CLUE clustering algorithm
[ CLUE ] 414  info: Starting CLUE clustering with parameters:dc 5, rc 550, delta_c 10, delta_o 40, nbr_of_layers 1, reclustering false
[ EcalVetoProcessor ] 414  info:    Is this event is fiducial in ECAL? true
[ EcalVetoProcessor ] 414  info:  BDT was ran, score is 1.9908e-05
[ EcalVetoProcessor ] 414  info:  The pred > bdtCutVal = false
[ EcalMipTrackingProcessor ] 414  info: Finding linreg tracks from a total of 44 hits using a radius of 35 mm
[ EcalMipTrackingProcessor ] 414  info:  MIP tracking completed; found 19 straight tracks and 0 lin-reg tracks
[ HcalVetoProcessor ] 414  info: There are 70 / 73 HCal hits read out. 70 are not associated with the recoil ele. Total PE of 4706
[ HcalVetoProcessor ] 414  info: HCAL veto passed? false
[ ElectronCounter ] 414  info: Found 1 electrons (tracks) using input collection TriggerPadTracksY_
[ trigger ] 414  info: Got trigger energy cut 3000 for 1 electrons counted in the event.
[ trigger ] 414  info: Got trigger energy sum 2055.34; and decision is pass = true
[ TrigScintDigiVerifier ] 414  info: There are 2 ts digis in this event
[ TrigScintDigiVerifier ] 414  info:  There are 146 sim hits in this event, adding up to a total energy of 86.9301
[ EcalClusterAnalyzer ] 414  info: Avg number of clusters per layer: 1
[ EcalClusterAnalyzer ] 414  info: Number of ECal CLUE clusters: 1, TS counted electrons: 1, SP electrons: 1
[ biasing::TargetENProcessFilter ] 415  info: Electronuclear reaction resulted in 16 particles via biasWrapper(electronNuclear) process.
[ TruthSeedProcessor ] 415  warn: Propagation to target surface failed — track may have exited the B-field map.
[ Tagger_TrackFinder ] 415  info: Number of TaggerRecoSeeds seed tracks = 1
[ Tagger_TrackFinder ] 415  info: Number of CKF tracks 1
[ Recoil_TrackFinder ] 415  info: Number of RecoilRecoSeeds seed tracks = 1
[ Recoil_TrackFinder ] 415  info: Number of CKF tracks 1
[ TrackerVetoProcessor ] 415  info: Tagger requirements passed for 1 tracks
[ TrackerVetoProcessor ] 415  info: Recoil requirements passed for 1 tracks
[ TrackerVetoProcessor ] 415  info: Tracker veto passed, skim will keep the event
[ EcalClusterProducer ] 415  info: Using CLUE clustering algorithm
[ CLUE ] 415  info: Starting CLUE clustering with parameters:dc 5, rc 550, delta_c 10, delta_o 40, nbr_of_layers 1, reclustering false
[ EcalVetoProcessor ] 415  info:    Is this event is fiducial in ECAL? true
[ EcalVetoProcessor ] 415  info:  BDT was ran, score is 0.283692
[ EcalVetoProcessor ] 415  info:  The pred > bdtCutVal = false
[ EcalMipTrackingProcessor ] 415  info: Finding linreg tracks from a total of 50 hits using a radius of 35 mm
[ EcalMipTrackingProcessor ] 415  info:  MIP tracking completed; found 1 straight tracks and 0 lin-reg tracks
[ HcalVetoProcessor ] 415  info: There are 17 / 17 HCal hits read out. 17 are not associated with the recoil ele. Total PE of 773
[ HcalVetoProcessor ] 415  info: HCAL veto passed? false
[ ElectronCounter ] 415  info: Found 0 electrons (tracks) using input collection TriggerPadTracksY_
[ trigger ] 415  info: Got trigger energy cut 0 for 0 electrons counted in the event.
[ trigger ] 415  info: Got trigger energy sum 6891.14; and decision is pass = false
[ TrigScintDigiVerifier ] 415  info: There are 2 ts digis in this event
[ TrigScintDigiVerifier ] 415  info:  There are 43 sim hits in this event, adding up to a total energy of 8.54311
[ EcalClusterAnalyzer ] 415  info: Avg number of clusters per layer: 1
[ EcalClusterAnalyzer ] 415  info: Number of ECal CLUE clusters: 1, TS counted electrons: 0, SP electrons: 0
[ biasing::TargetENProcessFilter ] 420  info: Electronuclear reaction resulted in 5 particles via biasWrapper(electronNuclear) process.
[ TruthSeedProcessor ] 420  warn: Propagation to target surface failed — track may have exited the B-field map.
[ Tagger_TrackFinder ] 420  info: Number of TaggerRecoSeeds seed tracks = 1
[ Tagger_TrackFinder ] 420  info: Number of CKF tracks 1
[ Recoil_TrackFinder ] 420  info: Number of RecoilRecoSeeds seed tracks = 1
[ Recoil_TrackFinder ] 420  info: Number of CKF tracks 1
[ TrackerVetoProcessor ] 420  info: Tagger requirements passed for 1 tracks
[ TrackerVetoProcessor ] 420  info: Recoil requirements passed for 1 tracks
[ TrackerVetoProcessor ] 420  info: Tracker veto passed, skim will keep the event
[ EcalClusterProducer ] 420  info: Using CLUE clustering algorithm
[ CLUE ] 420  info: Starting CLUE clustering with parameters:dc 5, rc 550, delta_c 10, delta_o 40, nbr_of_layers 1, reclustering false
[ EcalVetoProcessor ] 420  info:    Is this event is fiducial in ECAL? true
[ EcalVetoProcessor ] 420  info:  BDT was ran, score is 0.980982
[ EcalVetoProcessor ] 420  info:  The pred > bdtCutVal = true
[ EcalMipTrackingProcessor ] 420  info: Finding linreg tracks from a total of 29 hits using a radius of 35 mm
[ EcalMipTrackingProcessor ] 420  info:  MIP tracking completed; found 0 straight tracks and 0 lin-reg tracks
[ HcalVetoProcessor ] 420  info: There are 3 / 3 HCal hits read out. 3 are not associated with the recoil ele. Total PE of 12
[ HcalVetoProcessor ] 420  info: HCAL veto passed? false
[ ElectronCounter ] 420  info: Found 1 electrons (tracks) using input collection TriggerPadTracksY_
[ trigger ] 420  info: Got trigger energy cut 3000 for 1 electrons counted in the event.
[ trigger ] 420  info: Got trigger energy sum 5548.98; and decision is pass = false
[ TrigScintDigiVerifier ] 420  info: There are 1 ts digis in this event
[ TrigScintDigiVerifier ] 420  info:  There are 92 sim hits in this event, adding up to a total energy of 61.6244
[ EcalClusterAnalyzer ] 420  info: Avg number of clusters per layer: 1
[ EcalClusterAnalyzer ] 420  info: Number of ECal CLUE clusters: 1, TS counted electrons: 1, SP electrons: 1
[ biasing::TargetENProcessFilter ] 422  info: Electronuclear reaction resulted in 6 particles via biasWrapper(electronNuclear) process.
[ TruthSeedProcessor ] 422  warn: Propagation to target surface failed — track may have exited the B-field map.
[ Tagger_TrackFinder ] 422  info: Number of TaggerRecoSeeds seed tracks = 1
[ Tagger_TrackFinder ] 422  info: Number of CKF tracks 1
[ Recoil_TrackFinder ] 422  info: Number of RecoilRecoSeeds seed tracks = 1
[ Recoil_TrackFinder ] 422  info: Number of CKF tracks 1
[ TrackerVetoProcessor ] 422  info: Tagger requirements passed for 1 tracks
[ TrackerVetoProcessor ] 422  info: Recoil requirements passed for 1 tracks
[ TrackerVetoProcessor ] 422  info: Tracker veto passed, skim will keep the event
[ EcalClusterProducer ] 422  info: Using CLUE clustering algorithm
[ CLUE ] 422  info: Starting CLUE clustering with parameters:dc 5, rc 550, delta_c 10, delta_o 40, nbr_of_layers 1, reclustering false
[ EcalVetoProcessor ] 422  info:    Is this event is fiducial in ECAL? true
[ EcalVetoProcessor ] 422  info:  BDT was ran, score is 0.971336
[ EcalVetoProcessor ] 422  info:  The pred > bdtCutVal = true
[ EcalMipTrackingProcessor ] 422  info: Finding linreg tracks from a total of 29 hits using a radius of 35 mm
[ EcalMipTrackingProcessor ] 422  info:  MIP tracking completed; found 0 straight tracks and 0 lin-reg tracks
[ HcalVetoProcessor ] 422  info: There are 34 / 34 HCal hits read out. 34 are not associated with the recoil ele. Total PE of 1311
[ HcalVetoProcessor ] 422  info: HCAL veto passed? false
[ ElectronCounter ] 422  info: Found 1 electrons (tracks) using input collection TriggerPadTracksY_
[ trigger ] 422  info: Got trigger energy cut 3000 for 1 electrons counted in the event.
[ trigger ] 422  info: Got trigger energy sum 6163.66; and decision is pass = false
[ TrigScintDigiVerifier ] 422  info: There are 2 ts digis in this event
[ TrigScintDigiVerifier ] 422  info:  There are 60 sim hits in this event, adding up to a total energy of 39.1655
[ EcalClusterAnalyzer ] 422  info: Avg number of clusters per layer: 1
[ EcalClusterAnalyzer ] 422  info: Number of ECal CLUE clusters: 1, TS counted electrons: 1, SP electrons: 1
[ TruthSeedProcessor ] 425  warn: Propagation to target surface failed — track may have exited the B-field map.
[ Tagger_TrackFinder ] 425  info: Number of TaggerRecoSeeds seed tracks = 1
[ Tagger_TrackFinder ] 425  info: Number of CKF tracks 1
[ Recoil_TrackFinder ] 425  info: Number of RecoilRecoSeeds seed tracks = 0
[ Recoil_TrackFinder ] 425  warn: No seed tracks, returning...
[ TrackerVetoProcessor ] 425  info: Tagger requirements passed for 0 tracks
[ TrackerVetoProcessor ] 425  info: Recoil requirements passed for 0 tracks
[ TrackerVetoProcessor ] 425  info: Tracker veto failed
[ EcalClusterProducer ] 425  info: Using CLUE clustering algorithm
[ CLUE ] 425  info: Starting CLUE clustering with parameters:dc 5, rc 550, delta_c 10, delta_o 40, nbr_of_layers 1, reclustering false
[ EcalVetoProcessor ] 425  info:    Is this event is fiducial in ECAL? false
[ EcalVetoProcessor ] 425  info:  BDT was ran, score is 0.0398259
[ EcalVetoProcessor ] 425  info:  The pred > bdtCutVal = false
[ EcalMipTrackingProcessor ] 425  info: Finding linreg tracks from a total of 66 hits using a radius of 35 mm
[ EcalMipTrackingProcessor ] 425  info:  MIP tracking completed; found 14 straight tracks and 0 lin-reg tracks
[ EcalPnetVetoProcessor ] 425  info:   No recoil track at ECAL
[ HcalVetoProcessor ] 425  info: There are 0 / 0 HCal hits read out. 0 are not associated with the recoil ele. Total PE of 0
[ HcalVetoProcessor ] 425  info: HCAL veto passed? true
[ ElectronCounter ] 425  info: Found 0 electrons (tracks) using input collection TriggerPadTracksY_
[ trigger ] 425  info: Got trigger energy cut 0 for 0 electrons counted in the event.
[ trigger ] 425  info: Got trigger energy sum 7949.47; and decision is pass = false
[ TrigScintDigiVerifier ] 425  info: There are 2 ts digis in this event
[ EcalClusterAnalyzer ] 425  info: Avg number of clusters per layer: 1
[ EcalClusterAnalyzer ] 425  info: Number of ECal CLUE clusters: 1, TS counted electrons: 0, SP electrons: 0
[ biasing::TargetENProcessFilter ] 426  info: Electronuclear reaction resulted in 12 particles via biasWrapper(electronNuclear) process.
[ TruthSeedProcessor ] 426  warn: Propagation to target surface failed — track may have exited the B-field map.
[ Tagger_TrackFinder ] 426  info: Number of TaggerRecoSeeds seed tracks = 1
[ Tagger_TrackFinder ] 426  info: Number of CKF tracks 1
[ Recoil_TrackFinder ] 426  info: Number of RecoilRecoSeeds seed tracks = 1
[ Recoil_TrackFinder ] 426  info: Number of CKF tracks 1
[ TrackerVetoProcessor ] 426  info: Tagger requirements passed for 1 tracks
[ TrackerVetoProcessor ] 426  info: Recoil requirements passed for 1 tracks
[ TrackerVetoProcessor ] 426  info: Tracker veto passed, skim will keep the event
[ EcalClusterProducer ] 426  info: Using CLUE clustering algorithm
[ CLUE ] 426  info: Starting CLUE clustering with parameters:dc 5, rc 550, delta_c 10, delta_o 40, nbr_of_layers 1, reclustering false
[ EcalVetoProcessor ] 426  info:    Is this event is fiducial in ECAL? true
[ EcalVetoProcessor ] 426  info:  BDT was ran, score is 0.943121
[ EcalVetoProcessor ] 426  info:  The pred > bdtCutVal = false
[ EcalMipTrackingProcessor ] 426  info: Finding linreg tracks from a total of 29 hits using a radius of 35 mm
[ EcalMipTrackingProcessor ] 426  info:  MIP tracking completed; found 1 straight tracks and 0 lin-reg tracks
[ HcalVetoProcessor ] 426  info: There are 1 / 1 HCal hits read out. 1 are not associated with the recoil ele. Total PE of 2
[ HcalVetoProcessor ] 426  info: HCAL veto passed? true
[ ElectronCounter ] 426  info: Found 1 electrons (tracks) using input collection TriggerPadTracksY_
[ trigger ] 426  info: Got trigger energy cut 3000 for 1 electrons counted in the event.
[ trigger ] 426  info: Got trigger energy sum 8235.94; and decision is pass = false
[ TrigScintDigiVerifier ] 426  info: There are 2 ts digis in this event
[ TrigScintDigiVerifier ] 426  info:  There are 27 sim hits in this event, adding up to a total energy of 12.9913
[ EcalClusterAnalyzer ] 426  info: Avg number of clusters per layer: 1
[ EcalClusterAnalyzer ] 426  info: Number of ECal CLUE clusters: 1, TS counted electrons: 1, SP electrons: 1
[ biasing::TargetENProcessFilter ] 427  info: Electronuclear reaction resulted in 13 particles via biasWrapper(electronNuclear) process.
[ TruthSeedProcessor ] 427  warn: Propagation to target surface failed — track may have exited the B-field map.
[ Tagger_TrackFinder ] 427  info: Number of TaggerRecoSeeds seed tracks = 1
[ Tagger_TrackFinder ] 427  info: Number of CKF tracks 1
[ Recoil_TrackFinder ] 427  info: Number of RecoilRecoSeeds seed tracks = 34
[ Recoil_TrackFinder ] 427  info: Number of CKF tracks 12
[ TrackerVetoProcessor ] 427  info: Tagger requirements passed for 1 tracks
[ TrackerVetoProcessor ] 427  info: Recoil requirements passed for 4 tracks
[ TrackerVetoProcessor ] 427  info: Tracker veto failed
[ EcalClusterProducer ] 427  info: Using CLUE clustering algorithm
[ CLUE ] 427  info: Starting CLUE clustering with parameters:dc 5, rc 550, delta_c 10, delta_o 40, nbr_of_layers 1, reclustering false
[ EcalVetoProcessor ] 427  info:    Is this event is fiducial in ECAL? true
[ EcalVetoProcessor ] 427  info:  BDT was ran, score is 0.000439584
[ EcalVetoProcessor ] 427  info:  The pred > bdtCutVal = false
[ EcalMipTrackingProcessor ] 427  info: Finding linreg tracks from a total of 30 hits using a radius of 35 mm
[ EcalMipTrackingProcessor ] 427  info:  MIP tracking completed; found 7 straight tracks and 0 lin-reg tracks
[ HcalVetoProcessor ] 427  info: There are 36 / 36 HCal hits read out. 36 are not associated with the recoil ele. Total PE of 794
[ HcalVetoProcessor ] 427  info: HCAL veto passed? false
[ ElectronCounter ] 427  info: Found 1 electrons (tracks) using input collection TriggerPadTracksY_
[ trigger ] 427  info: Got trigger energy cut 3000 for 1 electrons counted in the event.
[ trigger ] 427  info: Got trigger energy sum 6675.84; and decision is pass = false
[ TrigScintDigiVerifier ] 427  info: There are 2 ts digis in this event
[ TrigScintDigiVerifier ] 427  info:  There are 125 sim hits in this event, adding up to a total energy of 54.0701
[ EcalClusterAnalyzer ] 427  info: Avg number of clusters per layer: 1
[ EcalClusterAnalyzer ] 427  info: Number of ECal CLUE clusters: 1, TS counted electrons: 1, SP electrons: 1
[ biasing::TargetENProcessFilter ] 432  info: Electronuclear reaction resulted in 10 particles via biasWrapper(electronNuclear) process.
[ TruthSeedProcessor ] 432  warn: Propagation to target surface failed — track may have exited the B-field map.
[ Tagger_TrackFinder ] 432  info: Number of TaggerRecoSeeds seed tracks = 1
[ Tagger_TrackFinder ] 432  info: Number of CKF tracks 1
[ Recoil_TrackFinder ] 432  info: Number of RecoilRecoSeeds seed tracks = 20
00:41:59    Propagator     WARNING   Field lookup was unsuccessful, this is very likely an error
[ Recoil_TrackFinder ] 432  info: Number of CKF tracks 9
[ TrackerVetoProcessor ] 432  info: Tagger requirements passed for 1 tracks
[ TrackerVetoProcessor ] 432  info: Recoil requirements passed for 2 tracks
[ TrackerVetoProcessor ] 432  info: Tracker veto failed
[ EcalClusterProducer ] 432  info: Using CLUE clustering algorithm
[ CLUE ] 432  info: Starting CLUE clustering with parameters:dc 5, rc 550, delta_c 10, delta_o 40, nbr_of_layers 1, reclustering false
[ EcalVetoProcessor ] 432  info:    Is this event is fiducial in ECAL? true
[ EcalVetoProcessor ] 432  info:  BDT was ran, score is 0.000608087
[ EcalVetoProcessor ] 432  info:  The pred > bdtCutVal = false
[ EcalMipTrackingProcessor ] 432  info: Finding linreg tracks from a total of 36 hits using a radius of 35 mm
[ EcalMipTrackingProcessor ] 432  info:  MIP tracking completed; found 0 straight tracks and 0 lin-reg tracks
[ HcalVetoProcessor ] 432  info: There are 17 / 17 HCal hits read out. 17 are not associated with the recoil ele. Total PE of 776
[ HcalVetoProcessor ] 432  info: HCAL veto passed? false
[ ElectronCounter ] 432  info: Found 1 electrons (tracks) using input collection TriggerPadTracksY_
[ trigger ] 432  info: Got trigger energy cut 3000 for 1 electrons counted in the event.
[ trigger ] 432  info: Got trigger energy sum 7052.11; and decision is pass = false
[ TrigScintDigiVerifier ] 432  info: There are 1 ts digis in this event
[ TrigScintDigiVerifier ] 432  info:  There are 56 sim hits in this event, adding up to a total energy of 24.6221
[ EcalClusterAnalyzer ] 432  info: Avg number of clusters per layer: 1
[ EcalClusterAnalyzer ] 432  info: Number of ECal CLUE clusters: 1, TS counted electrons: 1, SP electrons: 1
[ biasing::TargetENProcessFilter ] 433  info: Electronuclear reaction resulted in 5 particles via biasWrapper(electronNuclear) process.
[ TruthSeedProcessor ] 433  warn: Propagation to target surface failed — track may have exited the B-field map.
[ Tagger_TrackFinder ] 433  info: Number of TaggerRecoSeeds seed tracks = 1
[ Tagger_TrackFinder ] 433  info: Number of CKF tracks 1
[ Recoil_TrackFinder ] 433  info: Number of RecoilRecoSeeds seed tracks = 3
[ Recoil_TrackFinder ] 433  warn: smoothTrack failed: Did not find a compatible track state
[ Recoil_TrackFinder ] 433  info: Number of CKF tracks 2
[ TrackerVetoProcessor ] 433  info: Tagger requirements passed for 1 tracks
[ TrackerVetoProcessor ] 433  info: Recoil requirements passed for 2 tracks
[ TrackerVetoProcessor ] 433  info: Tracker veto failed
[ EcalClusterProducer ] 433  info: Using CLUE clustering algorithm
[ CLUE ] 433  info: Starting CLUE clustering with parameters:dc 5, rc 550, delta_c 10, delta_o 40, nbr_of_layers 1, reclustering false
[ EcalVetoProcessor ] 433  info:    Is this event is fiducial in ECAL? true
[ EcalVetoProcessor ] 433  info:  BDT was ran, score is 0.78583
[ EcalVetoProcessor ] 433  info:  The pred > bdtCutVal = false
[ EcalMipTrackingProcessor ] 433  info: Finding linreg tracks from a total of 41 hits using a radius of 35 mm
[ EcalMipTrackingProcessor ] 433  info:  MIP tracking completed; found 1 straight tracks and 0 lin-reg tracks
[ HcalVetoProcessor ] 433  info: There are 1 / 1 HCal hits read out. 1 are not associated with the recoil ele. Total PE of 2
[ HcalVetoProcessor ] 433  info: HCAL veto passed? true
[ ElectronCounter ] 433  info: Found 1 electrons (tracks) using input collection TriggerPadTracksY_
[ trigger ] 433  info: Got trigger energy cut 3000 for 1 electrons counted in the event.
[ trigger ] 433  info: Got trigger energy sum 8247.9; and decision is pass = false
[ TrigScintDigiVerifier ] 433  info: There are 2 ts digis in this event
[ TrigScintDigiVerifier ] 433  info:  There are 95 sim hits in this event, adding up to a total energy of 48.2563
[ EcalClusterAnalyzer ] 433  info: Avg number of clusters per layer: 1
[ EcalClusterAnalyzer ] 433  info: Number of ECal CLUE clusters: 1, TS counted electrons: 1, SP electrons: 1
[ biasing::TargetENProcessFilter ] 434  info: Electronuclear reaction resulted in 6 particles via biasWrapper(electronNuclear) process.
[ TruthSeedProcessor ] 434  warn: Propagation to target surface failed — track may have exited the B-field map.
[ Tagger_TrackFinder ] 434  info: Number of TaggerRecoSeeds seed tracks = 1
[ Tagger_TrackFinder ] 434  info: Number of CKF tracks 1
[ Recoil_TrackFinder ] 434  info: Number of RecoilRecoSeeds seed tracks = 3
[ Recoil_TrackFinder ] 434  warn: smoothTrack failed: Did not find a compatible track state
[ Recoil_TrackFinder ] 434  info: Number of CKF tracks 2
[ TrackerVetoProcessor ] 434  info: Tagger requirements passed for 1 tracks
[ TrackerVetoProcessor ] 434  info: Recoil requirements passed for 2 tracks
[ TrackerVetoProcessor ] 434  info: Tracker veto failed
[ EcalClusterProducer ] 434  info: Using CLUE clustering algorithm
[ CLUE ] 434  info: Starting CLUE clustering with parameters:dc 5, rc 550, delta_c 10, delta_o 40, nbr_of_layers 1, reclustering false
[ EcalVetoProcessor ] 434  info:    Is this event is fiducial in ECAL? true
[ EcalVetoProcessor ] 434  info:  BDT was ran, score is 0.465483
[ EcalVetoProcessor ] 434  info:  The pred > bdtCutVal = false
[ EcalMipTrackingProcessor ] 434  info: Finding linreg tracks from a total of 53 hits using a radius of 35 mm
[ EcalMipTrackingProcessor ] 434  info:  MIP tracking completed; found 0 straight tracks and 0 lin-reg tracks
[ HcalVetoProcessor ] 434  info: There are 2 / 2 HCal hits read out. 2 are not associated with the recoil ele. Total PE of 9
[ HcalVetoProcessor ] 434  info: HCAL veto passed? false
[ ElectronCounter ] 434  info: Found 1 electrons (tracks) using input collection TriggerPadTracksY_
[ trigger ] 434  info: Got trigger energy cut 3000 for 1 electrons counted in the event.
[ trigger ] 434  info: Got trigger energy sum 7684.9; and decision is pass = false
[ TrigScintDigiVerifier ] 434  info: There are 2 ts digis in this event
[ TrigScintDigiVerifier ] 434  info:  There are 52 sim hits in this event, adding up to a total energy of 30.625
[ EcalClusterAnalyzer ] 434  info: Avg number of clusters per layer: 1
[ EcalClusterAnalyzer ] 434  info: Number of ECal CLUE clusters: 1, TS counted electrons: 1, SP electrons: 1
[ biasing::TargetENProcessFilter ] 437  info: Electronuclear reaction resulted in 8 particles via biasWrapper(electronNuclear) process.
[ TruthSeedProcessor ] 437  warn: Propagation to target surface failed — track may have exited the B-field map.
[ Tagger_TrackFinder ] 437  info: Number of TaggerRecoSeeds seed tracks = 1
[ Tagger_TrackFinder ] 437  info: Number of CKF tracks 1
[ Recoil_TrackFinder ] 437  info: Number of RecoilRecoSeeds seed tracks = 25
[ Recoil_TrackFinder ] 437  info: Number of CKF tracks 7
[ TrackerVetoProcessor ] 437  info: Tagger requirements passed for 1 tracks
[ TrackerVetoProcessor ] 437  info: Recoil requirements passed for 5 tracks
[ TrackerVetoProcessor ] 437  info: Tracker veto failed
[ EcalClusterProducer ] 437  info: Using CLUE clustering algorithm
[ CLUE ] 437  info: Starting CLUE clustering with parameters:dc 5, rc 550, delta_c 10, delta_o 40, nbr_of_layers 1, reclustering false
[ EcalVetoProcessor ] 437  info:    Is this event is fiducial in ECAL? true
[ EcalVetoProcessor ] 437  info:  BDT was ran, score is 0.00272036
[ EcalVetoProcessor ] 437  info:  The pred > bdtCutVal = false
[ EcalMipTrackingProcessor ] 437  info: Finding linreg tracks from a total of 50 hits using a radius of 35 mm
[ EcalMipTrackingProcessor ] 437  info:  MIP tracking completed; found 6 straight tracks and 0 lin-reg tracks
[ HcalVetoProcessor ] 437  info: There are 71 / 74 HCal hits read out. 71 are not associated with the recoil ele. Total PE of 3393
[ HcalVetoProcessor ] 437  info: HCAL veto passed? false
[ ElectronCounter ] 437  info: Found 1 electrons (tracks) using input collection TriggerPadTracksY_
[ trigger ] 437  info: Got trigger energy cut 3000 for 1 electrons counted in the event.
[ trigger ] 437  info: Got trigger energy sum 6470.69; and decision is pass = false
[ TrigScintDigiVerifier ] 437  info: There are 1 ts digis in this event
[ TrigScintDigiVerifier ] 437  info:  There are 61 sim hits in this event, adding up to a total energy of 55.1285
[ EcalClusterAnalyzer ] 437  info: Avg number of clusters per layer: 1
[ EcalClusterAnalyzer ] 437  info: Number of ECal CLUE clusters: 1, TS counted electrons: 1, SP electrons: 1
[ biasing::TargetENProcessFilter ] 438  info: Electronuclear reaction resulted in 18 particles via biasWrapper(electronNuclear) process.
[ TruthSeedProcessor ] 438  warn: Propagation to target surface failed — track may have exited the B-field map.
[ Tagger_TrackFinder ] 438  info: Number of TaggerRecoSeeds seed tracks = 1
[ Tagger_TrackFinder ] 438  info: Number of CKF tracks 1
[ Recoil_TrackFinder ] 438  info: Number of RecoilRecoSeeds seed tracks = 4
[ Recoil_TrackFinder ] 438  info: Number of CKF tracks 2
[ TrackerVetoProcessor ] 438  info: Tagger requirements passed for 0 tracks
[ TrackerVetoProcessor ] 438  info: Recoil requirements passed for 0 tracks
[ TrackerVetoProcessor ] 438  info: Tracker veto failed
[ EcalClusterProducer ] 438  info: Using CLUE clustering algorithm
[ CLUE ] 438  info: Starting CLUE clustering with parameters:dc 5, rc 550, delta_c 10, delta_o 40, nbr_of_layers 1, reclustering false
[ EcalVetoProcessor ] 438  info:    Is this event is fiducial in ECAL? true
[ EcalVetoProcessor ] 438  info:  BDT was ran, score is 0.915025
[ EcalVetoProcessor ] 438  info:  The pred > bdtCutVal = false
[ EcalMipTrackingProcessor ] 438  info: Finding linreg tracks from a total of 36 hits using a radius of 35 mm
[ EcalMipTrackingProcessor ] 438  info:  MIP tracking completed; found 1 straight tracks and 0 lin-reg tracks
[ HcalVetoProcessor ] 438  info: There are 7 / 7 HCal hits read out. 7 are not associated with the recoil ele. Total PE of 84
[ HcalVetoProcessor ] 438  info: HCAL veto passed? false
[ ElectronCounter ] 438  info: Found 0 electrons (tracks) using input collection TriggerPadTracksY_
[ trigger ] 438  info: Got trigger energy cut 0 for 0 electrons counted in the event.
[ trigger ] 438  info: Got trigger energy sum 5922.43; and decision is pass = false
[ TrigScintDigiVerifier ] 438  info: There are 2 ts digis in this event
[ TrigScintDigiVerifier ] 438  info:  There are 116 sim hits in this event, adding up to a total energy of 32.838
[ EcalClusterAnalyzer ] 438  info: Avg number of clusters per layer: 1
[ EcalClusterAnalyzer ] 438  info: Number of ECal CLUE clusters: 1, TS counted electrons: 0, SP electrons: 0
[ TruthSeedProcessor ] 441  warn: Propagation to target surface failed — track may have exited the B-field map.
[ Tagger_TrackFinder ] 441  info: Number of TaggerRecoSeeds seed tracks = 1
[ Tagger_TrackFinder ] 441  info: Number of CKF tracks 1
[ Recoil_TrackFinder ] 441  info: Number of RecoilRecoSeeds seed tracks = 0
[ Recoil_TrackFinder ] 441  warn: No seed tracks, returning...
[ TrackerVetoProcessor ] 441  info: Tagger requirements passed for 0 tracks
[ TrackerVetoProcessor ] 441  info: Recoil requirements passed for 0 tracks
[ TrackerVetoProcessor ] 441  info: Tracker veto failed
[ EcalClusterProducer ] 441  info: Using CLUE clustering algorithm
[ CLUE ] 441  info: Starting CLUE clustering with parameters:dc 5, rc 550, delta_c 10, delta_o 40, nbr_of_layers 1, reclustering false
[ EcalVetoProcessor ] 441  info:    Is this event is fiducial in ECAL? false
[ EcalVetoProcessor ] 441  info:  BDT was ran, score is 0.882606
[ EcalVetoProcessor ] 441  info:  The pred > bdtCutVal = false
[ EcalMipTrackingProcessor ] 441  info: Finding linreg tracks from a total of 54 hits using a radius of 35 mm
[ EcalMipTrackingProcessor ] 441  info:  MIP tracking completed; found 14 straight tracks and 0 lin-reg tracks
[ EcalPnetVetoProcessor ] 441  info:   No recoil track at ECAL
[ HcalVetoProcessor ] 441  info: There are 1 / 1 HCal hits read out. 1 are not associated with the recoil ele. Total PE of 1
[ HcalVetoProcessor ] 441  info: HCAL veto passed? true
[ ElectronCounter ] 441  info: Found 0 electrons (tracks) using input collection TriggerPadTracksY_
[ trigger ] 441  info: Got trigger energy cut 0 for 0 electrons counted in the event.
[ trigger ] 441  info: Got trigger energy sum 8522.39; and decision is pass = false
[ TrigScintDigiVerifier ] 441  info: There are 3 ts digis in this event
[ ElectroNuclearDQM ] 441  warn: No EN daughters found, skipping kinematics
[ EcalClusterAnalyzer ] 441  info: Avg number of clusters per layer: 1
[ EcalClusterAnalyzer ] 441  info: Number of ECal CLUE clusters: 1, TS counted electrons: 0, SP electrons: 0
[ biasing::TargetENProcessFilter ] 442  info: Electronuclear reaction resulted in 11 particles via biasWrapper(electronNuclear) process.
[ TruthSeedProcessor ] 442  warn: Propagation to target surface failed — track may have exited the B-field map.
[ Tagger_TrackFinder ] 442  info: Number of TaggerRecoSeeds seed tracks = 1
[ Tagger_TrackFinder ] 442  info: Number of CKF tracks 1
[ Recoil_TrackFinder ] 442  info: Number of RecoilRecoSeeds seed tracks = 21
[ Recoil_TrackFinder ] 442  info: Number of CKF tracks 7
[ TrackerVetoProcessor ] 442  info: Tagger requirements passed for 1 tracks
[ TrackerVetoProcessor ] 442  info: Recoil requirements passed for 5 tracks
[ TrackerVetoProcessor ] 442  info: Tracker veto failed
[ EcalClusterProducer ] 442  info: Using CLUE clustering algorithm
[ CLUE ] 442  info: Starting CLUE clustering with parameters:dc 5, rc 550, delta_c 10, delta_o 40, nbr_of_layers 1, reclustering false
[ EcalVetoProcessor ] 442  info:    Is this event is fiducial in ECAL? true
[ EcalVetoProcessor ] 442  info:  BDT was ran, score is 0.000210822
[ EcalVetoProcessor ] 442  info:  The pred > bdtCutVal = false
[ EcalMipTrackingProcessor ] 442  info: Finding linreg tracks from a total of 55 hits using a radius of 35 mm
[ EcalMipTrackingProcessor ] 442  info:  MIP tracking completed; found 6 straight tracks and 0 lin-reg tracks
[ HcalVetoProcessor ] 442  info: There are 11 / 11 HCal hits read out. 11 are not associated with the recoil ele. Total PE of 92
[ HcalVetoProcessor ] 442  info: HCAL veto passed? false
[ ElectronCounter ] 442  info: Found 1 electrons (tracks) using input collection TriggerPadTracksY_
[ trigger ] 442  info: Got trigger energy cut 3000 for 1 electrons counted in the event.
[ trigger ] 442  info: Got trigger energy sum 6840.07; and decision is pass = false
[ TrigScintDigiVerifier ] 442  info: There are 3 ts digis in this event
[ TrigScintDigiVerifier ] 442  info:  There are 52 sim hits in this event, adding up to a total energy of 33.5132
[ EcalClusterAnalyzer ] 442  info: Avg number of clusters per layer: 1
[ EcalClusterAnalyzer ] 442  info: Number of ECal CLUE clusters: 1, TS counted electrons: 1, SP electrons: 1
[ biasing::TargetENProcessFilter ] 444  info: Electronuclear reaction resulted in 5 particles via biasWrapper(electronNuclear) process.
[ TruthSeedProcessor ] 444  warn: Propagation to target surface failed — track may have exited the B-field map.
[ Tagger_TrackFinder ] 444  info: Number of TaggerRecoSeeds seed tracks = 1
[ Tagger_TrackFinder ] 444  info: Number of CKF tracks 1
[ Recoil_TrackFinder ] 444  info: Number of RecoilRecoSeeds seed tracks = 180
00:42:48    Propagator     WARNING   Field lookup was unsuccessful, this is very likely an error
00:42:48    Propagator     WARNING   Field lookup was unsuccessful, this is very likely an error
00:42:48    Propagator     WARNING   Field lookup was unsuccessful, this is very likely an error
00:42:48    Propagator     WARNING   Field lookup was unsuccessful, this is very likely an error
[ Recoil_TrackFinder ] 444  warn: smoothTrack failed: Did not find a compatible track state
[ Recoil_TrackFinder ] 444  warn: smoothTrack failed: Did not find a compatible track state
[ Recoil_TrackFinder ] 444  warn: smoothTrack failed: Did not find a compatible track state
00:42:48    Propagator     WARNING   Field lookup was unsuccessful, this is very likely an error
00:42:48    Propagator     WARNING   Field lookup was unsuccessful, this is very likely an error
00:42:48    Propagator     WARNING   Field lookup was unsuccessful, this is very likely an error
00:42:48    Propagator     WARNING   Field lookup was unsuccessful, this is very likely an error
00:42:48    Propagator     WARNING   Field lookup was unsuccessful, this is very likely an error
[ Recoil_TrackFinder ] 444  warn: smoothTrack failed: Did not find a compatible track state
[ Recoil_TrackFinder ] 444  warn: smoothTrack failed: Did not find a compatible track state
[ Recoil_TrackFinder ] 444  warn: smoothTrack failed: Did not find a compatible track state
[ Recoil_TrackFinder ] 444  warn: smoothTrack failed: Did not find a compatible track state
00:42:48    Propagator     WARNING   Field lookup was unsuccessful, this is very likely an error
00:42:48    Propagator     WARNING   Field lookup was unsuccessful, this is very likely an error
[ Recoil_TrackFinder ] 444  info: Number of CKF tracks 59
[ TrackerVetoProcessor ] 444  info: Tagger requirements passed for 1 tracks
[ TrackerVetoProcessor ] 444  info: Recoil requirements passed for 23 tracks
[ TrackerVetoProcessor ] 444  info: Tracker veto failed
[ EcalClusterProducer ] 444  info: Using CLUE clustering algorithm
[ CLUE ] 444  info: Starting CLUE clustering with parameters:dc 5, rc 550, delta_c 10, delta_o 40, nbr_of_layers 1, reclustering false
[ EcalVetoProcessor ] 444  info:    Is this event is fiducial in ECAL? true
[ EcalVetoProcessor ] 444  info:  BDT was ran, score is 0.740738
[ EcalVetoProcessor ] 444  info:  The pred > bdtCutVal = false
[ EcalMipTrackingProcessor ] 444  info: Finding linreg tracks from a total of 78 hits using a radius of 35 mm
[ EcalMipTrackingProcessor ] 444  info:  MIP tracking completed; found 5 straight tracks and 0 lin-reg tracks
[ HcalVetoProcessor ] 444  info: There are 9 / 9 HCal hits read out. 9 are not associated with the recoil ele. Total PE of 104
[ HcalVetoProcessor ] 444  info: HCAL veto passed? false
[ ElectronCounter ] 444  info: Found 1 electrons (tracks) using input collection TriggerPadTracksY_
[ trigger ] 444  info: Got trigger energy cut 3000 for 1 electrons counted in the event.
[ trigger ] 444  info: Got trigger energy sum 6713.85; and decision is pass = false
[ TrigScintDigiVerifier ] 444  info: There are 1 ts digis in this event
[ TrigScintDigiVerifier ] 444  info:  There are 41 sim hits in this event, adding up to a total energy of 55.8257
[ EcalClusterAnalyzer ] 444  info: Avg number of clusters per layer: 1
[ EcalClusterAnalyzer ] 444  info: Number of ECal CLUE clusters: 1, TS counted electrons: 1, SP electrons: 1
[ biasing::TargetENProcessFilter ] 447  info: Electronuclear reaction resulted in 8 particles via biasWrapper(electronNuclear) process.
[ TruthSeedProcessor ] 447  warn: Propagation to target surface failed — track may have exited the B-field map.
[ Tagger_TrackFinder ] 447  info: Number of TaggerRecoSeeds seed tracks = 1
[ Tagger_TrackFinder ] 447  info: Number of CKF tracks 1
[ Recoil_TrackFinder ] 447  info: Number of RecoilRecoSeeds seed tracks = 5
[ Recoil_TrackFinder ] 447  info: Number of CKF tracks 2
[ TrackerVetoProcessor ] 447  info: Tagger requirements passed for 1 tracks
[ TrackerVetoProcessor ] 447  info: Recoil requirements passed for 1 tracks
[ TrackerVetoProcessor ] 447  info: Tracker veto passed, skim will keep the event
[ EcalClusterProducer ] 447  info: Using CLUE clustering algorithm
[ CLUE ] 447  info: Starting CLUE clustering with parameters:dc 5, rc 550, delta_c 10, delta_o 40, nbr_of_layers 1, reclustering false
[ EcalVetoProcessor ] 447  info:    Is this event is fiducial in ECAL? true
[ EcalVetoProcessor ] 447  info:  BDT was ran, score is 0.842686
[ EcalVetoProcessor ] 447  info:  The pred > bdtCutVal = false
[ EcalMipTrackingProcessor ] 447  info: Finding linreg tracks from a total of 27 hits using a radius of 35 mm
[ EcalMipTrackingProcessor ] 447  info:  MIP tracking completed; found 1 straight tracks and 0 lin-reg tracks
[ HcalVetoProcessor ] 447  info: There are 12 / 12 HCal hits read out. 12 are not associated with the recoil ele. Total PE of 450
[ HcalVetoProcessor ] 447  info: HCAL veto passed? false
[ ElectronCounter ] 447  info: Found 1 electrons (tracks) using input collection TriggerPadTracksY_
[ trigger ] 447  info: Got trigger energy cut 3000 for 1 electrons counted in the event.
[ trigger ] 447  info: Got trigger energy sum 6317.52; and decision is pass = false
[ TrigScintDigiVerifier ] 447  info: There are 3 ts digis in this event
[ TrigScintDigiVerifier ] 447  info:  There are 42 sim hits in this event, adding up to a total energy of 32.9186
[ EcalClusterAnalyzer ] 447  info: Avg number of clusters per layer: 1
[ EcalClusterAnalyzer ] 447  info: Number of ECal CLUE clusters: 1, TS counted electrons: 1, SP electrons: 1
[ biasing::TargetENProcessFilter ] 450  info: Electronuclear reaction resulted in 9 particles via biasWrapper(electronNuclear) process.
[ TruthSeedProcessor ] 450  warn: Propagation to target surface failed — track may have exited the B-field map.
[ Tagger_TrackFinder ] 450  info: Number of TaggerRecoSeeds seed tracks = 1
[ Tagger_TrackFinder ] 450  info: Number of CKF tracks 1
[ Recoil_TrackFinder ] 450  info: Number of RecoilRecoSeeds seed tracks = 211
00:43:14    Propagator     WARNING   Field lookup was unsuccessful, this is very likely an error
00:43:14    Propagator     WARNING   Field lookup was unsuccessful, this is very likely an error
[ Recoil_TrackFinder ] 450  warn: smoothTrack failed: Did not find a compatible track state
[ Recoil_TrackFinder ] 450  warn: smoothTrack failed: Did not find a compatible track state
[ Recoil_TrackFinder ] 450  warn: smoothTrack failed: Did not find a compatible track state
[ Recoil_TrackFinder ] 450  warn: smoothTrack failed: Did not find a compatible track state
[ Recoil_TrackFinder ] 450  warn: smoothTrack failed: Did not find a compatible track state
[ Recoil_TrackFinder ] 450  warn: smoothTrack failed: Did not find a compatible track state
[ Recoil_TrackFinder ] 450  warn: smoothTrack failed: Did not find a compatible track state
00:43:14    Propagator     WARNING   Field lookup was unsuccessful, this is very likely an error
00:43:14    Propagator     WARNING   Field lookup was unsuccessful, this is very likely an error
00:43:14    Propagator     WARNING   Field lookup was unsuccessful, this is very likely an error
[ Recoil_TrackFinder ] 450  warn: smoothTrack failed: Did not find a compatible track state
[ Recoil_TrackFinder ] 450  warn: smoothTrack failed: Did not find a compatible track state
[ Recoil_TrackFinder ] 450  warn: smoothTrack failed: Did not find a compatible track state
[ Recoil_TrackFinder ] 450  warn: smoothTrack failed: Did not find a compatible track state
[ Recoil_TrackFinder ] 450  warn: smoothTrack failed: Did not find a compatible track state
00:43:14    Propagator     WARNING   Field lookup was unsuccessful, this is very likely an error
00:43:14    Propagator     WARNING   Field lookup was unsuccessful, this is very likely an error
[ Recoil_TrackFinder ] 450  warn: smoothTrack failed: Did not find a compatible track state
[ Recoil_TrackFinder ] 450  warn: smoothTrack failed: Did not find a compatible track state
[ Recoil_TrackFinder ] 450  warn: smoothTrack failed: Did not find a compatible track state
[ Recoil_TrackFinder ] 450  warn: smoothTrack failed: Did not find a compatible track state
[ Recoil_TrackFinder ] 450  warn: smoothTrack failed: Did not find a compatible track state
[ Recoil_TrackFinder ] 450  warn: smoothTrack failed: Did not find a compatible track state
00:43:14    Propagator     WARNING   Field lookup was unsuccessful, this is very likely an error
00:43:14    Propagator     WARNING   Field lookup was unsuccessful, this is very likely an error
[ Recoil_TrackFinder ] 450  warn: smoothTrack failed: Did not find a compatible track state
[ Recoil_TrackFinder ] 450  warn: smoothTrack failed: Did not find a compatible track state
[ Recoil_TrackFinder ] 450  warn: smoothTrack failed: Did not find a compatible track state
[ Recoil_TrackFinder ] 450  warn: smoothTrack failed: Did not find a compatible track state
[ Recoil_TrackFinder ] 450  warn: smoothTrack failed: Did not find a compatible track state
[ Recoil_TrackFinder ] 450  warn: smoothTrack failed: Did not find a compatible track state
00:43:14    Propagator     WARNING   Field lookup was unsuccessful, this is very likely an error
[ Recoil_TrackFinder ] 450  warn: smoothTrack failed: Did not find a compatible track state
[ Recoil_TrackFinder ] 450  warn: smoothTrack failed: Did not find a compatible track state
[ Recoil_TrackFinder ] 450  warn: smoothTrack failed: Did not find a compatible track state
[ Recoil_TrackFinder ] 450  warn: smoothTrack failed: Did not find a compatible track state
[ Recoil_TrackFinder ] 450  warn: smoothTrack failed: Did not find a compatible track state
[ Recoil_TrackFinder ] 450  warn: smoothTrack failed: Did not find a compatible track state
[ Recoil_TrackFinder ] 450  warn: smoothTrack failed: Did not find a compatible track state
[ Recoil_TrackFinder ] 450  warn: smoothTrack failed: Did not find a compatible track state
[ Recoil_TrackFinder ] 450  warn: smoothTrack failed: Did not find a compatible track state
00:43:14    Propagator     WARNING   Field lookup was unsuccessful, this is very likely an error
[ Recoil_TrackFinder ] 450  warn: smoothTrack failed: Did not find a compatible track state
00:43:14    Propagator     WARNING   Field lookup was unsuccessful, this is very likely an error
[ Recoil_TrackFinder ] 450  info: Number of CKF tracks 75
00:43:14    Propagator     WARNING   Field lookup was unsuccessful, this is very likely an error
[ TrackerVetoProcessor ] 450  info: Tagger requirements passed for 1 tracks
[ TrackerVetoProcessor ] 450  info: Recoil requirements passed for 32 tracks
[ TrackerVetoProcessor ] 450  info: Tracker veto failed
[ EcalClusterProducer ] 450  info: Using CLUE clustering algorithm
[ CLUE ] 450  info: Starting CLUE clustering with parameters:dc 5, rc 550, delta_c 10, delta_o 40, nbr_of_layers 1, reclustering false
[ EcalVetoProcessor ] 450  info:    Is this event is fiducial in ECAL? true
[ EcalVetoProcessor ] 450  info:  BDT was ran, score is 0.000835776
[ EcalVetoProcessor ] 450  info:  The pred > bdtCutVal = false
[ EcalMipTrackingProcessor ] 450  info: Finding linreg tracks from a total of 51 hits using a radius of 35 mm
[ EcalMipTrackingProcessor ] 450  info:  MIP tracking completed; found 13 straight tracks and 0 lin-reg tracks
[ HcalVetoProcessor ] 450  info: There are 55 / 57 HCal hits read out. 55 are not associated with the recoil ele. Total PE of 1668
[ HcalVetoProcessor ] 450  info: HCAL veto passed? false
[ ElectronCounter ] 450  info: Found 1 electrons (tracks) using input collection TriggerPadTracksY_
[ trigger ] 450  info: Got trigger energy cut 3000 for 1 electrons counted in the event.
[ trigger ] 450  info: Got trigger energy sum 3432.56; and decision is pass = false
[ TrigScintDigiVerifier ] 450  info: There are 1 ts digis in this event
[ TrigScintDigiVerifier ] 450  info:  There are 182 sim hits in this event, adding up to a total energy of 114.663
[ EcalClusterAnalyzer ] 450  info: Avg number of clusters per layer: 0
[ EcalClusterAnalyzer ] 450  info: Number of ECal CLUE clusters: 0, TS counted electrons: 1, SP electrons: 1
[ biasing::TargetENProcessFilter ] 451  info: Electronuclear reaction resulted in 6 particles via biasWrapper(electronNuclear) process.
[ TruthSeedProcessor ] 451  warn: Propagation to target surface failed — track may have exited the B-field map.
[ Tagger_TrackFinder ] 451  info: Number of TaggerRecoSeeds seed tracks = 1
[ Tagger_TrackFinder ] 451  info: Number of CKF tracks 1
[ Recoil_TrackFinder ] 451  info: Number of RecoilRecoSeeds seed tracks = 7
[ Recoil_TrackFinder ] 451  warn: smoothTrack failed: Did not find a compatible track state
[ Recoil_TrackFinder ] 451  info: Number of CKF tracks 2
[ TrackerVetoProcessor ] 451  info: Tagger requirements passed for 1 tracks
[ TrackerVetoProcessor ] 451  info: Recoil requirements passed for 2 tracks
[ TrackerVetoProcessor ] 451  info: Tracker veto failed
[ EcalClusterProducer ] 451  info: Using CLUE clustering algorithm
[ CLUE ] 451  info: Starting CLUE clustering with parameters:dc 5, rc 550, delta_c 10, delta_o 40, nbr_of_layers 1, reclustering false
[ EcalVetoProcessor ] 451  info:    Is this event is fiducial in ECAL? true
[ EcalVetoProcessor ] 451  info:  BDT was ran, score is 0.00122505
[ EcalVetoProcessor ] 451  info:  The pred > bdtCutVal = false
[ EcalMipTrackingProcessor ] 451  info: Finding linreg tracks from a total of 55 hits using a radius of 35 mm
[ EcalMipTrackingProcessor ] 451  info:  MIP tracking completed; found 7 straight tracks and 0 lin-reg tracks
[ HcalVetoProcessor ] 451  info: There are 25 / 25 HCal hits read out. 25 are not associated with the recoil ele. Total PE of 551
[ HcalVetoProcessor ] 451  info: HCAL veto passed? false
[ ElectronCounter ] 451  info: Found 1 electrons (tracks) using input collection TriggerPadTracksY_
[ trigger ] 451  info: Got trigger energy cut 3000 for 1 electrons counted in the event.
[ trigger ] 451  info: Got trigger energy sum 7530.14; and decision is pass = false
[ TrigScintDigiVerifier ] 451  info: There are 1 ts digis in this event
[ TrigScintDigiVerifier ] 451  info:  There are 60 sim hits in this event, adding up to a total energy of 26.313
[ EcalClusterAnalyzer ] 451  info: Avg number of clusters per layer: 1
[ EcalClusterAnalyzer ] 451  info: Number of ECal CLUE clusters: 1, TS counted electrons: 1, SP electrons: 1
[ biasing::TargetENProcessFilter ] 454  info: Electronuclear reaction resulted in 5 particles via biasWrapper(electronNuclear) process.
[ TruthSeedProcessor ] 454  warn: Propagation to target surface failed — track may have exited the B-field map.
[ Tagger_TrackFinder ] 454  info: Number of TaggerRecoSeeds seed tracks = 1
[ Tagger_TrackFinder ] 454  info: Number of CKF tracks 1
[ Recoil_TrackFinder ] 454  info: Number of RecoilRecoSeeds seed tracks = 7
[ Recoil_TrackFinder ] 454  info: Number of CKF tracks 2
[ TrackerVetoProcessor ] 454  info: Tagger requirements passed for 1 tracks
[ TrackerVetoProcessor ] 454  info: Recoil requirements passed for 2 tracks
[ TrackerVetoProcessor ] 454  info: Tracker veto failed
[ EcalClusterProducer ] 454  info: Using CLUE clustering algorithm
[ CLUE ] 454  info: Starting CLUE clustering with parameters:dc 5, rc 550, delta_c 10, delta_o 40, nbr_of_layers 1, reclustering false
[ EcalVetoProcessor ] 454  info:    Is this event is fiducial in ECAL? true
[ EcalVetoProcessor ] 454  info:  BDT was ran, score is 0.000223935
[ EcalVetoProcessor ] 454  info:  The pred > bdtCutVal = false
[ EcalMipTrackingProcessor ] 454  info: Finding linreg tracks from a total of 53 hits using a radius of 35 mm
[ EcalMipTrackingProcessor ] 454  info:  MIP tracking completed; found 8 straight tracks and 0 lin-reg tracks
[ HcalVetoProcessor ] 454  info: There are 24 / 24 HCal hits read out. 24 are not associated with the recoil ele. Total PE of 2228
[ HcalVetoProcessor ] 454  info: HCAL veto passed? false
[ ElectronCounter ] 454  info: Found 1 electrons (tracks) using input collection TriggerPadTracksY_
[ trigger ] 454  info: Got trigger energy cut 3000 for 1 electrons counted in the event.
[ trigger ] 454  info: Got trigger energy sum 3818.5; and decision is pass = false
[ TrigScintDigiVerifier ] 454  info: There are 3 ts digis in this event
[ TrigScintDigiVerifier ] 454  info:  There are 81 sim hits in this event, adding up to a total energy of 50.0082
[ EcalClusterAnalyzer ] 454  info: Avg number of clusters per layer: 0
[ EcalClusterAnalyzer ] 454  info: Number of ECal CLUE clusters: 0, TS counted electrons: 1, SP electrons: 1
[ biasing::TargetENProcessFilter ] 455  info: Electronuclear reaction resulted in 8 particles via biasWrapper(electronNuclear) process.
[ TruthSeedProcessor ] 455  warn: Propagation to target surface failed — track may have exited the B-field map.
[ Tagger_TrackFinder ] 455  info: Number of TaggerRecoSeeds seed tracks = 1
[ Tagger_TrackFinder ] 455  info: Number of CKF tracks 1
[ Recoil_TrackFinder ] 455  info: Number of RecoilRecoSeeds seed tracks = 1
[ Recoil_TrackFinder ] 455  info: Number of CKF tracks 1
[ TrackerVetoProcessor ] 455  info: Tagger requirements passed for 1 tracks
[ TrackerVetoProcessor ] 455  info: Recoil requirements passed for 1 tracks
[ TrackerVetoProcessor ] 455  info: Tracker veto passed, skim will keep the event
[ EcalClusterProducer ] 455  info: Using CLUE clustering algorithm
[ CLUE ] 455  info: Starting CLUE clustering with parameters:dc 5, rc 550, delta_c 10, delta_o 40, nbr_of_layers 1, reclustering false
[ EcalVetoProcessor ] 455  info:    Is this event is fiducial in ECAL? true
[ EcalVetoProcessor ] 455  info:  BDT was ran, score is 0.200832
[ EcalVetoProcessor ] 455  info:  The pred > bdtCutVal = false
[ EcalMipTrackingProcessor ] 455  info: Finding linreg tracks from a total of 33 hits using a radius of 35 mm
[ EcalMipTrackingProcessor ] 455  info:  MIP tracking completed; found 4 straight tracks and 0 lin-reg tracks
[ HcalVetoProcessor ] 455  info: There are 23 / 23 HCal hits read out. 23 are not associated with the recoil ele. Total PE of 399
[ HcalVetoProcessor ] 455  info: HCAL veto passed? false
[ ElectronCounter ] 455  info: Found 1 electrons (tracks) using input collection TriggerPadTracksY_
[ trigger ] 455  info: Got trigger energy cut 3000 for 1 electrons counted in the event.
[ trigger ] 455  info: Got trigger energy sum 6643.41; and decision is pass = false
[ TrigScintDigiVerifier ] 455  info: There are 2 ts digis in this event
[ TrigScintDigiVerifier ] 455  info:  There are 42 sim hits in this event, adding up to a total energy of 43.2012
[ EcalClusterAnalyzer ] 455  info: Avg number of clusters per layer: 1
[ EcalClusterAnalyzer ] 455  info: Number of ECal CLUE clusters: 1, TS counted electrons: 1, SP electrons: 1
[ biasing::TargetENProcessFilter ] 457  info: Electronuclear reaction resulted in 6 particles via biasWrapper(electronNuclear) process.
[ TruthSeedProcessor ] 457  warn: Propagation to target surface failed — track may have exited the B-field map.
[ Tagger_TrackFinder ] 457  info: Number of TaggerRecoSeeds seed tracks = 1
[ Tagger_TrackFinder ] 457  info: Number of CKF tracks 1
[ Recoil_TrackFinder ] 457  info: Number of RecoilRecoSeeds seed tracks = 2
[ Recoil_TrackFinder ] 457  warn: smoothTrack failed: Did not find a compatible track state
[ Recoil_TrackFinder ] 457  info: Number of CKF tracks 1
[ TrackerVetoProcessor ] 457  info: Tagger requirements passed for 1 tracks
[ TrackerVetoProcessor ] 457  info: Recoil requirements passed for 1 tracks
[ TrackerVetoProcessor ] 457  info: Tracker veto passed, skim will keep the event
[ EcalClusterProducer ] 457  info: Using CLUE clustering algorithm
[ CLUE ] 457  info: Starting CLUE clustering with parameters:dc 5, rc 550, delta_c 10, delta_o 40, nbr_of_layers 1, reclustering false
[ EcalVetoProcessor ] 457  info:    Is this event is fiducial in ECAL? true
[ EcalVetoProcessor ] 457  info:  BDT was ran, score is 0.967598
[ EcalVetoProcessor ] 457  info:  The pred > bdtCutVal = true
[ EcalMipTrackingProcessor ] 457  info: Finding linreg tracks from a total of 41 hits using a radius of 35 mm
[ EcalMipTrackingProcessor ] 457  info:  MIP tracking completed; found 0 straight tracks and 0 lin-reg tracks
[ HcalVetoProcessor ] 457  info: There are 10 / 10 HCal hits read out. 10 are not associated with the recoil ele. Total PE of 116
[ HcalVetoProcessor ] 457  info: HCAL veto passed? false
[ ElectronCounter ] 457  info: Found 1 electrons (tracks) using input collection TriggerPadTracksY_
[ trigger ] 457  info: Got trigger energy cut 3000 for 1 electrons counted in the event.
[ trigger ] 457  info: Got trigger energy sum 7498.43; and decision is pass = false
[ TrigScintDigiVerifier ] 457  info: There are 1 ts digis in this event
[ TrigScintDigiVerifier ] 457  info:  There are 133 sim hits in this event, adding up to a total energy of 36.9037
[ EcalClusterAnalyzer ] 457  info: Avg number of clusters per layer: 1
[ EcalClusterAnalyzer ] 457  info: Number of ECal CLUE clusters: 1, TS counted electrons: 1, SP electrons: 1
[ biasing::TargetENProcessFilter ] 458  info: Electronuclear reaction resulted in 10 particles via biasWrapper(electronNuclear) process.
[ TruthSeedProcessor ] 458  warn: Propagation to target surface failed — track may have exited the B-field map.
[ Tagger_TrackFinder ] 458  info: Number of TaggerRecoSeeds seed tracks = 1
[ Tagger_TrackFinder ] 458  info: Number of CKF tracks 1
[ Recoil_TrackFinder ] 458  info: Number of RecoilRecoSeeds seed tracks = 1396
00:43:43    Propagator     WARNING   Field lookup was unsuccessful, this is very likely an error
00:43:43    Propagator     WARNING   Field lookup was unsuccessful, this is very likely an error
00:43:43    Propagator     WARNING   Field lookup was unsuccessful, this is very likely an error
00:43:43    Propagator     WARNING   Field lookup was unsuccessful, this is very likely an error
00:43:43    Propagator     WARNING   Field lookup was unsuccessful, this is very likely an error
00:43:43    Propagator     WARNING   Field lookup was unsuccessful, this is very likely an error
00:43:43    Propagator     WARNING   Field lookup was unsuccessful, this is very likely an error
00:43:43    Propagator     WARNING   Field lookup was unsuccessful, this is very likely an error
00:43:43    Propagator     WARNING   Field lookup was unsuccessful, this is very likely an error
00:43:43    Propagator     WARNING   Field lookup was unsuccessful, this is very likely an error
00:43:43    Propagator     WARNING   Field lookup was unsuccessful, this is very likely an error
00:43:43    Propagator     WARNING   Field lookup was unsuccessful, this is very likely an error
00:43:43    Propagator     WARNING   Field lookup was unsuccessful, this is very likely an error
00:43:43    Propagator     WARNING   Field lookup was unsuccessful, this is very likely an error
00:43:43    Propagator     WARNING   Field lookup was unsuccessful, this is very likely an error
00:43:43    Propagator     WARNING   Field lookup was unsuccessful, this is very likely an error
[ Recoil_TrackFinder ] 458  warn: smoothTrack failed: Did not find a compatible track state
00:43:43    Propagator     WARNING   Field lookup was unsuccessful, this is very likely an error
00:43:43    Propagator     WARNING   Field lookup was unsuccessful, this is very likely an error
00:43:43    Propagator     WARNING   Field lookup was unsuccessful, this is very likely an error
00:43:43    Propagator     WARNING   Field lookup was unsuccessful, this is very likely an error
00:43:43    Propagator     WARNING   Field lookup was unsuccessful, this is very likely an error
00:43:43    Propagator     WARNING   Field lookup was unsuccessful, this is very likely an error
00:43:43    Propagator     WARNING   Field lookup was unsuccessful, this is very likely an error
00:43:43    Propagator     WARNING   Field lookup was unsuccessful, this is very likely an error
00:43:43    Propagator     WARNING   Field lookup was unsuccessful, this is very likely an error
00:43:43    Propagator     WARNING   Field lookup was unsuccessful, this is very likely an error
00:43:43    Propagator     WARNING   Field lookup was unsuccessful, this is very likely an error
00:43:43    Propagator     WARNING   Field lookup was unsuccessful, this is very likely an error
[ Recoil_TrackFinder ] 458  info: Number of CKF tracks 267
00:43:43    GSF            WARNING   Performed steps with errors: MagneticFieldError:1 | MagneticFieldError:1 | MagneticFieldError:1 | MagneticFieldError:1 | MagneticFieldError:1 | MagneticFieldError:1 | MagneticFieldError:1 | MagneticFieldError:1 | MagneticFieldError:1 | MagneticFieldError:1 | MagneticFieldError:1 | MagneticFieldError:1
[ TrackerVetoProcessor ] 458  info: Tagger requirements passed for 1 tracks
[ TrackerVetoProcessor ] 458  info: Recoil requirements passed for 102 tracks
[ TrackerVetoProcessor ] 458  info: Tracker veto failed
[ EcalClusterProducer ] 458  info: Using CLUE clustering algorithm
[ CLUE ] 458  info: Starting CLUE clustering with parameters:dc 5, rc 550, delta_c 10, delta_o 40, nbr_of_layers 1, reclustering false
[ EcalVetoProcessor ] 458  info:    Is this event is fiducial in ECAL? true
[ EcalVetoProcessor ] 458  info:  BDT was ran, score is 0.000121474
[ EcalVetoProcessor ] 458  info:  The pred > bdtCutVal = false
[ EcalMipTrackingProcessor ] 458  info: Finding linreg tracks from a total of 33 hits using a radius of 35 mm
[ EcalMipTrackingProcessor ] 458  info:  MIP tracking completed; found 10 straight tracks and 0 lin-reg tracks
[ HcalVetoProcessor ] 458  info: There are 41 / 43 HCal hits read out. 41 are not associated with the recoil ele. Total PE of 740
[ HcalVetoProcessor ] 458  info: HCAL veto passed? false
[ ElectronCounter ] 458  info: Found 0 electrons (tracks) using input collection TriggerPadTracksY_
[ trigger ] 458  info: Got trigger energy cut 0 for 0 electrons counted in the event.
[ trigger ] 458  info: Got trigger energy sum 4305.13; and decision is pass = false
[ TrigScintDigiVerifier ] 458  info: There are 2 ts digis in this event
[ TrigScintDigiVerifier ] 458  info:  There are 54 sim hits in this event, adding up to a total energy of 28.0069
[ EcalClusterAnalyzer ] 458  info: Avg number of clusters per layer: 0
[ EcalClusterAnalyzer ] 458  info: Number of ECal CLUE clusters: 0, TS counted electrons: 0, SP electrons: 0
[ biasing::TargetENProcessFilter ] 459  info: Electronuclear reaction resulted in 6 particles via biasWrapper(electronNuclear) process.
[ TruthSeedProcessor ] 459  warn: Propagation to target surface failed — track may have exited the B-field map.
[ Tagger_TrackFinder ] 459  info: Number of TaggerRecoSeeds seed tracks = 1
[ Tagger_TrackFinder ] 459  info: Number of CKF tracks 1
[ Recoil_TrackFinder ] 459  info: Number of RecoilRecoSeeds seed tracks = 1
[ Recoil_TrackFinder ] 459  info: Number of CKF tracks 1
[ TrackerVetoProcessor ] 459  info: Tagger requirements passed for 1 tracks
[ TrackerVetoProcessor ] 459  info: Recoil requirements passed for 1 tracks
[ TrackerVetoProcessor ] 459  info: Tracker veto passed, skim will keep the event
[ EcalClusterProducer ] 459  info: Using CLUE clustering algorithm
[ CLUE ] 459  info: Starting CLUE clustering with parameters:dc 5, rc 550, delta_c 10, delta_o 40, nbr_of_layers 1, reclustering false
[ EcalVetoProcessor ] 459  info:    Is this event is fiducial in ECAL? true
[ EcalVetoProcessor ] 459  info:  BDT was ran, score is 0.880773
[ EcalVetoProcessor ] 459  info:  The pred > bdtCutVal = false
[ EcalMipTrackingProcessor ] 459  info: Finding linreg tracks from a total of 29 hits using a radius of 35 mm
[ EcalMipTrackingProcessor ] 459  info:  MIP tracking completed; found 0 straight tracks and 0 lin-reg tracks
[ HcalVetoProcessor ] 459  info: There are 4 / 4 HCal hits read out. 4 are not associated with the recoil ele. Total PE of 28
[ HcalVetoProcessor ] 459  info: HCAL veto passed? false
[ ElectronCounter ] 459  info: Found 1 electrons (tracks) using input collection TriggerPadTracksY_
[ trigger ] 459  info: Got trigger energy cut 3000 for 1 electrons counted in the event.
[ trigger ] 459  info: Got trigger energy sum 6893.84; and decision is pass = false
[ TrigScintDigiVerifier ] 459  info: There are 4 ts digis in this event
[ TrigScintDigiVerifier ] 459  info:  There are 88 sim hits in this event, adding up to a total energy of 52.3226
[ EcalClusterAnalyzer ] 459  info: Avg number of clusters per layer: 1
[ EcalClusterAnalyzer ] 459  info: Number of ECal CLUE clusters: 1, TS counted electrons: 1, SP electrons: 1
[ biasing::TargetENProcessFilter ] 460  info: Electronuclear reaction resulted in 12 particles via biasWrapper(electronNuclear) process.
[ TruthSeedProcessor ] 460  warn: Propagation to target surface failed — track may have exited the B-field map.
[ Tagger_TrackFinder ] 460  info: Number of TaggerRecoSeeds seed tracks = 1
[ Tagger_TrackFinder ] 460  info: Number of CKF tracks 1
[ Recoil_TrackFinder ] 460  info: Number of RecoilRecoSeeds seed tracks = 5
[ Recoil_TrackFinder ] 460  info: Number of CKF tracks 1
[ TrackerVetoProcessor ] 460  info: Tagger requirements passed for 1 tracks
[ TrackerVetoProcessor ] 460  info: Recoil requirements passed for 1 tracks
[ TrackerVetoProcessor ] 460  info: Tracker veto passed, skim will keep the event
[ EcalClusterProducer ] 460  info: Using CLUE clustering algorithm
[ CLUE ] 460  info: Starting CLUE clustering with parameters:dc 5, rc 550, delta_c 10, delta_o 40, nbr_of_layers 1, reclustering false
[ EcalVetoProcessor ] 460  info:    Is this event is fiducial in ECAL? true
[ EcalVetoProcessor ] 460  info:  BDT was ran, score is 0.0169762
[ EcalVetoProcessor ] 460  info:  The pred > bdtCutVal = false
[ EcalMipTrackingProcessor ] 460  info: Finding linreg tracks from a total of 18 hits using a radius of 35 mm
[ EcalMipTrackingProcessor ] 460  info:  MIP tracking completed; found 0 straight tracks and 0 lin-reg tracks
[ HcalVetoProcessor ] 460  info: There are 76 / 77 HCal hits read out. 76 are not associated with the recoil ele. Total PE of 3618
[ HcalVetoProcessor ] 460  info: HCAL veto passed? false
[ ElectronCounter ] 460  info: Found 0 electrons (tracks) using input collection TriggerPadTracksY_
[ trigger ] 460  info: Got trigger energy cut 0 for 0 electrons counted in the event.
[ trigger ] 460  info: Got trigger energy sum 2359.92; and decision is pass = false
[ TrigScintDigiVerifier ] 460  info: There are 3 ts digis in this event
[ TrigScintDigiVerifier ] 460  info:  There are 150 sim hits in this event, adding up to a total energy of 208.039
[ EcalClusterAnalyzer ] 460  info: Avg number of clusters per layer: 1
[ EcalClusterAnalyzer ] 460  info: Number of ECal CLUE clusters: 1, TS counted electrons: 0, SP electrons: 0
[ biasing::TargetENProcessFilter ] 461  info: Electronuclear reaction resulted in 9 particles via biasWrapper(electronNuclear) process.
[ TruthSeedProcessor ] 461  warn: Propagation to target surface failed — track may have exited the B-field map.
[ Tagger_TrackFinder ] 461  info: Number of TaggerRecoSeeds seed tracks = 1
[ Tagger_TrackFinder ] 461  info: Number of CKF tracks 1
[ Recoil_TrackFinder ] 461  info: Number of RecoilRecoSeeds seed tracks = 4
[ Recoil_TrackFinder ] 461  info: Number of CKF tracks 0
[ TrackerVetoProcessor ] 461  info: Tagger requirements passed for 1 tracks
[ TrackerVetoProcessor ] 461  info: Recoil requirements passed for 0 tracks
[ TrackerVetoProcessor ] 461  info: Tracker veto failed
[ EcalClusterProducer ] 461  info: Using CLUE clustering algorithm
[ CLUE ] 461  info: Starting CLUE clustering with parameters:dc 5, rc 550, delta_c 10, delta_o 40, nbr_of_layers 1, reclustering false
[ EcalVetoProcessor ] 461  info:    Is this event is fiducial in ECAL? false
[ EcalVetoProcessor ] 461  info:  BDT was ran, score is 5.96046e-06
[ EcalVetoProcessor ] 461  info:  The pred > bdtCutVal = false
[ EcalMipTrackingProcessor ] 461  info: Finding linreg tracks from a total of 54 hits using a radius of 35 mm
[ EcalMipTrackingProcessor ] 461  info:  MIP tracking completed; found 19 straight tracks and 0 lin-reg tracks
[ EcalPnetVetoProcessor ] 461  info:   No recoil track at ECAL
[ HcalVetoProcessor ] 461  info: There are 65 / 66 HCal hits read out. 65 are not associated with the recoil ele. Total PE of 1542
[ HcalVetoProcessor ] 461  info: HCAL veto passed? false
[ ElectronCounter ] 461  info: Found 1 electrons (tracks) using input collection TriggerPadTracksY_
[ trigger ] 461  info: Got trigger energy cut 3000 for 1 electrons counted in the event.
[ trigger ] 461  info: Got trigger energy sum 3310.09; and decision is pass = false
[ TrigScintDigiVerifier ] 461  info: There are 2 ts digis in this event
[ TrigScintDigiVerifier ] 461  info:  There are 107 sim hits in this event, adding up to a total energy of 66.1243
[ EcalClusterAnalyzer ] 461  info: Avg number of clusters per layer: 1
[ EcalClusterAnalyzer ] 461  info: Number of ECal CLUE clusters: 1, TS counted electrons: 1, SP electrons: 1
[ TruthSeedProcessor ] 463  warn: Propagation to target surface failed — track may have exited the B-field map.
[ Tagger_TrackFinder ] 463  info: Number of TaggerRecoSeeds seed tracks = 1
[ Tagger_TrackFinder ] 463  info: Number of CKF tracks 1
[ Recoil_TrackFinder ] 463  info: Number of RecoilRecoSeeds seed tracks = 0
[ Recoil_TrackFinder ] 463  warn: No seed tracks, returning...
[ TrackerVetoProcessor ] 463  info: Tagger requirements passed for 0 tracks
[ TrackerVetoProcessor ] 463  info: Recoil requirements passed for 0 tracks
[ TrackerVetoProcessor ] 463  info: Tracker veto failed
[ EcalClusterProducer ] 463  info: Using CLUE clustering algorithm
[ CLUE ] 463  info: Starting CLUE clustering with parameters:dc 5, rc 550, delta_c 10, delta_o 40, nbr_of_layers 1, reclustering false
[ EcalVetoProcessor ] 463  info:    Is this event is fiducial in ECAL? false
[ EcalVetoProcessor ] 463  info:  BDT was ran, score is 0.331862
[ EcalVetoProcessor ] 463  info:  The pred > bdtCutVal = false
[ EcalMipTrackingProcessor ] 463  info: Finding linreg tracks from a total of 48 hits using a radius of 35 mm
[ EcalMipTrackingProcessor ] 463  info:  MIP tracking completed; found 10 straight tracks and 0 lin-reg tracks
[ EcalPnetVetoProcessor ] 463  info:   No recoil track at ECAL
[ HcalVetoProcessor ] 463  info: There are 3 / 3 HCal hits read out. 3 are not associated with the recoil ele. Total PE of 16
[ HcalVetoProcessor ] 463  info: HCAL veto passed? false
[ ElectronCounter ] 463  info: Found 0 electrons (tracks) using input collection TriggerPadTracksY_
[ trigger ] 463  info: Got trigger energy cut 0 for 0 electrons counted in the event.
[ trigger ] 463  info: Got trigger energy sum 6808.61; and decision is pass = false
[ TrigScintDigiVerifier ] 463  info: There are 2 ts digis in this event
[ ElectroNuclearDQM ] 463  warn: No EN daughters found, skipping kinematics
[ EcalClusterAnalyzer ] 463  info: Avg number of clusters per layer: 1
[ EcalClusterAnalyzer ] 463  info: Number of ECal CLUE clusters: 1, TS counted electrons: 0, SP electrons: 0
[ biasing::TargetENProcessFilter ] 467  info: Electronuclear reaction resulted in 5 particles via biasWrapper(electronNuclear) process.
[ TruthSeedProcessor ] 467  warn: Propagation to target surface failed — track may have exited the B-field map.
[ Tagger_TrackFinder ] 467  info: Number of TaggerRecoSeeds seed tracks = 1
[ Tagger_TrackFinder ] 467  info: Number of CKF tracks 1
[ Recoil_TrackFinder ] 467  info: Number of RecoilRecoSeeds seed tracks = 92
[ Recoil_TrackFinder ] 467  warn: smoothTrack failed: Did not find a compatible track state
[ Recoil_TrackFinder ] 467  warn: smoothTrack failed: Did not find a compatible track state
[ Recoil_TrackFinder ] 467  warn: smoothTrack failed: Did not find a compatible track state
[ Recoil_TrackFinder ] 467  warn: smoothTrack failed: Did not find a compatible track state
[ Recoil_TrackFinder ] 467  warn: smoothTrack failed: Did not find a compatible track state
[ Recoil_TrackFinder ] 467  warn: smoothTrack failed: Did not find a compatible track state
[ Recoil_TrackFinder ] 467  warn: smoothTrack failed: Did not find a compatible track state
[ Recoil_TrackFinder ] 467  warn: smoothTrack failed: Did not find a compatible track state
[ Recoil_TrackFinder ] 467  warn: smoothTrack failed: Did not find a compatible track state
[ Recoil_TrackFinder ] 467  warn: smoothTrack failed: Did not find a compatible track state
[ Recoil_TrackFinder ] 467  info: Number of CKF tracks 26
[ TrackerVetoProcessor ] 467  info: Tagger requirements passed for 1 tracks
[ TrackerVetoProcessor ] 467  info: Recoil requirements passed for 17 tracks
[ TrackerVetoProcessor ] 467  info: Tracker veto failed
[ EcalClusterProducer ] 467  info: Using CLUE clustering algorithm
[ CLUE ] 467  info: Starting CLUE clustering with parameters:dc 5, rc 550, delta_c 10, delta_o 40, nbr_of_layers 1, reclustering false
[ EcalVetoProcessor ] 467  info:    Is this event is fiducial in ECAL? true
[ EcalVetoProcessor ] 467  info:  BDT was ran, score is 0.000436008
[ EcalVetoProcessor ] 467  info:  The pred > bdtCutVal = false
[ EcalMipTrackingProcessor ] 467  info: Finding linreg tracks from a total of 102 hits using a radius of 35 mm
[ EcalMipTrackingProcessor ] 467  info:  MIP tracking completed; found 11 straight tracks and 0 lin-reg tracks
[ HcalVetoProcessor ] 467  info: There are 17 / 17 HCal hits read out. 17 are not associated with the recoil ele. Total PE of 121
[ HcalVetoProcessor ] 467  info: HCAL veto passed? false
[ ElectronCounter ] 467  info: Found 1 electrons (tracks) using input collection TriggerPadTracksY_
[ trigger ] 467  info: Got trigger energy cut 3000 for 1 electrons counted in the event.
[ trigger ] 467  info: Got trigger energy sum 8625.46; and decision is pass = false
[ TrigScintDigiVerifier ] 467  info: There are 1 ts digis in this event
[ TrigScintDigiVerifier ] 467  info:  There are 127 sim hits in this event, adding up to a total energy of 119.947
[ EcalClusterAnalyzer ] 467  info: Avg number of clusters per layer: 1
[ EcalClusterAnalyzer ] 467  info: Number of ECal CLUE clusters: 1, TS counted electrons: 1, SP electrons: 1
[ biasing::TargetENProcessFilter ] 469  info: Electronuclear reaction resulted in 14 particles via biasWrapper(electronNuclear) process.
[ TruthSeedProcessor ] 469  warn: Propagation to target surface failed — track may have exited the B-field map.
[ Tagger_TrackFinder ] 469  info: Number of TaggerRecoSeeds seed tracks = 1
[ Tagger_TrackFinder ] 469  info: Number of CKF tracks 1
[ Recoil_TrackFinder ] 469  info: Number of RecoilRecoSeeds seed tracks = 1
[ Recoil_TrackFinder ] 469  info: Number of CKF tracks 1
[ TrackerVetoProcessor ] 469  info: Tagger requirements passed for 1 tracks
[ TrackerVetoProcessor ] 469  info: Recoil requirements passed for 1 tracks
[ TrackerVetoProcessor ] 469  info: Tracker veto passed, skim will keep the event
[ EcalClusterProducer ] 469  info: Using CLUE clustering algorithm
[ CLUE ] 469  info: Starting CLUE clustering with parameters:dc 5, rc 550, delta_c 10, delta_o 40, nbr_of_layers 1, reclustering false
[ EcalVetoProcessor ] 469  info:    Is this event is fiducial in ECAL? true
[ EcalVetoProcessor ] 469  info:  BDT was ran, score is 0.698605
[ EcalVetoProcessor ] 469  info:  The pred > bdtCutVal = false
[ EcalMipTrackingProcessor ] 469  info: Finding linreg tracks from a total of 36 hits using a radius of 35 mm
[ EcalMipTrackingProcessor ] 469  info:  MIP tracking completed; found 0 straight tracks and 0 lin-reg tracks
[ HcalVetoProcessor ] 469  info: There are 10 / 10 HCal hits read out. 10 are not associated with the recoil ele. Total PE of 173
[ HcalVetoProcessor ] 469  info: HCAL veto passed? false
[ ElectronCounter ] 469  info: Found 1 electrons (tracks) using input collection TriggerPadTracksY_
[ trigger ] 469  info: Got trigger energy cut 3000 for 1 electrons counted in the event.
[ trigger ] 469  info: Got trigger energy sum 6370.34; and decision is pass = false
[ TrigScintDigiVerifier ] 469  info: There are 2 ts digis in this event
[ TrigScintDigiVerifier ] 469  info:  There are 127 sim hits in this event, adding up to a total energy of 44.2857
[ EcalClusterAnalyzer ] 469  info: Avg number of clusters per layer: 1
[ EcalClusterAnalyzer ] 469  info: Number of ECal CLUE clusters: 1, TS counted electrons: 1, SP electrons: 1
[ biasing::TargetENProcessFilter ] 471  info: Electronuclear reaction resulted in 4 particles via biasWrapper(electronNuclear) process.
[ TruthSeedProcessor ] 471  warn: Propagation to target surface failed — track may have exited the B-field map.
[ Tagger_TrackFinder ] 471  info: Number of TaggerRecoSeeds seed tracks = 1
[ Tagger_TrackFinder ] 471  info: Number of CKF tracks 1
[ Recoil_TrackFinder ] 471  info: Number of RecoilRecoSeeds seed tracks = 21
[ Recoil_TrackFinder ] 471  info: Number of CKF tracks 4
[ TrackerVetoProcessor ] 471  info: Tagger requirements passed for 1 tracks
[ TrackerVetoProcessor ] 471  info: Recoil requirements passed for 2 tracks
[ TrackerVetoProcessor ] 471  info: Tracker veto failed
[ EcalClusterProducer ] 471  info: Using CLUE clustering algorithm
[ CLUE ] 471  info: Starting CLUE clustering with parameters:dc 5, rc 550, delta_c 10, delta_o 40, nbr_of_layers 1, reclustering false
[ EcalVetoProcessor ] 471  info:    Is this event is fiducial in ECAL? true
[ EcalVetoProcessor ] 471  info:  BDT was ran, score is 0.040491
[ EcalVetoProcessor ] 471  info:  The pred > bdtCutVal = false
[ EcalMipTrackingProcessor ] 471  info: Finding linreg tracks from a total of 42 hits using a radius of 35 mm
[ EcalMipTrackingProcessor ] 471  info:  MIP tracking completed; found 1 straight tracks and 0 lin-reg tracks
[ HcalVetoProcessor ] 471  info: There are 25 / 25 HCal hits read out. 25 are not associated with the recoil ele. Total PE of 1278
[ HcalVetoProcessor ] 471  info: HCAL veto passed? false
[ ElectronCounter ] 471  info: Found 1 electrons (tracks) using input collection TriggerPadTracksY_
[ trigger ] 471  info: Got trigger energy cut 3000 for 1 electrons counted in the event.
[ trigger ] 471  info: Got trigger energy sum 5728.22; and decision is pass = false
[ TrigScintDigiVerifier ] 471  info: There are 2 ts digis in this event
[ TrigScintDigiVerifier ] 471  info:  There are 78 sim hits in this event, adding up to a total energy of 45.762
[ EcalClusterAnalyzer ] 471  info: Avg number of clusters per layer: 1
[ EcalClusterAnalyzer ] 471  info: Number of ECal CLUE clusters: 1, TS counted electrons: 1, SP electrons: 1
[ TruthSeedProcessor ] 475  warn: Propagation to target surface failed — track may have exited the B-field map.
[ Tagger_TrackFinder ] 475  info: Number of TaggerRecoSeeds seed tracks = 1
[ Tagger_TrackFinder ] 475  info: Number of CKF tracks 1
[ Recoil_TrackFinder ] 475  info: Number of RecoilRecoSeeds seed tracks = 0
[ Recoil_TrackFinder ] 475  warn: No seed tracks, returning...
[ TrackerVetoProcessor ] 475  info: Tagger requirements passed for 0 tracks
[ TrackerVetoProcessor ] 475  info: Recoil requirements passed for 0 tracks
[ TrackerVetoProcessor ] 475  info: Tracker veto failed
[ EcalClusterProducer ] 475  info: Using CLUE clustering algorithm
[ CLUE ] 475  info: Starting CLUE clustering with parameters:dc 5, rc 550, delta_c 10, delta_o 40, nbr_of_layers 1, reclustering false
[ EcalVetoProcessor ] 475  info:    Is this event is fiducial in ECAL? false
[ EcalVetoProcessor ] 475  info:  BDT was ran, score is 0.0483169
[ EcalVetoProcessor ] 475  info:  The pred > bdtCutVal = false
[ EcalMipTrackingProcessor ] 475  info: Finding linreg tracks from a total of 59 hits using a radius of 35 mm
[ EcalMipTrackingProcessor ] 475  info:  MIP tracking completed; found 11 straight tracks and 0 lin-reg tracks
[ EcalPnetVetoProcessor ] 475  info:   No recoil track at ECAL
[ HcalVetoProcessor ] 475  info: There are 0 / 0 HCal hits read out. 0 are not associated with the recoil ele. Total PE of 0
[ HcalVetoProcessor ] 475  info: HCAL veto passed? true
[ ElectronCounter ] 475  info: Found 0 electrons (tracks) using input collection TriggerPadTracksY_
[ trigger ] 475  info: Got trigger energy cut 0 for 0 electrons counted in the event.
[ trigger ] 475  info: Got trigger energy sum 8684.2; and decision is pass = false
[ TrigScintDigiVerifier ] 475  info: There are 0 ts digis in this event
[ ElectroNuclearDQM ] 475  warn: No EN daughters found, skipping kinematics
[ EcalClusterAnalyzer ] 475  info: Avg number of clusters per layer: 1
[ EcalClusterAnalyzer ] 475  info: Number of ECal CLUE clusters: 1, TS counted electrons: 0, SP electrons: 0
[ biasing::TargetENProcessFilter ] 476  info: Electronuclear reaction resulted in 10 particles via biasWrapper(electronNuclear) process.
[ TruthSeedProcessor ] 476  warn: Propagation to target surface failed — track may have exited the B-field map.
[ Tagger_TrackFinder ] 476  info: Number of TaggerRecoSeeds seed tracks = 1
[ Tagger_TrackFinder ] 476  info: Number of CKF tracks 1
[ Recoil_TrackFinder ] 476  info: Number of RecoilRecoSeeds seed tracks = 33
[ Recoil_TrackFinder ] 476  warn: smoothTrack failed: Did not find a compatible track state
00:45:05    Propagator     WARNING   Field lookup was unsuccessful, this is very likely an error
[ Recoil_TrackFinder ] 476  warn: smoothTrack failed: Did not find a compatible track state
[ Recoil_TrackFinder ] 476  info: Number of CKF tracks 4
[ TrackerVetoProcessor ] 476  info: Tagger requirements passed for 1 tracks
[ TrackerVetoProcessor ] 476  info: Recoil requirements passed for 3 tracks
[ TrackerVetoProcessor ] 476  info: Tracker veto failed
[ EcalClusterProducer ] 476  info: Using CLUE clustering algorithm
[ CLUE ] 476  info: Starting CLUE clustering with parameters:dc 5, rc 550, delta_c 10, delta_o 40, nbr_of_layers 1, reclustering false
[ EcalVetoProcessor ] 476  info:    Is this event is fiducial in ECAL? true
[ EcalVetoProcessor ] 476  info:  BDT was ran, score is 0.00169253
[ EcalVetoProcessor ] 476  info:  The pred > bdtCutVal = false
[ EcalMipTrackingProcessor ] 476  info: Finding linreg tracks from a total of 52 hits using a radius of 35 mm
[ EcalMipTrackingProcessor ] 476  info:  MIP tracking completed; found 13 straight tracks and 0 lin-reg tracks
[ HcalVetoProcessor ] 476  info: There are 37 / 41 HCal hits read out. 37 are not associated with the recoil ele. Total PE of 2681
[ HcalVetoProcessor ] 476  info: HCAL veto passed? false
[ ElectronCounter ] 476  info: Found 1 electrons (tracks) using input collection TriggerPadTracksY_
[ trigger ] 476  info: Got trigger energy cut 3000 for 1 electrons counted in the event.
[ trigger ] 476  info: Got trigger energy sum 3766.03; and decision is pass = false
[ TrigScintDigiVerifier ] 476  info: There are 1 ts digis in this event
[ TrigScintDigiVerifier ] 476  info:  There are 41 sim hits in this event, adding up to a total energy of 34.9067
[ EcalClusterAnalyzer ] 476  info: Avg number of clusters per layer: 0
[ EcalClusterAnalyzer ] 476  info: Number of ECal CLUE clusters: 0, TS counted electrons: 1, SP electrons: 1
[ biasing::TargetENProcessFilter ] 482  info: Electronuclear reaction resulted in 10 particles via biasWrapper(electronNuclear) process.
[ TruthSeedProcessor ] 482  warn: Propagation to target surface failed — track may have exited the B-field map.
[ Tagger_TrackFinder ] 482  info: Number of TaggerRecoSeeds seed tracks = 1
[ Tagger_TrackFinder ] 482  info: Number of CKF tracks 1
[ Recoil_TrackFinder ] 482  info: Number of RecoilRecoSeeds seed tracks = 46
00:45:36    Propagator     WARNING   Field lookup was unsuccessful, this is very likely an error
00:45:36    Propagator     WARNING   Field lookup was unsuccessful, this is very likely an error
00:45:36    Propagator     WARNING   Field lookup was unsuccessful, this is very likely an error
00:45:36    Propagator     WARNING   Field lookup was unsuccessful, this is very likely an error
00:45:36    Propagator     WARNING   Field lookup was unsuccessful, this is very likely an error
00:45:36    Propagator     WARNING   Field lookup was unsuccessful, this is very likely an error
[ Recoil_TrackFinder ] 482  info: Number of CKF tracks 32
[ TrackerVetoProcessor ] 482  info: Tagger requirements passed for 1 tracks
[ TrackerVetoProcessor ] 482  info: Recoil requirements passed for 21 tracks
[ TrackerVetoProcessor ] 482  info: Tracker veto failed
[ EcalClusterProducer ] 482  info: Using CLUE clustering algorithm
[ CLUE ] 482  info: Starting CLUE clustering with parameters:dc 5, rc 550, delta_c 10, delta_o 40, nbr_of_layers 1, reclustering false
[ EcalVetoProcessor ] 482  info:    Is this event is fiducial in ECAL? true
[ EcalVetoProcessor ] 482  info:  BDT was ran, score is 0.076833
[ EcalVetoProcessor ] 482  info:  The pred > bdtCutVal = false
[ EcalMipTrackingProcessor ] 482  info: Finding linreg tracks from a total of 48 hits using a radius of 35 mm
[ EcalMipTrackingProcessor ] 482  info:  MIP tracking completed; found 2 straight tracks and 0 lin-reg tracks
[ HcalVetoProcessor ] 482  info: There are 49 / 49 HCal hits read out. 49 are not associated with the recoil ele. Total PE of 1684
[ HcalVetoProcessor ] 482  info: HCAL veto passed? false
[ ElectronCounter ] 482  info: Found 1 electrons (tracks) using input collection TriggerPadTracksY_
[ trigger ] 482  info: Got trigger energy cut 3000 for 1 electrons counted in the event.
[ trigger ] 482  info: Got trigger energy sum 5103.7; and decision is pass = false
[ TrigScintDigiVerifier ] 482  info: There are 1 ts digis in this event
[ TrigScintDigiVerifier ] 482  info:  There are 83 sim hits in this event, adding up to a total energy of 21.2351
[ EcalClusterAnalyzer ] 482  info: Avg number of clusters per layer: 1
[ EcalClusterAnalyzer ] 482  info: Number of ECal CLUE clusters: 1, TS counted electrons: 1, SP electrons: 1
[ biasing::TargetENProcessFilter ] 483  info: Electronuclear reaction resulted in 10 particles via biasWrapper(electronNuclear) process.
[ TruthSeedProcessor ] 483  warn: Propagation to target surface failed — track may have exited the B-field map.
[ Tagger_TrackFinder ] 483  info: Number of TaggerRecoSeeds seed tracks = 1
[ Tagger_TrackFinder ] 483  info: Number of CKF tracks 1
[ Recoil_TrackFinder ] 483  info: Number of RecoilRecoSeeds seed tracks = 1
[ Recoil_TrackFinder ] 483  info: Number of CKF tracks 1
[ TrackerVetoProcessor ] 483  info: Tagger requirements passed for 1 tracks
[ TrackerVetoProcessor ] 483  info: Recoil requirements passed for 1 tracks
[ TrackerVetoProcessor ] 483  info: Tracker veto passed, skim will keep the event
[ EcalClusterProducer ] 483  info: Using CLUE clustering algorithm
[ CLUE ] 483  info: Starting CLUE clustering with parameters:dc 5, rc 550, delta_c 10, delta_o 40, nbr_of_layers 1, reclustering false
[ EcalVetoProcessor ] 483  info:    Is this event is fiducial in ECAL? true
[ EcalVetoProcessor ] 483  info:  BDT was ran, score is 0.428141
[ EcalVetoProcessor ] 483  info:  The pred > bdtCutVal = false
[ EcalMipTrackingProcessor ] 483  info: Finding linreg tracks from a total of 41 hits using a radius of 35 mm
[ EcalMipTrackingProcessor ] 483  info:  MIP tracking completed; found 1 straight tracks and 0 lin-reg tracks
[ HcalVetoProcessor ] 483  info: There are 9 / 9 HCal hits read out. 9 are not associated with the recoil ele. Total PE of 578
[ HcalVetoProcessor ] 483  info: HCAL veto passed? false
[ ElectronCounter ] 483  info: Found 1 electrons (tracks) using input collection TriggerPadTracksY_
[ trigger ] 483  info: Got trigger energy cut 3000 for 1 electrons counted in the event.
[ trigger ] 483  info: Got trigger energy sum 7480.57; and decision is pass = false
[ TrigScintDigiVerifier ] 483  info: There are 3 ts digis in this event
[ TrigScintDigiVerifier ] 483  info:  There are 82 sim hits in this event, adding up to a total energy of 70.4097
[ EcalClusterAnalyzer ] 483  info: Avg number of clusters per layer: 1
[ EcalClusterAnalyzer ] 483  info: Number of ECal CLUE clusters: 1, TS counted electrons: 1, SP electrons: 1
[ biasing::TargetENProcessFilter ] 484  info: Electronuclear reaction resulted in 5 particles via biasWrapper(electronNuclear) process.
[ TruthSeedProcessor ] 484  warn: Propagation to target surface failed — track may have exited the B-field map.
[ Tagger_TrackFinder ] 484  info: Number of TaggerRecoSeeds seed tracks = 1
[ Tagger_TrackFinder ] 484  info: Number of CKF tracks 1
[ Recoil_TrackFinder ] 484  info: Number of RecoilRecoSeeds seed tracks = 4
[ Recoil_TrackFinder ] 484  info: Number of CKF tracks 1
[ TrackerVetoProcessor ] 484  info: Tagger requirements passed for 1 tracks
[ TrackerVetoProcessor ] 484  info: Recoil requirements passed for 1 tracks
[ TrackerVetoProcessor ] 484  info: Tracker veto passed, skim will keep the event
[ EcalClusterProducer ] 484  info: Using CLUE clustering algorithm
[ CLUE ] 484  info: Starting CLUE clustering with parameters:dc 5, rc 550, delta_c 10, delta_o 40, nbr_of_layers 1, reclustering false
[ EcalVetoProcessor ] 484  info:    Is this event is fiducial in ECAL? true
[ EcalVetoProcessor ] 484  info:  BDT was ran, score is 0.0162982
[ EcalVetoProcessor ] 484  info:  The pred > bdtCutVal = false
[ EcalMipTrackingProcessor ] 484  info: Finding linreg tracks from a total of 52 hits using a radius of 35 mm
[ EcalMipTrackingProcessor ] 484  info:  MIP tracking completed; found 4 straight tracks and 0 lin-reg tracks
[ HcalVetoProcessor ] 484  info: There are 59 / 59 HCal hits read out. 59 are not associated with the recoil ele. Total PE of 1717
[ HcalVetoProcessor ] 484  info: HCAL veto passed? false
[ ElectronCounter ] 484  info: Found 1 electrons (tracks) using input collection TriggerPadTracksY_
[ trigger ] 484  info: Got trigger energy cut 3000 for 1 electrons counted in the event.
[ trigger ] 484  info: Got trigger energy sum 6483.25; and decision is pass = false
[ TrigScintDigiVerifier ] 484  info: There are 1 ts digis in this event
[ TrigScintDigiVerifier ] 484  info:  There are 39 sim hits in this event, adding up to a total energy of 12.7546
[ EcalClusterAnalyzer ] 484  info: Avg number of clusters per layer: 1
[ EcalClusterAnalyzer ] 484  info: Number of ECal CLUE clusters: 1, TS counted electrons: 1, SP electrons: 1
[ biasing::TargetENProcessFilter ] 486  info: Electronuclear reaction resulted in 26 particles via biasWrapper(electronNuclear) process.
[ TruthSeedProcessor ] 486  warn: Propagation to target surface failed — track may have exited the B-field map.
[ Tagger_TrackFinder ] 486  info: Number of TaggerRecoSeeds seed tracks = 1
[ Tagger_TrackFinder ] 486  info: Number of CKF tracks 1
[ Recoil_TrackFinder ] 486  info: Number of RecoilRecoSeeds seed tracks = 2
[ Recoil_TrackFinder ] 486  info: Number of CKF tracks 2
[ TrackerVetoProcessor ] 486  info: Tagger requirements passed for 1 tracks
[ TrackerVetoProcessor ] 486  info: Recoil requirements passed for 1 tracks
[ TrackerVetoProcessor ] 486  info: Tracker veto passed, skim will keep the event
[ EcalClusterProducer ] 486  info: Using CLUE clustering algorithm
[ CLUE ] 486  info: Starting CLUE clustering with parameters:dc 5, rc 550, delta_c 10, delta_o 40, nbr_of_layers 1, reclustering false
[ EcalVetoProcessor ] 486  info:    Is this event is fiducial in ECAL? true
[ EcalVetoProcessor ] 486  info:  BDT was ran, score is 0.945882
[ EcalVetoProcessor ] 486  info:  The pred > bdtCutVal = false
[ EcalMipTrackingProcessor ] 486  info: Finding linreg tracks from a total of 37 hits using a radius of 35 mm
[ EcalMipTrackingProcessor ] 486  info:  MIP tracking completed; found 0 straight tracks and 0 lin-reg tracks
[ HcalVetoProcessor ] 486  info: There are 18 / 19 HCal hits read out. 18 are not associated with the recoil ele. Total PE of 449
[ HcalVetoProcessor ] 486  info: HCAL veto passed? false
[ ElectronCounter ] 486  info: Found 1 electrons (tracks) using input collection TriggerPadTracksY_
[ trigger ] 486  info: Got trigger energy cut 3000 for 1 electrons counted in the event.
[ trigger ] 486  info: Got trigger energy sum 5985.28; and decision is pass = false
[ TrigScintDigiVerifier ] 486  info: There are 1 ts digis in this event
[ TrigScintDigiVerifier ] 486  info:  There are 78 sim hits in this event, adding up to a total energy of 22.0481
[ EcalClusterAnalyzer ] 486  info: Avg number of clusters per layer: 1
[ EcalClusterAnalyzer ] 486  info: Number of ECal CLUE clusters: 1, TS counted electrons: 1, SP electrons: 1
[ biasing::TargetENProcessFilter ] 489  info: Electronuclear reaction resulted in 19 particles via biasWrapper(electronNuclear) process.
[ TruthSeedProcessor ] 489  warn: Propagation to target surface failed — track may have exited the B-field map.
[ Tagger_TrackFinder ] 489  info: Number of TaggerRecoSeeds seed tracks = 1
[ Tagger_TrackFinder ] 489  info: Number of CKF tracks 1
[ Recoil_TrackFinder ] 489  info: Number of RecoilRecoSeeds seed tracks = 5
[ Recoil_TrackFinder ] 489  info: Number of CKF tracks 3
[ TrackerVetoProcessor ] 489  info: Tagger requirements passed for 1 tracks
[ TrackerVetoProcessor ] 489  info: Recoil requirements passed for 1 tracks
[ TrackerVetoProcessor ] 489  info: Tracker veto passed, skim will keep the event
[ EcalClusterProducer ] 489  info: Using CLUE clustering algorithm
[ CLUE ] 489  info: Starting CLUE clustering with parameters:dc 5, rc 550, delta_c 10, delta_o 40, nbr_of_layers 1, reclustering false
[ EcalVetoProcessor ] 489  info:    Is this event is fiducial in ECAL? true
[ EcalVetoProcessor ] 489  info:  BDT was ran, score is 0.933594
[ EcalVetoProcessor ] 489  info:  The pred > bdtCutVal = false
[ EcalMipTrackingProcessor ] 489  info: Finding linreg tracks from a total of 24 hits using a radius of 35 mm
[ EcalMipTrackingProcessor ] 489  info:  MIP tracking completed; found 2 straight tracks and 0 lin-reg tracks
[ HcalVetoProcessor ] 489  info: There are 16 / 17 HCal hits read out. 16 are not associated with the recoil ele. Total PE of 245
[ HcalVetoProcessor ] 489  info: HCAL veto passed? false
[ ElectronCounter ] 489  info: Found 1 electrons (tracks) using input collection TriggerPadTracksY_
[ trigger ] 489  info: Got trigger energy cut 3000 for 1 electrons counted in the event.
[ trigger ] 489  info: Got trigger energy sum 4757.74; and decision is pass = false
[ TrigScintDigiVerifier ] 489  info: There are 2 ts digis in this event
[ TrigScintDigiVerifier ] 489  info:  There are 122 sim hits in this event, adding up to a total energy of 206.009
[ EcalClusterAnalyzer ] 489  info: Avg number of clusters per layer: 1
[ EcalClusterAnalyzer ] 489  info: Number of ECal CLUE clusters: 1, TS counted electrons: 1, SP electrons: 1
[ biasing::TargetENProcessFilter ] 493  info: Electronuclear reaction resulted in 8 particles via biasWrapper(electronNuclear) process.
[ TruthSeedProcessor ] 493  warn: Propagation to target surface failed — track may have exited the B-field map.
[ Tagger_TrackFinder ] 493  info: Number of TaggerRecoSeeds seed tracks = 1
[ Tagger_TrackFinder ] 493  info: Number of CKF tracks 1
[ Recoil_TrackFinder ] 493  info: Number of RecoilRecoSeeds seed tracks = 32
[ Recoil_TrackFinder ] 493  info: Number of CKF tracks 17
[ TrackerVetoProcessor ] 493  info: Tagger requirements passed for 1 tracks
[ TrackerVetoProcessor ] 493  info: Recoil requirements passed for 6 tracks
[ TrackerVetoProcessor ] 493  info: Tracker veto failed
[ EcalClusterProducer ] 493  info: Using CLUE clustering algorithm
[ CLUE ] 493  info: Starting CLUE clustering with parameters:dc 5, rc 550, delta_c 10, delta_o 40, nbr_of_layers 1, reclustering false
[ EcalVetoProcessor ] 493  info:    Is this event is fiducial in ECAL? true
[ EcalVetoProcessor ] 493  info:  BDT was ran, score is 0.131705
[ EcalVetoProcessor ] 493  info:  The pred > bdtCutVal = false
[ EcalMipTrackingProcessor ] 493  info: Finding linreg tracks from a total of 34 hits using a radius of 35 mm
[ EcalMipTrackingProcessor ] 493  info:  MIP tracking completed; found 1 straight tracks and 0 lin-reg tracks
[ HcalVetoProcessor ] 493  info: There are 10 / 10 HCal hits read out. 10 are not associated with the recoil ele. Total PE of 471
[ HcalVetoProcessor ] 493  info: HCAL veto passed? false
[ ElectronCounter ] 493  info: Found 1 electrons (tracks) using input collection TriggerPadTracksY_
[ trigger ] 493  info: Got trigger energy cut 3000 for 1 electrons counted in the event.
[ trigger ] 493  info: Got trigger energy sum 6924.7; and decision is pass = false
[ TrigScintDigiVerifier ] 493  info: There are 1 ts digis in this event
[ TrigScintDigiVerifier ] 493  info:  There are 55 sim hits in this event, adding up to a total energy of 25.7129
[ EcalClusterAnalyzer ] 493  info: Avg number of clusters per layer: 1
[ EcalClusterAnalyzer ] 493  info: Number of ECal CLUE clusters: 1, TS counted electrons: 1, SP electrons: 1
[ biasing::TargetENProcessFilter ] 494  info: Electronuclear reaction resulted in 8 particles via biasWrapper(electronNuclear) process.
[ TruthSeedProcessor ] 494  warn: Propagation to target surface failed — track may have exited the B-field map.
[ Tagger_TrackFinder ] 494  info: Number of TaggerRecoSeeds seed tracks = 1
[ Tagger_TrackFinder ] 494  info: Number of CKF tracks 1
[ Recoil_TrackFinder ] 494  info: Number of RecoilRecoSeeds seed tracks = 5
[ Recoil_TrackFinder ] 494  info: Number of CKF tracks 2
[ TrackerVetoProcessor ] 494  info: Tagger requirements passed for 1 tracks
[ TrackerVetoProcessor ] 494  info: Recoil requirements passed for 2 tracks
[ TrackerVetoProcessor ] 494  info: Tracker veto failed
[ EcalClusterProducer ] 494  info: Using CLUE clustering algorithm
[ CLUE ] 494  info: Starting CLUE clustering with parameters:dc 5, rc 550, delta_c 10, delta_o 40, nbr_of_layers 1, reclustering false
[ EcalVetoProcessor ] 494  info:    Is this event is fiducial in ECAL? true
[ EcalVetoProcessor ] 494  info:  BDT was ran, score is 0.465554
[ EcalVetoProcessor ] 494  info:  The pred > bdtCutVal = false
[ EcalMipTrackingProcessor ] 494  info: Finding linreg tracks from a total of 34 hits using a radius of 35 mm
[ EcalMipTrackingProcessor ] 494  info:  MIP tracking completed; found 3 straight tracks and 0 lin-reg tracks
[ HcalVetoProcessor ] 494  info: There are 18 / 18 HCal hits read out. 18 are not associated with the recoil ele. Total PE of 1507
[ HcalVetoProcessor ] 494  info: HCAL veto passed? false
[ ElectronCounter ] 494  info: Found 0 electrons (tracks) using input collection TriggerPadTracksY_
[ trigger ] 494  info: Got trigger energy cut 0 for 0 electrons counted in the event.
[ trigger ] 494  info: Got trigger energy sum 5789.68; and decision is pass = false
[ TrigScintDigiVerifier ] 494  info: There are 2 ts digis in this event
[ TrigScintDigiVerifier ] 494  info:  There are 113 sim hits in this event, adding up to a total energy of 162.178
[ EcalClusterAnalyzer ] 494  info: Avg number of clusters per layer: 1
[ EcalClusterAnalyzer ] 494  info: Number of ECal CLUE clusters: 1, TS counted electrons: 0, SP electrons: 0
[ biasing::TargetENProcessFilter ] 496  info: Electronuclear reaction resulted in 4 particles via biasWrapper(electronNuclear) process.
[ TruthSeedProcessor ] 496  warn: Propagation to target surface failed — track may have exited the B-field map.
[ Tagger_TrackFinder ] 496  info: Number of TaggerRecoSeeds seed tracks = 1
[ Tagger_TrackFinder ] 496  info: Number of CKF tracks 1
[ Recoil_TrackFinder ] 496  info: Number of RecoilRecoSeeds seed tracks = 25
[ Recoil_TrackFinder ] 496  warn: smoothTrack failed: Did not find a compatible track state
[ Recoil_TrackFinder ] 496  warn: smoothTrack failed: Did not find a compatible track state
00:46:45    Propagator     WARNING   Field lookup was unsuccessful, this is very likely an error
[ Recoil_TrackFinder ] 496  warn: smoothTrack failed: Did not find a compatible track state
00:46:45    Propagator     WARNING   Field lookup was unsuccessful, this is very likely an error
[ Recoil_TrackFinder ] 496  info: Number of CKF tracks 10
[ TrackerVetoProcessor ] 496  info: Tagger requirements passed for 1 tracks
[ TrackerVetoProcessor ] 496  info: Recoil requirements passed for 5 tracks
[ TrackerVetoProcessor ] 496  info: Tracker veto failed
[ EcalClusterProducer ] 496  info: Using CLUE clustering algorithm
[ CLUE ] 496  info: Starting CLUE clustering with parameters:dc 5, rc 550, delta_c 10, delta_o 40, nbr_of_layers 1, reclustering false
[ EcalVetoProcessor ] 496  info:    Is this event is fiducial in ECAL? true
[ EcalVetoProcessor ] 496  info:  BDT was ran, score is 0.135889
[ EcalVetoProcessor ] 496  info:  The pred > bdtCutVal = false
[ EcalMipTrackingProcessor ] 496  info: Finding linreg tracks from a total of 45 hits using a radius of 35 mm
[ EcalMipTrackingProcessor ] 496  info:  MIP tracking completed; found 3 straight tracks and 0 lin-reg tracks
[ HcalVetoProcessor ] 496  info: There are 78 / 81 HCal hits read out. 78 are not associated with the recoil ele. Total PE of 4888
[ HcalVetoProcessor ] 496  info: HCAL veto passed? false
[ ElectronCounter ] 496  info: Found 1 electrons (tracks) using input collection TriggerPadTracksY_
[ trigger ] 496  info: Got trigger energy cut 3000 for 1 electrons counted in the event.
[ trigger ] 496  info: Got trigger energy sum 2222.54; and decision is pass = true
[ TrigScintDigiVerifier ] 496  info: There are 1 ts digis in this event
[ TrigScintDigiVerifier ] 496  info:  There are 198 sim hits in this event, adding up to a total energy of 71.708
[ EcalClusterAnalyzer ] 496  info: Avg number of clusters per layer: 0
[ EcalClusterAnalyzer ] 496  info: Number of ECal CLUE clusters: 0, TS counted electrons: 1, SP electrons: 1
[ biasing::TargetENProcessFilter ] 499  info: Electronuclear reaction resulted in 10 particles via biasWrapper(electronNuclear) process.
[ TruthSeedProcessor ] 499  warn: Propagation to target surface failed — track may have exited the B-field map.
[ Tagger_TrackFinder ] 499  info: Number of TaggerRecoSeeds seed tracks = 1
[ Tagger_TrackFinder ] 499  info: Number of CKF tracks 1
[ Recoil_TrackFinder ] 499  info: Number of RecoilRecoSeeds seed tracks = 76
[ Recoil_TrackFinder ] 499  warn: smoothTrack failed: Did not find a compatible track state
[ Recoil_TrackFinder ] 499  warn: smoothTrack failed: Did not find a compatible track state
[ Recoil_TrackFinder ] 499  warn: smoothTrack failed: Did not find a compatible track state
00:47:03    Propagator     WARNING   Field lookup was unsuccessful, this is very likely an error
[ Recoil_TrackFinder ] 499  warn: smoothTrack failed: Did not find a compatible track state
[ Recoil_TrackFinder ] 499  warn: smoothTrack failed: Did not find a compatible track state
[ Recoil_TrackFinder ] 499  warn: smoothTrack failed: Did not find a compatible track state
00:47:03    Propagator     WARNING   Field lookup was unsuccessful, this is very likely an error
[ Recoil_TrackFinder ] 499  warn: smoothTrack failed: Did not find a compatible track state
[ Recoil_TrackFinder ] 499  warn: smoothTrack failed: Did not find a compatible track state
[ Recoil_TrackFinder ] 499  warn: smoothTrack failed: Did not find a compatible track state
[ Recoil_TrackFinder ] 499  warn: smoothTrack failed: Did not find a compatible track state
[ Recoil_TrackFinder ] 499  warn: smoothTrack failed: Did not find a compatible track state
[ Recoil_TrackFinder ] 499  warn: smoothTrack failed: Did not find a compatible track state
[ Recoil_TrackFinder ] 499  warn: smoothTrack failed: Did not find a compatible track state
[ Recoil_TrackFinder ] 499  warn: smoothTrack failed: Did not find a compatible track state
[ Recoil_TrackFinder ] 499  warn: smoothTrack failed: Did not find a compatible track state
00:47:03    Propagator     WARNING   Field lookup was unsuccessful, this is very likely an error
00:47:03    Propagator     WARNING   Field lookup was unsuccessful, this is very likely an error
[ Recoil_TrackFinder ] 499  info: Number of CKF tracks 11
[ TrackerVetoProcessor ] 499  info: Tagger requirements passed for 1 tracks
[ TrackerVetoProcessor ] 499  info: Recoil requirements passed for 4 tracks
[ TrackerVetoProcessor ] 499  info: Tracker veto failed
[ EcalClusterProducer ] 499  info: Using CLUE clustering algorithm
[ CLUE ] 499  info: Starting CLUE clustering with parameters:dc 5, rc 550, delta_c 10, delta_o 40, nbr_of_layers 1, reclustering false
[ EcalVetoProcessor ] 499  info:    Is this event is fiducial in ECAL? true
[ EcalVetoProcessor ] 499  info:  BDT was ran, score is 7.34329e-05
[ EcalVetoProcessor ] 499  info:  The pred > bdtCutVal = false
[ EcalMipTrackingProcessor ] 499  info: Finding linreg tracks from a total of 65 hits using a radius of 35 mm
[ EcalMipTrackingProcessor ] 499  info:  MIP tracking completed; found 4 straight tracks and 0 lin-reg tracks
[ HcalVetoProcessor ] 499  info: There are 46 / 47 HCal hits read out. 46 are not associated with the recoil ele. Total PE of 1328
[ HcalVetoProcessor ] 499  info: HCAL veto passed? false
[ ElectronCounter ] 499  info: Found 1 electrons (tracks) using input collection TriggerPadTracksY_
[ trigger ] 499  info: Got trigger energy cut 3000 for 1 electrons counted in the event.
[ trigger ] 499  info: Got trigger energy sum 3304.71; and decision is pass = false
[ TrigScintDigiVerifier ] 499  info: There are 3 ts digis in this event
[ TrigScintDigiVerifier ] 499  info:  There are 85 sim hits in this event, adding up to a total energy of 56.9756
[ EcalClusterAnalyzer ] 499  info: Avg number of clusters per layer: 0
[ EcalClusterAnalyzer ] 499  info: Number of ECal CLUE clusters: 0, TS counted electrons: 1, SP electrons: 1
[ biasing::TargetENProcessFilter ] 500  info: Electronuclear reaction resulted in 6 particles via biasWrapper(electronNuclear) process.
[ TruthSeedProcessor ] 500  warn: Propagation to target surface failed — track may have exited the B-field map.
[ Tagger_TrackFinder ] 500  info: Number of TaggerRecoSeeds seed tracks = 1
[ Tagger_TrackFinder ] 500  info: Number of CKF tracks 1
[ Recoil_TrackFinder ] 500  info: Number of RecoilRecoSeeds seed tracks = 6
[ Recoil_TrackFinder ] 500  info: Number of CKF tracks 1
[ TrackerVetoProcessor ] 500  info: Tagger requirements passed for 1 tracks
[ TrackerVetoProcessor ] 500  info: Recoil requirements passed for 1 tracks
[ TrackerVetoProcessor ] 500  info: Tracker veto passed, skim will keep the event
[ EcalClusterProducer ] 500  info: Using CLUE clustering algorithm
[ CLUE ] 500  info: Starting CLUE clustering with parameters:dc 5, rc 550, delta_c 10, delta_o 40, nbr_of_layers 1, reclustering false
[ EcalVetoProcessor ] 500  info:    Is this event is fiducial in ECAL? true
[ EcalVetoProcessor ] 500  info:  BDT was ran, score is 0.0039717
[ EcalVetoProcessor ] 500  info:  The pred > bdtCutVal = false
[ EcalMipTrackingProcessor ] 500  info: Finding linreg tracks from a total of 30 hits using a radius of 35 mm
[ EcalMipTrackingProcessor ] 500  info:  MIP tracking completed; found 2 straight tracks and 0 lin-reg tracks
[ HcalVetoProcessor ] 500  info: There are 31 / 37 HCal hits read out. 31 are not associated with the recoil ele. Total PE of 1305
[ HcalVetoProcessor ] 500  info: HCAL veto passed? false
[ ElectronCounter ] 500  info: Found 1 electrons (tracks) using input collection TriggerPadTracksY_
[ trigger ] 500  info: Got trigger energy cut 3000 for 1 electrons counted in the event.
[ trigger ] 500  info: Got trigger energy sum 4443.05; and decision is pass = false
[ TrigScintDigiVerifier ] 500  info: There are 4 ts digis in this event
[ TrigScintDigiVerifier ] 500  info:  There are 79 sim hits in this event, adding up to a total energy of 61.5061
[ EcalClusterAnalyzer ] 500  info: Avg number of clusters per layer: 1
[ EcalClusterAnalyzer ] 500  info: Number of ECal CLUE clusters: 1, TS counted electrons: 1, SP electrons: 1
[ SimulatorBase ] 500  warn: Started 3808302 events to produce 218 events.
[ SeedTagger ] 500  info: AVG Time/Event: 0.1 ms
[ SeedTagger ] 500  info: Total Seeds/Events: 223/218
[ SeedTagger ] 500  info: Seeds discarded due to multiple hits on layers 0
[ SeedTagger ] 500  info: not enough seed points 0
[ SeedTagger ] 500  info:  nfailpmin=0
[ SeedTagger ] 500  info:    nfailpmax=0
[ SeedTagger ] 500  info:    nfaild0max=0
[ SeedTagger ] 500  info:    nfaild0min=0
[ SeedTagger ] 500  info:    nfailphicut=0
[ SeedTagger ] 500  info:    nfailthetacut=1
[ SeedTagger ] 500  info:    nfailz0max=3
[ Tagger_TrackFinder ] 500  info: --------------------------------- 
[ Tagger_TrackFinder ] 500  info: Found 223 tracks  / 223 nseeds
[ Tagger_TrackFinder ] 500  info: AVG Time/Event: 0.5 ms
[ Tagger_TrackFinder ] 500  info: Breakdown::
[ Tagger_TrackFinder ] 500  info:   setup       Avg Time/Event = 0.002 ms
[ Tagger_TrackFinder ] 500  info:   hits        Avg Time/Event = 0.07 ms
[ Tagger_TrackFinder ] 500  info:   seeds       Avg Time/Event = 0.028 ms
[ Tagger_TrackFinder ] 500  info:   ckf_setup    Avg Time/Event = 0.007 ms
[ Tagger_TrackFinder ] 500  info:   ckf_run     Avg Time/Event = 0.368 ms
[ Tagger_TrackFinder ] 500  info:   result_loop Avg Time/Event = 0.0 ms
[ Tagger_TrackFinder ] 500  info: CKF Fallback Statistics::
[ Tagger_TrackFinder ] 500  info:   Tagger: Field-map CKF failed 0 times, const-B CKF recovered 0 (0%)
[ Tagger_TrackFinder ] 500  info: Extrapolation Fallback Statistics::
[ Tagger_TrackFinder ] 500  info:   Tagger Target: Field-map extrap failed 0 times, const-B extrap recovered 0 (0%)
[ GreedySolverTagger ] 500  info: --------------------------------- 
[ GreedySolverTagger ] 500  info: GAS: 218 output tracks / 223 input tracks
[ GreedySolverTagger ] 500  info: AVG Time/Event: 0.1 ms
[ GreedySolverTagger ] 500  info: AVG tracks in/event:  1.0
[ GreedySolverTagger ] 500  info: AVG tracks out/event: 1.0 (97.8% retained)
[ SeedRecoil ] 500  info: AVG Time/Event: 8.9 ms
[ SeedRecoil ] 500  info: Total Seeds/Events: 11710/218
[ SeedRecoil ] 500  info: Seeds discarded due to multiple hits on layers 0
[ SeedRecoil ] 500  info: not enough seed points 0
[ SeedRecoil ] 500  info:  nfailpmin=380376
[ SeedRecoil ] 500  info:    nfailpmax=5
[ SeedRecoil ] 500  info:    nfaild0max=0
[ SeedRecoil ] 500  info:    nfaild0min=0
[ SeedRecoil ] 500  info:    nfailphicut=0
[ SeedRecoil ] 500  info:    nfailthetacut=0
[ SeedRecoil ] 500  info:    nfailz0max=44510
[ Recoil_TrackFinder ] 500  info: --------------------------------- 
[ Recoil_TrackFinder ] 500  info: Found 3547 tracks  / 11710 nseeds
[ Recoil_TrackFinder ] 500  info: AVG Time/Event: 5.0 ms
[ Recoil_TrackFinder ] 500  info: Breakdown::
[ Recoil_TrackFinder ] 500  info:   setup       Avg Time/Event = 0.001 ms
[ Recoil_TrackFinder ] 500  info:   hits        Avg Time/Event = 0.06 ms
[ Recoil_TrackFinder ] 500  info:   seeds       Avg Time/Event = 0.059 ms
[ Recoil_TrackFinder ] 500  info:   ckf_setup    Avg Time/Event = 0.004 ms
[ Recoil_TrackFinder ] 500  info:   ckf_run     Avg Time/Event = 4.850 ms
[ Recoil_TrackFinder ] 500  info:   result_loop Avg Time/Event = 0.0 ms
[ Recoil_TrackFinder ] 500  info: CKF Fallback Statistics::
[ Recoil_TrackFinder ] 500  info:   Recoil: Field-map CKF failed 8891 times, zero-B CKF recovered 8891 (100%)
[ Recoil_TrackFinder ] 500  info: Extrapolation Fallback Statistics::
[ Recoil_TrackFinder ] 500  info:   Recoil Target: Field-map extrap failed 935 times, zero-B extrap recovered 386 (41.2834%)
[ Recoil_TrackFinder ] 500  info:   Recoil ECAL: Field-map extrap failed 1623 times, zero-B extrap recovered 1623 (100%)
[ GreedySolverRecoil ] 500  info: --------------------------------- 
[ GreedySolverRecoil ] 500  info: GAS: 449 output tracks / 3547 input tracks
[ GreedySolverRecoil ] 500  info: AVG Time/Event: 0.1 ms
[ GreedySolverRecoil ] 500  info: AVG tracks in/event:  16.3
[ GreedySolverRecoil ] 500  info: AVG tracks out/event: 2.1 (12.7% retained)
[ Tagger_GSF ] 500  info: --------------------------------- 
[ Tagger_GSF ] 500  info: GSF: 218 output tracks / 218 input tracks
[ Tagger_GSF ] 500  info: AVG Time/Event: 1.5 ms
[ Tagger_GSF ] 500  info: GSF Fit Failures: 0
[ Tagger_GSF ] 500  info: Extrapolation Failures::
[ Tagger_GSF ] 500  info:   Tagger start: 0 times
[ Tagger_GSF ] 500  info:   Target: 0 times
[ Tagger_GSF ] 500  info: GSF Fallback Statistics (const-B)::
[ Tagger_GSF ] 500  info:   Fit: field-map failed 0 times, fallback recovered 0 (0%)
[ Tagger_GSF ] 500  info:   Tagger start extrap: field-map failed 0 times, fallback recovered 0 (0%)
[ Tagger_GSF ] 500  info:   Target extrap: field-map failed 0 times, fallback recovered 0 (0%)
[ Recoil_GSF ] 500  info: --------------------------------- 
[ Recoil_GSF ] 500  info: GSF: 449 output tracks / 449 input tracks
[ Recoil_GSF ] 500  info: AVG Time/Event: 2.2 ms
[ Recoil_GSF ] 500  info: GSF Fit Failures: 0
[ Recoil_GSF ] 500  info: Extrapolation Failures::
[ Recoil_GSF ] 500  info:   Target: 0 times
[ Recoil_GSF ] 500  info:   ECAL:   0 times
[ Recoil_GSF ] 500  info: GSF Fallback Statistics (zero-B)::
[ Recoil_GSF ] 500  info:   Fit: field-map failed 17 times, fallback recovered 17 (100%)
[ Recoil_GSF ] 500  info:   Target extrap: field-map failed 1 times, fallback recovered 1 (100%)
[ Recoil_GSF ] 500  info:   ECAL extrap: field-map failed 89 times, fallback recovered 89 (100%)
[ EcalVetoProcessor ] 500  info: AVG Time/Event: 0.84 ms
[ EcalVetoProcessor ] 500  info: Breakdown::
[ EcalVetoProcessor ] 500  info: setup                  Avg Time/Event = 0.016 ms
[ EcalVetoProcessor ] 500  info: recoil_electron        Avg Time/Event = 0.008 ms
[ EcalVetoProcessor ] 500  info: trajectories           Avg Time/Event = 0.007 ms
[ EcalVetoProcessor ] 500  info: roc_var                Avg Time/Event = 0.001 ms
[ EcalVetoProcessor ] 500  info: fill_hitmaps           Avg Time/Event = 0.091 ms
[ EcalVetoProcessor ] 500  info: containment_var        Avg Time/Event = 0.003 ms
[ EcalVetoProcessor ] 500  info: mip_tracking_setup     Avg Time/Event = 0.191 ms
[ EcalVetoProcessor ] 500  info: set_variables           Avg Time/Event = 0.011 ms
[ EcalVetoProcessor ] 500  info: bdt_variables           Avg Time/Event = 0.636 ms
[ EcalMipTrackingProcessor ] 500  info: AVG Time/Event: 0.18 ms
[ EcalMipTrackingProcessor ] 500  info: Breakdown::
[ EcalMipTrackingProcessor ] 500  info: straight_tracks        Avg Time/Event = 0.157 ms
[ EcalMipTrackingProcessor ] 500  info: linreg_tracks        Avg Time/Event = 0.021 ms
---- LDMXSW: Event processing complete  --------
