---- LDMXSW: Loading configuration --------
---- LDMXSW: Configuration load complete  --------
---- LDMXSW: Starting event processing --------
[ DetectorConstruction ] 0 debug: Attaching Tagger_TrackerSD to Tagger_active_Sensor_vol
[ DetectorConstruction ] 0 debug: Attaching Recoil_TrackerSD to Recoil_l14_active_Sensor_vol
[ DetectorConstruction ] 0 debug: Attaching Recoil_TrackerSD to Recoil_l56_active_Sensor_vol
[ DetectorConstruction ] 0 debug: Attaching hcal_sd to back_hcal_scintYVolume
[ DetectorConstruction ] 0 debug: Attaching hcal_sd to back_hcal_scintXVolume
[ DetectorConstruction ] 0 debug: Attaching hcal_sd to side_hcal_scintX_0Volume
[ DetectorConstruction ] 0 debug: Attaching hcal_sd to side_hcal_scintY_0Volume
[ DetectorConstruction ] 0 debug: Attaching hcal_sd to side_hcal_scintX_1Volume
[ DetectorConstruction ] 0 debug: Attaching hcal_sd to side_hcal_scintY_1Volume
[ DetectorConstruction ] 0 debug: Attaching hcal_sd to side_hcal_scintX_2Volume
[ DetectorConstruction ] 0 debug: Attaching hcal_sd to side_hcal_scintY_2Volume
[ DetectorConstruction ] 0 debug: Attaching hcal_sd to side_hcal_scintX_3Volume
[ DetectorConstruction ] 0 debug: Attaching hcal_sd to side_hcal_scintY_3Volume
[ DetectorConstruction ] 0 debug: Attaching hcal_sd to side_hcal_scintZXVolume
[ DetectorConstruction ] 0 debug: Attaching hcal_sd to side_hcal_scintZYVolume
[ DetectorConstruction ] 0 debug: Attaching ecal_sd to Si_volume
[ DetectorConstruction ] 0 debug: Attaching trig_scint_Target_sd to target
[ DetectorConstruction ] 0 debug: Attaching trig_scint_Pad1_sd to trigger_pad1_bar_volume
[ DetectorConstruction ] 0 debug: Attaching trig_scint_Pad2_sd to trigger_pad2_bar_volume
[ DetectorConstruction ] 0 debug: Attaching trig_scint_Pad3_sd to trigger_pad3_bar_volume
[ Process ] 0  info: RunHeader { run: 1, numTries: 0, detectorName: ldmx-det-v15-8gev, description: Hcal Muons and Neutrons
  intParameters: 
    Included Scoring Planes = 0
    RandomNumberMasterSeed[test] = 1
    Use Random Seed from Event Header = 0
  floatParameters: 
  stringParameters: 
    Geant4 revision = 
    Gen0 Class = simcore::generators::GeneralParticleSource
    Gen0 Init Cmd 0 = /gps/particle mu-
    Gen0 Init Cmd 1 = /gps/ene/type Lin
    Gen0 Init Cmd 10 = /gps/pos/halfx 500 mm
    Gen0 Init Cmd 11 = /gps/pos/halfy 500 mm
    Gen0 Init Cmd 12 = /gps/source/add 1
    Gen0 Init Cmd 13 = /gps/particle neutron
    Gen0 Init Cmd 14 = /gps/ene/type Lin
    Gen0 Init Cmd 15 = /gps/ene/min 1 GeV
    Gen0 Init Cmd 16 = /gps/ene/max 8 GeV
    Gen0 Init Cmd 17 = /gps/ene/gradient 0.
    Gen0 Init Cmd 18 = /gps/ene/intercept 1.
    Gen0 Init Cmd 19 = /gps/ang/type cos
    Gen0 Init Cmd 2 = /gps/ene/min 1 GeV
    Gen0 Init Cmd 20 = /gps/pos/type Plane
    Gen0 Init Cmd 21 = /gps/pos/shape Square
    Gen0 Init Cmd 22 = /gps/pos/centre 0 0 220. mm
    Gen0 Init Cmd 23 = /gps/pos/halfx 500 mm
    Gen0 Init Cmd 24 = /gps/pos/halfy 500 mm
    Gen0 Init Cmd 25 = /gps/source/multiplevertex True
    Gen0 Init Cmd 3 = /gps/ene/max 8 GeV
    Gen0 Init Cmd 4 = /gps/ene/gradient 0.
    Gen0 Init Cmd 5 = /gps/ene/intercept 1.
    Gen0 Init Cmd 6 = /gps/ang/type cos
    Gen0 Init Cmd 7 = /gps/pos/type Plane
    Gen0 Init Cmd 8 = /gps/pos/shape Square
    Gen0 Init Cmd 9 = /gps/pos/centre 0 0 220. mm
    Pass = test, version = v4.5.0
    SIM revision = 4a8bea4a239595e71a84be80c218481e4622f363
    SIM version = v4.5.0
}
[ EcalGeometry ] 1 debug: Building module map with gap 1.5, nCellRHeight 35,  min/max radii of cell 4.2 / 4.8, and module 85 / 98
[ EcalGeometry ] 1 debug: Building layer map with 32 layers
[ EcalGeometry ] 1 debug: Shifting odd layers by (x,y) = (4.81586, 0) mm
[ RunManager ] 1 debug: Reset the dark brem process (if it was activated)
[ RunManager ] 2 debug: Reset the dark brem process (if it was activated)
[ RunManager ] 3 debug: Reset the dark brem process (if it was activated)
[ RunManager ] 4 debug: Reset the dark brem process (if it was activated)
[ RunManager ] 5 debug: Reset the dark brem process (if it was activated)
[ RunManager ] 6 debug: Reset the dark brem process (if it was activated)
[ RunManager ] 7 debug: Reset the dark brem process (if it was activated)
[ RunManager ] 8 debug: Reset the dark brem process (if it was activated)
[ RunManager ] 9 debug: Reset the dark brem process (if it was activated)
[ RunManager ] 10 debug: Reset the dark brem process (if it was activated)
[ RunManager ] 11 debug: Reset the dark brem process (if it was activated)
[ RunManager ] 12 debug: Reset the dark brem process (if it was activated)
[ RunManager ] 13 debug: Reset the dark brem process (if it was activated)
[ RunManager ] 14 debug: Reset the dark brem process (if it was activated)
[ RunManager ] 15 debug: Reset the dark brem process (if it was activated)
[ RunManager ] 16 debug: Reset the dark brem process (if it was activated)
[ RunManager ] 17 debug: Reset the dark brem process (if it was activated)
[ RunManager ] 18 debug: Reset the dark brem process (if it was activated)
[ RunManager ] 19 debug: Reset the dark brem process (if it was activated)
[ RunManager ] 20 debug: Reset the dark brem process (if it was activated)
[ RunManager ] 21 debug: Reset the dark brem process (if it was activated)
[ RunManager ] 22 debug: Reset the dark brem process (if it was activated)
[ RunManager ] 23 debug: Reset the dark brem process (if it was activated)
[ RunManager ] 24 debug: Reset the dark brem process (if it was activated)
[ RunManager ] 25 debug: Reset the dark brem process (if it was activated)
[ RunManager ] 26 debug: Reset the dark brem process (if it was activated)
[ RunManager ] 27 debug: Reset the dark brem process (if it was activated)
[ RunManager ] 28 debug: Reset the dark brem process (if it was activated)
[ RunManager ] 29 debug: Reset the dark brem process (if it was activated)
[ RunManager ] 30 debug: Reset the dark brem process (if it was activated)
[ RunManager ] 31 debug: Reset the dark brem process (if it was activated)
[ RunManager ] 32 debug: Reset the dark brem process (if it was activated)
[ RunManager ] 33 debug: Reset the dark brem process (if it was activated)
[ RunManager ] 34 debug: Reset the dark brem process (if it was activated)
[ RunManager ] 35 debug: Reset the dark brem process (if it was activated)
[ RunManager ] 36 debug: Reset the dark brem process (if it was activated)
[ RunManager ] 37 debug: Reset the dark brem process (if it was activated)
[ RunManager ] 38 debug: Reset the dark brem process (if it was activated)
[ RunManager ] 39 debug: Reset the dark brem process (if it was activated)
[ RunManager ] 40 debug: Reset the dark brem process (if it was activated)
[ RunManager ] 41 debug: Reset the dark brem process (if it was activated)
[ RunManager ] 42 debug: Reset the dark brem process (if it was activated)
[ RunManager ] 43 debug: Reset the dark brem process (if it was activated)
[ RunManager ] 44 debug: Reset the dark brem process (if it was activated)
[ RunManager ] 45 debug: Reset the dark brem process (if it was activated)
[ RunManager ] 46 debug: Reset the dark brem process (if it was activated)
[ RunManager ] 47 debug: Reset the dark brem process (if it was activated)
[ RunManager ] 48 debug: Reset the dark brem process (if it was activated)
[ RunManager ] 49 debug: Reset the dark brem process (if it was activated)
[ RunManager ] 50 debug: Reset the dark brem process (if it was activated)
[ RunManager ] 51 debug: Reset the dark brem process (if it was activated)
[ RunManager ] 52 debug: Reset the dark brem process (if it was activated)
[ RunManager ] 53 debug: Reset the dark brem process (if it was activated)
[ RunManager ] 54 debug: Reset the dark brem process (if it was activated)
[ RunManager ] 55 debug: Reset the dark brem process (if it was activated)
[ RunManager ] 56 debug: Reset the dark brem process (if it was activated)
[ RunManager ] 57 debug: Reset the dark brem process (if it was activated)
[ RunManager ] 58 debug: Reset the dark brem process (if it was activated)
[ RunManager ] 59 debug: Reset the dark brem process (if it was activated)
[ RunManager ] 60 debug: Reset the dark brem process (if it was activated)
[ RunManager ] 61 debug: Reset the dark brem process (if it was activated)
[ RunManager ] 62 debug: Reset the dark brem process (if it was activated)
[ RunManager ] 63 debug: Reset the dark brem process (if it was activated)
[ RunManager ] 64 debug: Reset the dark brem process (if it was activated)
[ RunManager ] 65 debug: Reset the dark brem process (if it was activated)
[ RunManager ] 66 debug: Reset the dark brem process (if it was activated)
[ RunManager ] 67 debug: Reset the dark brem process (if it was activated)
[ RunManager ] 68 debug: Reset the dark brem process (if it was activated)
[ RunManager ] 69 debug: Reset the dark brem process (if it was activated)
[ RunManager ] 70 debug: Reset the dark brem process (if it was activated)
[ RunManager ] 71 debug: Reset the dark brem process (if it was activated)
[ RunManager ] 72 debug: Reset the dark brem process (if it was activated)
[ RunManager ] 73 debug: Reset the dark brem process (if it was activated)
[ RunManager ] 74 debug: Reset the dark brem process (if it was activated)
[ RunManager ] 75 debug: Reset the dark brem process (if it was activated)
[ RunManager ] 76 debug: Reset the dark brem process (if it was activated)
[ RunManager ] 77 debug: Reset the dark brem process (if it was activated)
[ RunManager ] 78 debug: Reset the dark brem process (if it was activated)
[ RunManager ] 79 debug: Reset the dark brem process (if it was activated)
[ RunManager ] 80 debug: Reset the dark brem process (if it was activated)
[ RunManager ] 81 debug: Reset the dark brem process (if it was activated)
[ RunManager ] 82 debug: Reset the dark brem process (if it was activated)
[ RunManager ] 83 debug: Reset the dark brem process (if it was activated)
[ RunManager ] 84 debug: Reset the dark brem process (if it was activated)
[ RunManager ] 85 debug: Reset the dark brem process (if it was activated)
[ RunManager ] 86 debug: Reset the dark brem process (if it was activated)
[ RunManager ] 87 debug: Reset the dark brem process (if it was activated)
[ RunManager ] 88 debug: Reset the dark brem process (if it was activated)
[ RunManager ] 89 debug: Reset the dark brem process (if it was activated)
[ RunManager ] 90 debug: Reset the dark brem process (if it was activated)
[ RunManager ] 91 debug: Reset the dark brem process (if it was activated)
[ RunManager ] 92 debug: Reset the dark brem process (if it was activated)
[ RunManager ] 93 debug: Reset the dark brem process (if it was activated)
[ RunManager ] 94 debug: Reset the dark brem process (if it was activated)
[ RunManager ] 95 debug: Reset the dark brem process (if it was activated)
[ RunManager ] 96 debug: Reset the dark brem process (if it was activated)
[ RunManager ] 97 debug: Reset the dark brem process (if it was activated)
[ RunManager ] 98 debug: Reset the dark brem process (if it was activated)
[ RunManager ] 99 debug: Reset the dark brem process (if it was activated)
[ RunManager ] 100 debug: Reset the dark brem process (if it was activated)
[ RunManager ] 101 debug: Reset the dark brem process (if it was activated)
[ RunManager ] 102 debug: Reset the dark brem process (if it was activated)
[ RunManager ] 103 debug: Reset the dark brem process (if it was activated)
[ RunManager ] 104 debug: Reset the dark brem process (if it was activated)
[ RunManager ] 105 debug: Reset the dark brem process (if it was activated)
[ RunManager ] 106 debug: Reset the dark brem process (if it was activated)
[ RunManager ] 107 debug: Reset the dark brem process (if it was activated)
[ RunManager ] 108 debug: Reset the dark brem process (if it was activated)
[ RunManager ] 109 debug: Reset the dark brem process (if it was activated)
[ RunManager ] 110 debug: Reset the dark brem process (if it was activated)
[ RunManager ] 111 debug: Reset the dark brem process (if it was activated)
[ RunManager ] 112 debug: Reset the dark brem process (if it was activated)
[ RunManager ] 113 debug: Reset the dark brem process (if it was activated)
[ RunManager ] 114 debug: Reset the dark brem process (if it was activated)
[ RunManager ] 115 debug: Reset the dark brem process (if it was activated)
[ RunManager ] 116 debug: Reset the dark brem process (if it was activated)
[ RunManager ] 117 debug: Reset the dark brem process (if it was activated)
[ RunManager ] 118 debug: Reset the dark brem process (if it was activated)
[ RunManager ] 119 debug: Reset the dark brem process (if it was activated)
[ RunManager ] 120 debug: Reset the dark brem process (if it was activated)
[ RunManager ] 121 debug: Reset the dark brem process (if it was activated)
[ RunManager ] 122 debug: Reset the dark brem process (if it was activated)
[ RunManager ] 123 debug: Reset the dark brem process (if it was activated)
[ RunManager ] 124 debug: Reset the dark brem process (if it was activated)
[ RunManager ] 125 debug: Reset the dark brem process (if it was activated)
[ RunManager ] 126 debug: Reset the dark brem process (if it was activated)
[ RunManager ] 127 debug: Reset the dark brem process (if it was activated)
[ RunManager ] 128 debug: Reset the dark brem process (if it was activated)
[ RunManager ] 129 debug: Reset the dark brem process (if it was activated)
[ RunManager ] 130 debug: Reset the dark brem process (if it was activated)
[ RunManager ] 131 debug: Reset the dark brem process (if it was activated)
[ RunManager ] 132 debug: Reset the dark brem process (if it was activated)
[ RunManager ] 133 debug: Reset the dark brem process (if it was activated)
[ RunManager ] 134 debug: Reset the dark brem process (if it was activated)
[ RunManager ] 135 debug: Reset the dark brem process (if it was activated)
[ RunManager ] 136 debug: Reset the dark brem process (if it was activated)
[ RunManager ] 137 debug: Reset the dark brem process (if it was activated)
[ RunManager ] 138 debug: Reset the dark brem process (if it was activated)
[ RunManager ] 139 debug: Reset the dark brem process (if it was activated)
[ RunManager ] 140 debug: Reset the dark brem process (if it was activated)
[ RunManager ] 141 debug: Reset the dark brem process (if it was activated)
[ RunManager ] 142 debug: Reset the dark brem process (if it was activated)
[ RunManager ] 143 debug: Reset the dark brem process (if it was activated)
[ RunManager ] 144 debug: Reset the dark brem process (if it was activated)
[ RunManager ] 145 debug: Reset the dark brem process (if it was activated)
[ RunManager ] 146 debug: Reset the dark brem process (if it was activated)
[ RunManager ] 147 debug: Reset the dark brem process (if it was activated)
[ RunManager ] 148 debug: Reset the dark brem process (if it was activated)
[ RunManager ] 149 debug: Reset the dark brem process (if it was activated)
[ RunManager ] 150 debug: Reset the dark brem process (if it was activated)
[ RunManager ] 151 debug: Reset the dark brem process (if it was activated)
[ RunManager ] 152 debug: Reset the dark brem process (if it was activated)
[ RunManager ] 153 debug: Reset the dark brem process (if it was activated)
[ RunManager ] 154 debug: Reset the dark brem process (if it was activated)
[ RunManager ] 155 debug: Reset the dark brem process (if it was activated)
[ RunManager ] 156 debug: Reset the dark brem process (if it was activated)
[ RunManager ] 157 debug: Reset the dark brem process (if it was activated)
[ RunManager ] 158 debug: Reset the dark brem process (if it was activated)
[ RunManager ] 159 debug: Reset the dark brem process (if it was activated)
[ RunManager ] 160 debug: Reset the dark brem process (if it was activated)
[ RunManager ] 161 debug: Reset the dark brem process (if it was activated)
[ RunManager ] 162 debug: Reset the dark brem process (if it was activated)
[ RunManager ] 163 debug: Reset the dark brem process (if it was activated)
[ RunManager ] 164 debug: Reset the dark brem process (if it was activated)
[ RunManager ] 165 debug: Reset the dark brem process (if it was activated)
[ RunManager ] 166 debug: Reset the dark brem process (if it was activated)
[ RunManager ] 167 debug: Reset the dark brem process (if it was activated)
[ RunManager ] 168 debug: Reset the dark brem process (if it was activated)
[ RunManager ] 169 debug: Reset the dark brem process (if it was activated)
[ RunManager ] 170 debug: Reset the dark brem process (if it was activated)
[ RunManager ] 171 debug: Reset the dark brem process (if it was activated)
[ RunManager ] 172 debug: Reset the dark brem process (if it was activated)
[ RunManager ] 173 debug: Reset the dark brem process (if it was activated)
[ RunManager ] 174 debug: Reset the dark brem process (if it was activated)
[ RunManager ] 175 debug: Reset the dark brem process (if it was activated)
[ RunManager ] 176 debug: Reset the dark brem process (if it was activated)
[ RunManager ] 177 debug: Reset the dark brem process (if it was activated)
[ RunManager ] 178 debug: Reset the dark brem process (if it was activated)
[ RunManager ] 179 debug: Reset the dark brem process (if it was activated)
[ RunManager ] 180 debug: Reset the dark brem process (if it was activated)
[ RunManager ] 181 debug: Reset the dark brem process (if it was activated)
[ RunManager ] 182 debug: Reset the dark brem process (if it was activated)
[ RunManager ] 183 debug: Reset the dark brem process (if it was activated)
[ RunManager ] 184 debug: Reset the dark brem process (if it was activated)
[ RunManager ] 185 debug: Reset the dark brem process (if it was activated)
[ RunManager ] 186 debug: Reset the dark brem process (if it was activated)
[ RunManager ] 187 debug: Reset the dark brem process (if it was activated)
[ RunManager ] 188 debug: Reset the dark brem process (if it was activated)
[ RunManager ] 189 debug: Reset the dark brem process (if it was activated)
[ RunManager ] 190 debug: Reset the dark brem process (if it was activated)
[ RunManager ] 191 debug: Reset the dark brem process (if it was activated)
[ RunManager ] 192 debug: Reset the dark brem process (if it was activated)
[ RunManager ] 193 debug: Reset the dark brem process (if it was activated)
[ RunManager ] 194 debug: Reset the dark brem process (if it was activated)
[ RunManager ] 195 debug: Reset the dark brem process (if it was activated)
[ RunManager ] 196 debug: Reset the dark brem process (if it was activated)
[ RunManager ] 197 debug: Reset the dark brem process (if it was activated)
[ RunManager ] 198 debug: Reset the dark brem process (if it was activated)
[ RunManager ] 199 debug: Reset the dark brem process (if it was activated)
[ RunManager ] 200 debug: Reset the dark brem process (if it was activated)
[ RunManager ] 201 debug: Reset the dark brem process (if it was activated)
[ RunManager ] 202 debug: Reset the dark brem process (if it was activated)
[ RunManager ] 203 debug: Reset the dark brem process (if it was activated)
[ RunManager ] 204 debug: Reset the dark brem process (if it was activated)
[ RunManager ] 205 debug: Reset the dark brem process (if it was activated)
[ RunManager ] 206 debug: Reset the dark brem process (if it was activated)
[ RunManager ] 207 debug: Reset the dark brem process (if it was activated)
[ RunManager ] 208 debug: Reset the dark brem process (if it was activated)
[ RunManager ] 209 debug: Reset the dark brem process (if it was activated)
[ RunManager ] 210 debug: Reset the dark brem process (if it was activated)
[ RunManager ] 211 debug: Reset the dark brem process (if it was activated)
[ RunManager ] 212 debug: Reset the dark brem process (if it was activated)
[ RunManager ] 213 debug: Reset the dark brem process (if it was activated)
[ RunManager ] 214 debug: Reset the dark brem process (if it was activated)
[ RunManager ] 215 debug: Reset the dark brem process (if it was activated)
[ RunManager ] 216 debug: Reset the dark brem process (if it was activated)
[ RunManager ] 217 debug: Reset the dark brem process (if it was activated)
[ RunManager ] 218 debug: Reset the dark brem process (if it was activated)
[ RunManager ] 219 debug: Reset the dark brem process (if it was activated)
[ RunManager ] 220 debug: Reset the dark brem process (if it was activated)
[ RunManager ] 221 debug: Reset the dark brem process (if it was activated)
[ RunManager ] 222 debug: Reset the dark brem process (if it was activated)
[ RunManager ] 223 debug: Reset the dark brem process (if it was activated)
[ RunManager ] 224 debug: Reset the dark brem process (if it was activated)
[ RunManager ] 225 debug: Reset the dark brem process (if it was activated)
[ RunManager ] 226 debug: Reset the dark brem process (if it was activated)
[ RunManager ] 227 debug: Reset the dark brem process (if it was activated)
[ RunManager ] 228 debug: Reset the dark brem process (if it was activated)
[ RunManager ] 229 debug: Reset the dark brem process (if it was activated)
[ RunManager ] 230 debug: Reset the dark brem process (if it was activated)
[ RunManager ] 231 debug: Reset the dark brem process (if it was activated)
[ RunManager ] 232 debug: Reset the dark brem process (if it was activated)
[ RunManager ] 233 debug: Reset the dark brem process (if it was activated)
[ RunManager ] 234 debug: Reset the dark brem process (if it was activated)
[ RunManager ] 235 debug: Reset the dark brem process (if it was activated)
[ RunManager ] 236 debug: Reset the dark brem process (if it was activated)
[ RunManager ] 237 debug: Reset the dark brem process (if it was activated)
[ RunManager ] 238 debug: Reset the dark brem process (if it was activated)
[ RunManager ] 239 debug: Reset the dark brem process (if it was activated)
[ RunManager ] 240 debug: Reset the dark brem process (if it was activated)
[ RunManager ] 241 debug: Reset the dark brem process (if it was activated)
[ RunManager ] 242 debug: Reset the dark brem process (if it was activated)
[ RunManager ] 243 debug: Reset the dark brem process (if it was activated)
[ RunManager ] 244 debug: Reset the dark brem process (if it was activated)
[ RunManager ] 245 debug: Reset the dark brem process (if it was activated)
[ RunManager ] 246 debug: Reset the dark brem process (if it was activated)
[ RunManager ] 247 debug: Reset the dark brem process (if it was activated)
[ RunManager ] 248 debug: Reset the dark brem process (if it was activated)
[ RunManager ] 249 debug: Reset the dark brem process (if it was activated)
[ RunManager ] 250 debug: Reset the dark brem process (if it was activated)
[ RunManager ] 251 debug: Reset the dark brem process (if it was activated)
[ RunManager ] 252 debug: Reset the dark brem process (if it was activated)
[ RunManager ] 253 debug: Reset the dark brem process (if it was activated)
[ RunManager ] 254 debug: Reset the dark brem process (if it was activated)
[ RunManager ] 255 debug: Reset the dark brem process (if it was activated)
[ RunManager ] 256 debug: Reset the dark brem process (if it was activated)
[ RunManager ] 257 debug: Reset the dark brem process (if it was activated)
[ RunManager ] 258 debug: Reset the dark brem process (if it was activated)
[ RunManager ] 259 debug: Reset the dark brem process (if it was activated)
[ RunManager ] 260 debug: Reset the dark brem process (if it was activated)
[ RunManager ] 261 debug: Reset the dark brem process (if it was activated)
[ RunManager ] 262 debug: Reset the dark brem process (if it was activated)
[ RunManager ] 263 debug: Reset the dark brem process (if it was activated)
[ RunManager ] 264 debug: Reset the dark brem process (if it was activated)
[ RunManager ] 265 debug: Reset the dark brem process (if it was activated)
[ RunManager ] 266 debug: Reset the dark brem process (if it was activated)
[ RunManager ] 267 debug: Reset the dark brem process (if it was activated)
[ RunManager ] 268 debug: Reset the dark brem process (if it was activated)
[ RunManager ] 269 debug: Reset the dark brem process (if it was activated)
[ RunManager ] 270 debug: Reset the dark brem process (if it was activated)
[ RunManager ] 271 debug: Reset the dark brem process (if it was activated)
[ RunManager ] 272 debug: Reset the dark brem process (if it was activated)
[ RunManager ] 273 debug: Reset the dark brem process (if it was activated)
[ RunManager ] 274 debug: Reset the dark brem process (if it was activated)
[ RunManager ] 275 debug: Reset the dark brem process (if it was activated)
[ RunManager ] 276 debug: Reset the dark brem process (if it was activated)
[ RunManager ] 277 debug: Reset the dark brem process (if it was activated)
[ RunManager ] 278 debug: Reset the dark brem process (if it was activated)
[ RunManager ] 279 debug: Reset the dark brem process (if it was activated)
[ RunManager ] 280 debug: Reset the dark brem process (if it was activated)
[ RunManager ] 281 debug: Reset the dark brem process (if it was activated)
[ RunManager ] 282 debug: Reset the dark brem process (if it was activated)
[ RunManager ] 283 debug: Reset the dark brem process (if it was activated)
[ RunManager ] 284 debug: Reset the dark brem process (if it was activated)
[ RunManager ] 285 debug: Reset the dark brem process (if it was activated)
[ RunManager ] 286 debug: Reset the dark brem process (if it was activated)
[ RunManager ] 287 debug: Reset the dark brem process (if it was activated)
[ RunManager ] 288 debug: Reset the dark brem process (if it was activated)
[ RunManager ] 289 debug: Reset the dark brem process (if it was activated)
[ RunManager ] 290 debug: Reset the dark brem process (if it was activated)
[ RunManager ] 291 debug: Reset the dark brem process (if it was activated)
[ RunManager ] 292 debug: Reset the dark brem process (if it was activated)
[ RunManager ] 293 debug: Reset the dark brem process (if it was activated)
[ RunManager ] 294 debug: Reset the dark brem process (if it was activated)
[ RunManager ] 295 debug: Reset the dark brem process (if it was activated)
[ RunManager ] 296 debug: Reset the dark brem process (if it was activated)
[ RunManager ] 297 debug: Reset the dark brem process (if it was activated)
[ RunManager ] 298 debug: Reset the dark brem process (if it was activated)
[ RunManager ] 299 debug: Reset the dark brem process (if it was activated)
[ RunManager ] 300 debug: Reset the dark brem process (if it was activated)
[ RunManager ] 301 debug: Reset the dark brem process (if it was activated)
[ RunManager ] 302 debug: Reset the dark brem process (if it was activated)
[ RunManager ] 303 debug: Reset the dark brem process (if it was activated)
[ RunManager ] 304 debug: Reset the dark brem process (if it was activated)
[ RunManager ] 305 debug: Reset the dark brem process (if it was activated)
[ RunManager ] 306 debug: Reset the dark brem process (if it was activated)
[ RunManager ] 307 debug: Reset the dark brem process (if it was activated)
[ RunManager ] 308 debug: Reset the dark brem process (if it was activated)
[ RunManager ] 309 debug: Reset the dark brem process (if it was activated)
[ RunManager ] 310 debug: Reset the dark brem process (if it was activated)
[ RunManager ] 311 debug: Reset the dark brem process (if it was activated)
[ RunManager ] 312 debug: Reset the dark brem process (if it was activated)
[ RunManager ] 313 debug: Reset the dark brem process (if it was activated)
[ RunManager ] 314 debug: Reset the dark brem process (if it was activated)
[ RunManager ] 315 debug: Reset the dark brem process (if it was activated)
[ RunManager ] 316 debug: Reset the dark brem process (if it was activated)
[ RunManager ] 317 debug: Reset the dark brem process (if it was activated)
[ RunManager ] 318 debug: Reset the dark brem process (if it was activated)
[ RunManager ] 319 debug: Reset the dark brem process (if it was activated)
[ RunManager ] 320 debug: Reset the dark brem process (if it was activated)
[ RunManager ] 321 debug: Reset the dark brem process (if it was activated)
[ RunManager ] 322 debug: Reset the dark brem process (if it was activated)
[ RunManager ] 323 debug: Reset the dark brem process (if it was activated)
[ RunManager ] 324 debug: Reset the dark brem process (if it was activated)
[ RunManager ] 325 debug: Reset the dark brem process (if it was activated)
[ RunManager ] 326 debug: Reset the dark brem process (if it was activated)
[ RunManager ] 327 debug: Reset the dark brem process (if it was activated)
[ RunManager ] 328 debug: Reset the dark brem process (if it was activated)
[ RunManager ] 329 debug: Reset the dark brem process (if it was activated)
[ RunManager ] 330 debug: Reset the dark brem process (if it was activated)
[ RunManager ] 331 debug: Reset the dark brem process (if it was activated)
[ RunManager ] 332 debug: Reset the dark brem process (if it was activated)
[ RunManager ] 333 debug: Reset the dark brem process (if it was activated)
[ RunManager ] 334 debug: Reset the dark brem process (if it was activated)
[ RunManager ] 335 debug: Reset the dark brem process (if it was activated)
[ RunManager ] 336 debug: Reset the dark brem process (if it was activated)
[ RunManager ] 337 debug: Reset the dark brem process (if it was activated)
[ RunManager ] 338 debug: Reset the dark brem process (if it was activated)
[ RunManager ] 339 debug: Reset the dark brem process (if it was activated)
[ RunManager ] 340 debug: Reset the dark brem process (if it was activated)
[ RunManager ] 341 debug: Reset the dark brem process (if it was activated)
[ RunManager ] 342 debug: Reset the dark brem process (if it was activated)
[ RunManager ] 343 debug: Reset the dark brem process (if it was activated)
[ RunManager ] 344 debug: Reset the dark brem process (if it was activated)
[ RunManager ] 345 debug: Reset the dark brem process (if it was activated)
[ RunManager ] 346 debug: Reset the dark brem process (if it was activated)
[ RunManager ] 347 debug: Reset the dark brem process (if it was activated)
[ RunManager ] 348 debug: Reset the dark brem process (if it was activated)
[ RunManager ] 349 debug: Reset the dark brem process (if it was activated)
[ RunManager ] 350 debug: Reset the dark brem process (if it was activated)
[ RunManager ] 351 debug: Reset the dark brem process (if it was activated)
[ RunManager ] 352 debug: Reset the dark brem process (if it was activated)
[ RunManager ] 353 debug: Reset the dark brem process (if it was activated)
[ RunManager ] 354 debug: Reset the dark brem process (if it was activated)
[ RunManager ] 355 debug: Reset the dark brem process (if it was activated)
[ RunManager ] 356 debug: Reset the dark brem process (if it was activated)
[ RunManager ] 357 debug: Reset the dark brem process (if it was activated)
[ RunManager ] 358 debug: Reset the dark brem process (if it was activated)
[ RunManager ] 359 debug: Reset the dark brem process (if it was activated)
[ RunManager ] 360 debug: Reset the dark brem process (if it was activated)
[ RunManager ] 361 debug: Reset the dark brem process (if it was activated)
[ RunManager ] 362 debug: Reset the dark brem process (if it was activated)
[ RunManager ] 363 debug: Reset the dark brem process (if it was activated)
[ RunManager ] 364 debug: Reset the dark brem process (if it was activated)
[ RunManager ] 365 debug: Reset the dark brem process (if it was activated)
[ RunManager ] 366 debug: Reset the dark brem process (if it was activated)
[ RunManager ] 367 debug: Reset the dark brem process (if it was activated)
[ RunManager ] 368 debug: Reset the dark brem process (if it was activated)
[ RunManager ] 369 debug: Reset the dark brem process (if it was activated)
[ RunManager ] 370 debug: Reset the dark brem process (if it was activated)
[ RunManager ] 371 debug: Reset the dark brem process (if it was activated)
[ RunManager ] 372 debug: Reset the dark brem process (if it was activated)
[ RunManager ] 373 debug: Reset the dark brem process (if it was activated)
[ RunManager ] 374 debug: Reset the dark brem process (if it was activated)
[ RunManager ] 375 debug: Reset the dark brem process (if it was activated)
[ RunManager ] 376 debug: Reset the dark brem process (if it was activated)
[ RunManager ] 377 debug: Reset the dark brem process (if it was activated)
[ RunManager ] 378 debug: Reset the dark brem process (if it was activated)
[ RunManager ] 379 debug: Reset the dark brem process (if it was activated)
[ RunManager ] 380 debug: Reset the dark brem process (if it was activated)
[ RunManager ] 381 debug: Reset the dark brem process (if it was activated)
[ RunManager ] 382 debug: Reset the dark brem process (if it was activated)
[ RunManager ] 383 debug: Reset the dark brem process (if it was activated)
[ RunManager ] 384 debug: Reset the dark brem process (if it was activated)
[ RunManager ] 385 debug: Reset the dark brem process (if it was activated)
[ RunManager ] 386 debug: Reset the dark brem process (if it was activated)
[ RunManager ] 387 debug: Reset the dark brem process (if it was activated)
[ RunManager ] 388 debug: Reset the dark brem process (if it was activated)
[ RunManager ] 389 debug: Reset the dark brem process (if it was activated)
[ RunManager ] 390 debug: Reset the dark brem process (if it was activated)
[ RunManager ] 391 debug: Reset the dark brem process (if it was activated)
[ RunManager ] 392 debug: Reset the dark brem process (if it was activated)
[ RunManager ] 393 debug: Reset the dark brem process (if it was activated)
[ RunManager ] 394 debug: Reset the dark brem process (if it was activated)
[ RunManager ] 395 debug: Reset the dark brem process (if it was activated)
[ RunManager ] 396 debug: Reset the dark brem process (if it was activated)
[ RunManager ] 397 debug: Reset the dark brem process (if it was activated)
[ RunManager ] 398 debug: Reset the dark brem process (if it was activated)
[ RunManager ] 399 debug: Reset the dark brem process (if it was activated)
[ RunManager ] 400 debug: Reset the dark brem process (if it was activated)
[ RunManager ] 401 debug: Reset the dark brem process (if it was activated)
[ RunManager ] 402 debug: Reset the dark brem process (if it was activated)
[ RunManager ] 403 debug: Reset the dark brem process (if it was activated)
[ RunManager ] 404 debug: Reset the dark brem process (if it was activated)
[ RunManager ] 405 debug: Reset the dark brem process (if it was activated)
[ RunManager ] 406 debug: Reset the dark brem process (if it was activated)
[ RunManager ] 407 debug: Reset the dark brem process (if it was activated)
[ RunManager ] 408 debug: Reset the dark brem process (if it was activated)
[ RunManager ] 409 debug: Reset the dark brem process (if it was activated)
[ RunManager ] 410 debug: Reset the dark brem process (if it was activated)
[ RunManager ] 411 debug: Reset the dark brem process (if it was activated)
[ RunManager ] 412 debug: Reset the dark brem process (if it was activated)
[ RunManager ] 413 debug: Reset the dark brem process (if it was activated)
[ RunManager ] 414 debug: Reset the dark brem process (if it was activated)
[ RunManager ] 415 debug: Reset the dark brem process (if it was activated)
[ RunManager ] 416 debug: Reset the dark brem process (if it was activated)
[ RunManager ] 417 debug: Reset the dark brem process (if it was activated)
[ RunManager ] 418 debug: Reset the dark brem process (if it was activated)
[ RunManager ] 419 debug: Reset the dark brem process (if it was activated)
[ RunManager ] 420 debug: Reset the dark brem process (if it was activated)
[ RunManager ] 421 debug: Reset the dark brem process (if it was activated)
[ RunManager ] 422 debug: Reset the dark brem process (if it was activated)
[ RunManager ] 423 debug: Reset the dark brem process (if it was activated)
[ RunManager ] 424 debug: Reset the dark brem process (if it was activated)
[ RunManager ] 425 debug: Reset the dark brem process (if it was activated)
[ RunManager ] 426 debug: Reset the dark brem process (if it was activated)
[ RunManager ] 427 debug: Reset the dark brem process (if it was activated)
[ RunManager ] 428 debug: Reset the dark brem process (if it was activated)
[ RunManager ] 429 debug: Reset the dark brem process (if it was activated)
[ RunManager ] 430 debug: Reset the dark brem process (if it was activated)
[ RunManager ] 431 debug: Reset the dark brem process (if it was activated)
[ RunManager ] 432 debug: Reset the dark brem process (if it was activated)
[ RunManager ] 433 debug: Reset the dark brem process (if it was activated)
[ RunManager ] 434 debug: Reset the dark brem process (if it was activated)
[ RunManager ] 435 debug: Reset the dark brem process (if it was activated)
[ RunManager ] 436 debug: Reset the dark brem process (if it was activated)
[ RunManager ] 437 debug: Reset the dark brem process (if it was activated)
[ RunManager ] 438 debug: Reset the dark brem process (if it was activated)
[ RunManager ] 439 debug: Reset the dark brem process (if it was activated)
[ RunManager ] 440 debug: Reset the dark brem process (if it was activated)
[ RunManager ] 441 debug: Reset the dark brem process (if it was activated)
[ RunManager ] 442 debug: Reset the dark brem process (if it was activated)
[ RunManager ] 443 debug: Reset the dark brem process (if it was activated)
[ RunManager ] 444 debug: Reset the dark brem process (if it was activated)
[ RunManager ] 445 debug: Reset the dark brem process (if it was activated)
[ RunManager ] 446 debug: Reset the dark brem process (if it was activated)
[ RunManager ] 447 debug: Reset the dark brem process (if it was activated)
[ RunManager ] 448 debug: Reset the dark brem process (if it was activated)
[ RunManager ] 449 debug: Reset the dark brem process (if it was activated)
[ RunManager ] 450 debug: Reset the dark brem process (if it was activated)
[ RunManager ] 451 debug: Reset the dark brem process (if it was activated)
[ RunManager ] 452 debug: Reset the dark brem process (if it was activated)
[ RunManager ] 453 debug: Reset the dark brem process (if it was activated)
[ RunManager ] 454 debug: Reset the dark brem process (if it was activated)
[ RunManager ] 455 debug: Reset the dark brem process (if it was activated)
[ RunManager ] 456 debug: Reset the dark brem process (if it was activated)
[ RunManager ] 457 debug: Reset the dark brem process (if it was activated)
[ RunManager ] 458 debug: Reset the dark brem process (if it was activated)
[ RunManager ] 459 debug: Reset the dark brem process (if it was activated)
[ RunManager ] 460 debug: Reset the dark brem process (if it was activated)
[ RunManager ] 461 debug: Reset the dark brem process (if it was activated)
[ RunManager ] 462 debug: Reset the dark brem process (if it was activated)
[ RunManager ] 463 debug: Reset the dark brem process (if it was activated)
[ RunManager ] 464 debug: Reset the dark brem process (if it was activated)
[ RunManager ] 465 debug: Reset the dark brem process (if it was activated)
[ RunManager ] 466 debug: Reset the dark brem process (if it was activated)
[ RunManager ] 467 debug: Reset the dark brem process (if it was activated)
[ RunManager ] 468 debug: Reset the dark brem process (if it was activated)
[ RunManager ] 469 debug: Reset the dark brem process (if it was activated)
[ RunManager ] 470 debug: Reset the dark brem process (if it was activated)
[ RunManager ] 471 debug: Reset the dark brem process (if it was activated)
[ RunManager ] 472 debug: Reset the dark brem process (if it was activated)
[ RunManager ] 473 debug: Reset the dark brem process (if it was activated)
[ RunManager ] 474 debug: Reset the dark brem process (if it was activated)
[ RunManager ] 475 debug: Reset the dark brem process (if it was activated)
[ RunManager ] 476 debug: Reset the dark brem process (if it was activated)
[ RunManager ] 477 debug: Reset the dark brem process (if it was activated)
[ RunManager ] 478 debug: Reset the dark brem process (if it was activated)
[ RunManager ] 479 debug: Reset the dark brem process (if it was activated)
[ RunManager ] 480 debug: Reset the dark brem process (if it was activated)
[ RunManager ] 481 debug: Reset the dark brem process (if it was activated)
[ RunManager ] 482 debug: Reset the dark brem process (if it was activated)
[ RunManager ] 483 debug: Reset the dark brem process (if it was activated)
[ RunManager ] 484 debug: Reset the dark brem process (if it was activated)
[ RunManager ] 485 debug: Reset the dark brem process (if it was activated)
[ RunManager ] 486 debug: Reset the dark brem process (if it was activated)
[ RunManager ] 487 debug: Reset the dark brem process (if it was activated)
[ RunManager ] 488 debug: Reset the dark brem process (if it was activated)
[ RunManager ] 489 debug: Reset the dark brem process (if it was activated)
[ RunManager ] 490 debug: Reset the dark brem process (if it was activated)
[ RunManager ] 491 debug: Reset the dark brem process (if it was activated)
[ RunManager ] 492 debug: Reset the dark brem process (if it was activated)
[ RunManager ] 493 debug: Reset the dark brem process (if it was activated)
[ RunManager ] 494 debug: Reset the dark brem process (if it was activated)
[ RunManager ] 495 debug: Reset the dark brem process (if it was activated)
[ RunManager ] 496 debug: Reset the dark brem process (if it was activated)
[ RunManager ] 497 debug: Reset the dark brem process (if it was activated)
[ RunManager ] 498 debug: Reset the dark brem process (if it was activated)
[ RunManager ] 499 debug: Reset the dark brem process (if it was activated)
[ RunManager ] 500 debug: Reset the dark brem process (if it was activated)
[ RunManager ] 501 debug: Reset the dark brem process (if it was activated)
[ RunManager ] 502 debug: Reset the dark brem process (if it was activated)
[ RunManager ] 503 debug: Reset the dark brem process (if it was activated)
[ RunManager ] 504 debug: Reset the dark brem process (if it was activated)
[ RunManager ] 505 debug: Reset the dark brem process (if it was activated)
[ RunManager ] 506 debug: Reset the dark brem process (if it was activated)
[ RunManager ] 507 debug: Reset the dark brem process (if it was activated)
[ RunManager ] 508 debug: Reset the dark brem process (if it was activated)
[ RunManager ] 509 debug: Reset the dark brem process (if it was activated)
[ RunManager ] 510 debug: Reset the dark brem process (if it was activated)
[ RunManager ] 511 debug: Reset the dark brem process (if it was activated)
[ RunManager ] 512 debug: Reset the dark brem process (if it was activated)
[ RunManager ] 513 debug: Reset the dark brem process (if it was activated)
[ RunManager ] 514 debug: Reset the dark brem process (if it was activated)
[ RunManager ] 515 debug: Reset the dark brem process (if it was activated)
[ RunManager ] 516 debug: Reset the dark brem process (if it was activated)
[ RunManager ] 517 debug: Reset the dark brem process (if it was activated)
[ RunManager ] 518 debug: Reset the dark brem process (if it was activated)
[ RunManager ] 519 debug: Reset the dark brem process (if it was activated)
[ RunManager ] 520 debug: Reset the dark brem process (if it was activated)
[ RunManager ] 521 debug: Reset the dark brem process (if it was activated)
[ RunManager ] 522 debug: Reset the dark brem process (if it was activated)
[ RunManager ] 523 debug: Reset the dark brem process (if it was activated)
[ RunManager ] 524 debug: Reset the dark brem process (if it was activated)
[ RunManager ] 525 debug: Reset the dark brem process (if it was activated)
[ RunManager ] 526 debug: Reset the dark brem process (if it was activated)
[ RunManager ] 527 debug: Reset the dark brem process (if it was activated)
[ RunManager ] 528 debug: Reset the dark brem process (if it was activated)
[ RunManager ] 529 debug: Reset the dark brem process (if it was activated)
[ RunManager ] 530 debug: Reset the dark brem process (if it was activated)
[ RunManager ] 531 debug: Reset the dark brem process (if it was activated)
[ RunManager ] 532 debug: Reset the dark brem process (if it was activated)
[ RunManager ] 533 debug: Reset the dark brem process (if it was activated)
[ RunManager ] 534 debug: Reset the dark brem process (if it was activated)
[ RunManager ] 535 debug: Reset the dark brem process (if it was activated)
[ RunManager ] 536 debug: Reset the dark brem process (if it was activated)
[ RunManager ] 537 debug: Reset the dark brem process (if it was activated)
[ RunManager ] 538 debug: Reset the dark brem process (if it was activated)
[ RunManager ] 539 debug: Reset the dark brem process (if it was activated)
[ RunManager ] 540 debug: Reset the dark brem process (if it was activated)
[ RunManager ] 541 debug: Reset the dark brem process (if it was activated)
[ RunManager ] 542 debug: Reset the dark brem process (if it was activated)
[ RunManager ] 543 debug: Reset the dark brem process (if it was activated)
[ RunManager ] 544 debug: Reset the dark brem process (if it was activated)
[ RunManager ] 545 debug: Reset the dark brem process (if it was activated)
[ RunManager ] 546 debug: Reset the dark brem process (if it was activated)
[ RunManager ] 547 debug: Reset the dark brem process (if it was activated)
[ RunManager ] 548 debug: Reset the dark brem process (if it was activated)
[ RunManager ] 549 debug: Reset the dark brem process (if it was activated)
[ RunManager ] 550 debug: Reset the dark brem process (if it was activated)
[ RunManager ] 551 debug: Reset the dark brem process (if it was activated)
[ RunManager ] 552 debug: Reset the dark brem process (if it was activated)
[ RunManager ] 553 debug: Reset the dark brem process (if it was activated)
[ RunManager ] 554 debug: Reset the dark brem process (if it was activated)
[ RunManager ] 555 debug: Reset the dark brem process (if it was activated)
[ RunManager ] 556 debug: Reset the dark brem process (if it was activated)
[ RunManager ] 557 debug: Reset the dark brem process (if it was activated)
[ RunManager ] 558 debug: Reset the dark brem process (if it was activated)
[ RunManager ] 559 debug: Reset the dark brem process (if it was activated)
[ RunManager ] 560 debug: Reset the dark brem process (if it was activated)
[ RunManager ] 561 debug: Reset the dark brem process (if it was activated)
[ RunManager ] 562 debug: Reset the dark brem process (if it was activated)
[ RunManager ] 563 debug: Reset the dark brem process (if it was activated)
[ RunManager ] 564 debug: Reset the dark brem process (if it was activated)
[ RunManager ] 565 debug: Reset the dark brem process (if it was activated)
[ RunManager ] 566 debug: Reset the dark brem process (if it was activated)
[ RunManager ] 567 debug: Reset the dark brem process (if it was activated)
[ RunManager ] 568 debug: Reset the dark brem process (if it was activated)
[ RunManager ] 569 debug: Reset the dark brem process (if it was activated)
[ RunManager ] 570 debug: Reset the dark brem process (if it was activated)
[ RunManager ] 571 debug: Reset the dark brem process (if it was activated)
[ RunManager ] 572 debug: Reset the dark brem process (if it was activated)
[ RunManager ] 573 debug: Reset the dark brem process (if it was activated)
[ RunManager ] 574 debug: Reset the dark brem process (if it was activated)
[ RunManager ] 575 debug: Reset the dark brem process (if it was activated)
[ RunManager ] 576 debug: Reset the dark brem process (if it was activated)
[ RunManager ] 577 debug: Reset the dark brem process (if it was activated)
[ RunManager ] 578 debug: Reset the dark brem process (if it was activated)
[ RunManager ] 579 debug: Reset the dark brem process (if it was activated)
[ RunManager ] 580 debug: Reset the dark brem process (if it was activated)
[ RunManager ] 581 debug: Reset the dark brem process (if it was activated)
[ RunManager ] 582 debug: Reset the dark brem process (if it was activated)
[ RunManager ] 583 debug: Reset the dark brem process (if it was activated)
[ RunManager ] 584 debug: Reset the dark brem process (if it was activated)
[ RunManager ] 585 debug: Reset the dark brem process (if it was activated)
[ RunManager ] 586 debug: Reset the dark brem process (if it was activated)
[ RunManager ] 587 debug: Reset the dark brem process (if it was activated)
[ RunManager ] 588 debug: Reset the dark brem process (if it was activated)
[ RunManager ] 589 debug: Reset the dark brem process (if it was activated)
[ RunManager ] 590 debug: Reset the dark brem process (if it was activated)
[ RunManager ] 591 debug: Reset the dark brem process (if it was activated)
[ RunManager ] 592 debug: Reset the dark brem process (if it was activated)
[ RunManager ] 593 debug: Reset the dark brem process (if it was activated)
[ RunManager ] 594 debug: Reset the dark brem process (if it was activated)
[ RunManager ] 595 debug: Reset the dark brem process (if it was activated)
[ RunManager ] 596 debug: Reset the dark brem process (if it was activated)
[ RunManager ] 597 debug: Reset the dark brem process (if it was activated)
[ RunManager ] 598 debug: Reset the dark brem process (if it was activated)
[ RunManager ] 599 debug: Reset the dark brem process (if it was activated)
[ RunManager ] 600 debug: Reset the dark brem process (if it was activated)
[ RunManager ] 601 debug: Reset the dark brem process (if it was activated)
[ RunManager ] 602 debug: Reset the dark brem process (if it was activated)
[ RunManager ] 603 debug: Reset the dark brem process (if it was activated)
[ RunManager ] 604 debug: Reset the dark brem process (if it was activated)
[ RunManager ] 605 debug: Reset the dark brem process (if it was activated)
[ RunManager ] 606 debug: Reset the dark brem process (if it was activated)
[ RunManager ] 607 debug: Reset the dark brem process (if it was activated)
[ RunManager ] 608 debug: Reset the dark brem process (if it was activated)
[ RunManager ] 609 debug: Reset the dark brem process (if it was activated)
[ RunManager ] 610 debug: Reset the dark brem process (if it was activated)
[ RunManager ] 611 debug: Reset the dark brem process (if it was activated)
[ RunManager ] 612 debug: Reset the dark brem process (if it was activated)
[ RunManager ] 613 debug: Reset the dark brem process (if it was activated)
[ RunManager ] 614 debug: Reset the dark brem process (if it was activated)
[ RunManager ] 615 debug: Reset the dark brem process (if it was activated)
[ RunManager ] 616 debug: Reset the dark brem process (if it was activated)
[ RunManager ] 617 debug: Reset the dark brem process (if it was activated)
[ RunManager ] 618 debug: Reset the dark brem process (if it was activated)
[ RunManager ] 619 debug: Reset the dark brem process (if it was activated)
[ RunManager ] 620 debug: Reset the dark brem process (if it was activated)
[ RunManager ] 621 debug: Reset the dark brem process (if it was activated)
[ RunManager ] 622 debug: Reset the dark brem process (if it was activated)
[ RunManager ] 623 debug: Reset the dark brem process (if it was activated)
[ RunManager ] 624 debug: Reset the dark brem process (if it was activated)
[ RunManager ] 625 debug: Reset the dark brem process (if it was activated)
[ RunManager ] 626 debug: Reset the dark brem process (if it was activated)
[ RunManager ] 627 debug: Reset the dark brem process (if it was activated)
[ RunManager ] 628 debug: Reset the dark brem process (if it was activated)
[ RunManager ] 629 debug: Reset the dark brem process (if it was activated)
[ RunManager ] 630 debug: Reset the dark brem process (if it was activated)
[ RunManager ] 631 debug: Reset the dark brem process (if it was activated)
[ RunManager ] 632 debug: Reset the dark brem process (if it was activated)
[ RunManager ] 633 debug: Reset the dark brem process (if it was activated)
[ RunManager ] 634 debug: Reset the dark brem process (if it was activated)
[ RunManager ] 635 debug: Reset the dark brem process (if it was activated)
[ RunManager ] 636 debug: Reset the dark brem process (if it was activated)
[ RunManager ] 637 debug: Reset the dark brem process (if it was activated)
[ RunManager ] 638 debug: Reset the dark brem process (if it was activated)
[ RunManager ] 639 debug: Reset the dark brem process (if it was activated)
[ RunManager ] 640 debug: Reset the dark brem process (if it was activated)
[ RunManager ] 641 debug: Reset the dark brem process (if it was activated)
[ RunManager ] 642 debug: Reset the dark brem process (if it was activated)
[ RunManager ] 643 debug: Reset the dark brem process (if it was activated)
[ RunManager ] 644 debug: Reset the dark brem process (if it was activated)
[ RunManager ] 645 debug: Reset the dark brem process (if it was activated)
[ RunManager ] 646 debug: Reset the dark brem process (if it was activated)
[ RunManager ] 647 debug: Reset the dark brem process (if it was activated)
[ RunManager ] 648 debug: Reset the dark brem process (if it was activated)
[ RunManager ] 649 debug: Reset the dark brem process (if it was activated)
[ RunManager ] 650 debug: Reset the dark brem process (if it was activated)
[ RunManager ] 651 debug: Reset the dark brem process (if it was activated)
[ RunManager ] 652 debug: Reset the dark brem process (if it was activated)
[ RunManager ] 653 debug: Reset the dark brem process (if it was activated)
[ RunManager ] 654 debug: Reset the dark brem process (if it was activated)
[ RunManager ] 655 debug: Reset the dark brem process (if it was activated)
[ RunManager ] 656 debug: Reset the dark brem process (if it was activated)
[ RunManager ] 657 debug: Reset the dark brem process (if it was activated)
[ RunManager ] 658 debug: Reset the dark brem process (if it was activated)
[ RunManager ] 659 debug: Reset the dark brem process (if it was activated)
[ RunManager ] 660 debug: Reset the dark brem process (if it was activated)
[ RunManager ] 661 debug: Reset the dark brem process (if it was activated)
[ RunManager ] 662 debug: Reset the dark brem process (if it was activated)
[ RunManager ] 663 debug: Reset the dark brem process (if it was activated)
[ RunManager ] 664 debug: Reset the dark brem process (if it was activated)
[ RunManager ] 665 debug: Reset the dark brem process (if it was activated)
[ RunManager ] 666 debug: Reset the dark brem process (if it was activated)
[ RunManager ] 667 debug: Reset the dark brem process (if it was activated)
[ RunManager ] 668 debug: Reset the dark brem process (if it was activated)
[ RunManager ] 669 debug: Reset the dark brem process (if it was activated)
[ RunManager ] 670 debug: Reset the dark brem process (if it was activated)
[ RunManager ] 671 debug: Reset the dark brem process (if it was activated)
[ RunManager ] 672 debug: Reset the dark brem process (if it was activated)
[ RunManager ] 673 debug: Reset the dark brem process (if it was activated)
[ RunManager ] 674 debug: Reset the dark brem process (if it was activated)
[ RunManager ] 675 debug: Reset the dark brem process (if it was activated)
[ RunManager ] 676 debug: Reset the dark brem process (if it was activated)
[ RunManager ] 677 debug: Reset the dark brem process (if it was activated)
[ RunManager ] 678 debug: Reset the dark brem process (if it was activated)
[ RunManager ] 679 debug: Reset the dark brem process (if it was activated)
[ RunManager ] 680 debug: Reset the dark brem process (if it was activated)
[ RunManager ] 681 debug: Reset the dark brem process (if it was activated)
[ RunManager ] 682 debug: Reset the dark brem process (if it was activated)
[ RunManager ] 683 debug: Reset the dark brem process (if it was activated)
[ RunManager ] 684 debug: Reset the dark brem process (if it was activated)
[ RunManager ] 685 debug: Reset the dark brem process (if it was activated)
[ RunManager ] 686 debug: Reset the dark brem process (if it was activated)
[ RunManager ] 687 debug: Reset the dark brem process (if it was activated)
[ RunManager ] 688 debug: Reset the dark brem process (if it was activated)
[ RunManager ] 689 debug: Reset the dark brem process (if it was activated)
[ RunManager ] 690 debug: Reset the dark brem process (if it was activated)
[ RunManager ] 691 debug: Reset the dark brem process (if it was activated)
[ RunManager ] 692 debug: Reset the dark brem process (if it was activated)
[ RunManager ] 693 debug: Reset the dark brem process (if it was activated)
[ RunManager ] 694 debug: Reset the dark brem process (if it was activated)
[ RunManager ] 695 debug: Reset the dark brem process (if it was activated)
[ RunManager ] 696 debug: Reset the dark brem process (if it was activated)
[ RunManager ] 697 debug: Reset the dark brem process (if it was activated)
[ RunManager ] 698 debug: Reset the dark brem process (if it was activated)
[ RunManager ] 699 debug: Reset the dark brem process (if it was activated)
[ RunManager ] 700 debug: Reset the dark brem process (if it was activated)
[ RunManager ] 701 debug: Reset the dark brem process (if it was activated)
[ RunManager ] 702 debug: Reset the dark brem process (if it was activated)
[ RunManager ] 703 debug: Reset the dark brem process (if it was activated)
[ RunManager ] 704 debug: Reset the dark brem process (if it was activated)
[ RunManager ] 705 debug: Reset the dark brem process (if it was activated)
[ RunManager ] 706 debug: Reset the dark brem process (if it was activated)
[ RunManager ] 707 debug: Reset the dark brem process (if it was activated)
[ RunManager ] 708 debug: Reset the dark brem process (if it was activated)
[ RunManager ] 709 debug: Reset the dark brem process (if it was activated)
[ RunManager ] 710 debug: Reset the dark brem process (if it was activated)
[ RunManager ] 711 debug: Reset the dark brem process (if it was activated)
[ RunManager ] 712 debug: Reset the dark brem process (if it was activated)
[ RunManager ] 713 debug: Reset the dark brem process (if it was activated)
[ RunManager ] 714 debug: Reset the dark brem process (if it was activated)
[ RunManager ] 715 debug: Reset the dark brem process (if it was activated)
[ RunManager ] 716 debug: Reset the dark brem process (if it was activated)
[ RunManager ] 717 debug: Reset the dark brem process (if it was activated)
[ RunManager ] 718 debug: Reset the dark brem process (if it was activated)
[ RunManager ] 719 debug: Reset the dark brem process (if it was activated)
[ RunManager ] 720 debug: Reset the dark brem process (if it was activated)
[ RunManager ] 721 debug: Reset the dark brem process (if it was activated)
[ RunManager ] 722 debug: Reset the dark brem process (if it was activated)
[ RunManager ] 723 debug: Reset the dark brem process (if it was activated)
[ RunManager ] 724 debug: Reset the dark brem process (if it was activated)
[ RunManager ] 725 debug: Reset the dark brem process (if it was activated)
[ RunManager ] 726 debug: Reset the dark brem process (if it was activated)
[ RunManager ] 727 debug: Reset the dark brem process (if it was activated)
[ RunManager ] 728 debug: Reset the dark brem process (if it was activated)
[ RunManager ] 729 debug: Reset the dark brem process (if it was activated)
[ RunManager ] 730 debug: Reset the dark brem process (if it was activated)
[ RunManager ] 731 debug: Reset the dark brem process (if it was activated)
[ RunManager ] 732 debug: Reset the dark brem process (if it was activated)
[ RunManager ] 733 debug: Reset the dark brem process (if it was activated)
[ RunManager ] 734 debug: Reset the dark brem process (if it was activated)
[ RunManager ] 735 debug: Reset the dark brem process (if it was activated)
[ RunManager ] 736 debug: Reset the dark brem process (if it was activated)
[ RunManager ] 737 debug: Reset the dark brem process (if it was activated)
[ RunManager ] 738 debug: Reset the dark brem process (if it was activated)
[ RunManager ] 739 debug: Reset the dark brem process (if it was activated)
[ RunManager ] 740 debug: Reset the dark brem process (if it was activated)
[ RunManager ] 741 debug: Reset the dark brem process (if it was activated)
[ RunManager ] 742 debug: Reset the dark brem process (if it was activated)
[ RunManager ] 743 debug: Reset the dark brem process (if it was activated)
[ RunManager ] 744 debug: Reset the dark brem process (if it was activated)
[ RunManager ] 745 debug: Reset the dark brem process (if it was activated)
[ RunManager ] 746 debug: Reset the dark brem process (if it was activated)
[ RunManager ] 747 debug: Reset the dark brem process (if it was activated)
[ RunManager ] 748 debug: Reset the dark brem process (if it was activated)
[ RunManager ] 749 debug: Reset the dark brem process (if it was activated)
[ RunManager ] 750 debug: Reset the dark brem process (if it was activated)
[ RunManager ] 751 debug: Reset the dark brem process (if it was activated)
[ RunManager ] 752 debug: Reset the dark brem process (if it was activated)
[ RunManager ] 753 debug: Reset the dark brem process (if it was activated)
[ RunManager ] 754 debug: Reset the dark brem process (if it was activated)
[ RunManager ] 755 debug: Reset the dark brem process (if it was activated)
[ RunManager ] 756 debug: Reset the dark brem process (if it was activated)
[ RunManager ] 757 debug: Reset the dark brem process (if it was activated)
[ RunManager ] 758 debug: Reset the dark brem process (if it was activated)
[ RunManager ] 759 debug: Reset the dark brem process (if it was activated)
[ RunManager ] 760 debug: Reset the dark brem process (if it was activated)
[ RunManager ] 761 debug: Reset the dark brem process (if it was activated)
[ RunManager ] 762 debug: Reset the dark brem process (if it was activated)
[ RunManager ] 763 debug: Reset the dark brem process (if it was activated)
[ RunManager ] 764 debug: Reset the dark brem process (if it was activated)
[ RunManager ] 765 debug: Reset the dark brem process (if it was activated)
[ RunManager ] 766 debug: Reset the dark brem process (if it was activated)
[ RunManager ] 767 debug: Reset the dark brem process (if it was activated)
[ RunManager ] 768 debug: Reset the dark brem process (if it was activated)
[ RunManager ] 769 debug: Reset the dark brem process (if it was activated)
[ RunManager ] 770 debug: Reset the dark brem process (if it was activated)
[ RunManager ] 771 debug: Reset the dark brem process (if it was activated)
[ RunManager ] 772 debug: Reset the dark brem process (if it was activated)
[ RunManager ] 773 debug: Reset the dark brem process (if it was activated)
[ RunManager ] 774 debug: Reset the dark brem process (if it was activated)
[ RunManager ] 775 debug: Reset the dark brem process (if it was activated)
[ RunManager ] 776 debug: Reset the dark brem process (if it was activated)
[ RunManager ] 777 debug: Reset the dark brem process (if it was activated)
[ RunManager ] 778 debug: Reset the dark brem process (if it was activated)
[ RunManager ] 779 debug: Reset the dark brem process (if it was activated)
[ RunManager ] 780 debug: Reset the dark brem process (if it was activated)
[ RunManager ] 781 debug: Reset the dark brem process (if it was activated)
[ RunManager ] 782 debug: Reset the dark brem process (if it was activated)
[ RunManager ] 783 debug: Reset the dark brem process (if it was activated)
[ RunManager ] 784 debug: Reset the dark brem process (if it was activated)
[ RunManager ] 785 debug: Reset the dark brem process (if it was activated)
[ RunManager ] 786 debug: Reset the dark brem process (if it was activated)
[ RunManager ] 787 debug: Reset the dark brem process (if it was activated)
[ RunManager ] 788 debug: Reset the dark brem process (if it was activated)
[ RunManager ] 789 debug: Reset the dark brem process (if it was activated)
[ RunManager ] 790 debug: Reset the dark brem process (if it was activated)
[ RunManager ] 791 debug: Reset the dark brem process (if it was activated)
[ RunManager ] 792 debug: Reset the dark brem process (if it was activated)
[ RunManager ] 793 debug: Reset the dark brem process (if it was activated)
[ RunManager ] 794 debug: Reset the dark brem process (if it was activated)
[ RunManager ] 795 debug: Reset the dark brem process (if it was activated)
[ RunManager ] 796 debug: Reset the dark brem process (if it was activated)
[ RunManager ] 797 debug: Reset the dark brem process (if it was activated)
[ RunManager ] 798 debug: Reset the dark brem process (if it was activated)
[ RunManager ] 799 debug: Reset the dark brem process (if it was activated)
[ RunManager ] 800 debug: Reset the dark brem process (if it was activated)
[ RunManager ] 801 debug: Reset the dark brem process (if it was activated)
[ RunManager ] 802 debug: Reset the dark brem process (if it was activated)
[ RunManager ] 803 debug: Reset the dark brem process (if it was activated)
[ RunManager ] 804 debug: Reset the dark brem process (if it was activated)
[ RunManager ] 805 debug: Reset the dark brem process (if it was activated)
[ RunManager ] 806 debug: Reset the dark brem process (if it was activated)
[ RunManager ] 807 debug: Reset the dark brem process (if it was activated)
[ RunManager ] 808 debug: Reset the dark brem process (if it was activated)
[ RunManager ] 809 debug: Reset the dark brem process (if it was activated)
[ RunManager ] 810 debug: Reset the dark brem process (if it was activated)
[ RunManager ] 811 debug: Reset the dark brem process (if it was activated)
[ RunManager ] 812 debug: Reset the dark brem process (if it was activated)
[ RunManager ] 813 debug: Reset the dark brem process (if it was activated)
[ RunManager ] 814 debug: Reset the dark brem process (if it was activated)
[ RunManager ] 815 debug: Reset the dark brem process (if it was activated)
[ RunManager ] 816 debug: Reset the dark brem process (if it was activated)
[ RunManager ] 817 debug: Reset the dark brem process (if it was activated)
[ RunManager ] 818 debug: Reset the dark brem process (if it was activated)
[ RunManager ] 819 debug: Reset the dark brem process (if it was activated)
[ RunManager ] 820 debug: Reset the dark brem process (if it was activated)
[ RunManager ] 821 debug: Reset the dark brem process (if it was activated)
[ RunManager ] 822 debug: Reset the dark brem process (if it was activated)
[ RunManager ] 823 debug: Reset the dark brem process (if it was activated)
[ RunManager ] 824 debug: Reset the dark brem process (if it was activated)
[ RunManager ] 825 debug: Reset the dark brem process (if it was activated)
[ RunManager ] 826 debug: Reset the dark brem process (if it was activated)
[ RunManager ] 827 debug: Reset the dark brem process (if it was activated)
[ RunManager ] 828 debug: Reset the dark brem process (if it was activated)
[ RunManager ] 829 debug: Reset the dark brem process (if it was activated)
[ RunManager ] 830 debug: Reset the dark brem process (if it was activated)
[ RunManager ] 831 debug: Reset the dark brem process (if it was activated)
[ RunManager ] 832 debug: Reset the dark brem process (if it was activated)
[ RunManager ] 833 debug: Reset the dark brem process (if it was activated)
[ RunManager ] 834 debug: Reset the dark brem process (if it was activated)
[ RunManager ] 835 debug: Reset the dark brem process (if it was activated)
[ RunManager ] 836 debug: Reset the dark brem process (if it was activated)
[ RunManager ] 837 debug: Reset the dark brem process (if it was activated)
[ RunManager ] 838 debug: Reset the dark brem process (if it was activated)
[ RunManager ] 839 debug: Reset the dark brem process (if it was activated)
[ RunManager ] 840 debug: Reset the dark brem process (if it was activated)
[ RunManager ] 841 debug: Reset the dark brem process (if it was activated)
[ RunManager ] 842 debug: Reset the dark brem process (if it was activated)
[ RunManager ] 843 debug: Reset the dark brem process (if it was activated)
[ RunManager ] 844 debug: Reset the dark brem process (if it was activated)
[ RunManager ] 845 debug: Reset the dark brem process (if it was activated)
[ RunManager ] 846 debug: Reset the dark brem process (if it was activated)
[ RunManager ] 847 debug: Reset the dark brem process (if it was activated)
[ RunManager ] 848 debug: Reset the dark brem process (if it was activated)
[ RunManager ] 849 debug: Reset the dark brem process (if it was activated)
[ RunManager ] 850 debug: Reset the dark brem process (if it was activated)
[ RunManager ] 851 debug: Reset the dark brem process (if it was activated)
[ RunManager ] 852 debug: Reset the dark brem process (if it was activated)
[ RunManager ] 853 debug: Reset the dark brem process (if it was activated)
[ RunManager ] 854 debug: Reset the dark brem process (if it was activated)
[ RunManager ] 855 debug: Reset the dark brem process (if it was activated)
[ RunManager ] 856 debug: Reset the dark brem process (if it was activated)
[ RunManager ] 857 debug: Reset the dark brem process (if it was activated)
[ RunManager ] 858 debug: Reset the dark brem process (if it was activated)
[ RunManager ] 859 debug: Reset the dark brem process (if it was activated)
[ RunManager ] 860 debug: Reset the dark brem process (if it was activated)
[ RunManager ] 861 debug: Reset the dark brem process (if it was activated)
[ RunManager ] 862 debug: Reset the dark brem process (if it was activated)
[ RunManager ] 863 debug: Reset the dark brem process (if it was activated)
[ RunManager ] 864 debug: Reset the dark brem process (if it was activated)
[ RunManager ] 865 debug: Reset the dark brem process (if it was activated)
[ RunManager ] 866 debug: Reset the dark brem process (if it was activated)
[ RunManager ] 867 debug: Reset the dark brem process (if it was activated)
[ RunManager ] 868 debug: Reset the dark brem process (if it was activated)
[ RunManager ] 869 debug: Reset the dark brem process (if it was activated)
[ RunManager ] 870 debug: Reset the dark brem process (if it was activated)
[ RunManager ] 871 debug: Reset the dark brem process (if it was activated)
[ RunManager ] 872 debug: Reset the dark brem process (if it was activated)
[ RunManager ] 873 debug: Reset the dark brem process (if it was activated)
[ RunManager ] 874 debug: Reset the dark brem process (if it was activated)
[ RunManager ] 875 debug: Reset the dark brem process (if it was activated)
[ RunManager ] 876 debug: Reset the dark brem process (if it was activated)
[ RunManager ] 877 debug: Reset the dark brem process (if it was activated)
[ RunManager ] 878 debug: Reset the dark brem process (if it was activated)
[ RunManager ] 879 debug: Reset the dark brem process (if it was activated)
[ RunManager ] 880 debug: Reset the dark brem process (if it was activated)
[ RunManager ] 881 debug: Reset the dark brem process (if it was activated)
[ RunManager ] 882 debug: Reset the dark brem process (if it was activated)
[ RunManager ] 883 debug: Reset the dark brem process (if it was activated)
[ RunManager ] 884 debug: Reset the dark brem process (if it was activated)
[ RunManager ] 885 debug: Reset the dark brem process (if it was activated)
[ RunManager ] 886 debug: Reset the dark brem process (if it was activated)
[ RunManager ] 887 debug: Reset the dark brem process (if it was activated)
[ RunManager ] 888 debug: Reset the dark brem process (if it was activated)
[ RunManager ] 889 debug: Reset the dark brem process (if it was activated)
[ RunManager ] 890 debug: Reset the dark brem process (if it was activated)
[ RunManager ] 891 debug: Reset the dark brem process (if it was activated)
[ RunManager ] 892 debug: Reset the dark brem process (if it was activated)
[ RunManager ] 893 debug: Reset the dark brem process (if it was activated)
[ RunManager ] 894 debug: Reset the dark brem process (if it was activated)
[ RunManager ] 895 debug: Reset the dark brem process (if it was activated)
[ RunManager ] 896 debug: Reset the dark brem process (if it was activated)
[ RunManager ] 897 debug: Reset the dark brem process (if it was activated)
[ RunManager ] 898 debug: Reset the dark brem process (if it was activated)
[ RunManager ] 899 debug: Reset the dark brem process (if it was activated)
[ RunManager ] 900 debug: Reset the dark brem process (if it was activated)
[ RunManager ] 901 debug: Reset the dark brem process (if it was activated)
[ RunManager ] 902 debug: Reset the dark brem process (if it was activated)
[ RunManager ] 903 debug: Reset the dark brem process (if it was activated)
[ RunManager ] 904 debug: Reset the dark brem process (if it was activated)
[ RunManager ] 905 debug: Reset the dark brem process (if it was activated)
[ RunManager ] 906 debug: Reset the dark brem process (if it was activated)
[ RunManager ] 907 debug: Reset the dark brem process (if it was activated)
[ RunManager ] 908 debug: Reset the dark brem process (if it was activated)
[ RunManager ] 909 debug: Reset the dark brem process (if it was activated)
[ RunManager ] 910 debug: Reset the dark brem process (if it was activated)
[ RunManager ] 911 debug: Reset the dark brem process (if it was activated)
[ RunManager ] 912 debug: Reset the dark brem process (if it was activated)
[ RunManager ] 913 debug: Reset the dark brem process (if it was activated)
[ RunManager ] 914 debug: Reset the dark brem process (if it was activated)
[ RunManager ] 915 debug: Reset the dark brem process (if it was activated)
[ RunManager ] 916 debug: Reset the dark brem process (if it was activated)
[ RunManager ] 917 debug: Reset the dark brem process (if it was activated)
[ RunManager ] 918 debug: Reset the dark brem process (if it was activated)
[ RunManager ] 919 debug: Reset the dark brem process (if it was activated)
[ RunManager ] 920 debug: Reset the dark brem process (if it was activated)
[ RunManager ] 921 debug: Reset the dark brem process (if it was activated)
[ RunManager ] 922 debug: Reset the dark brem process (if it was activated)
[ RunManager ] 923 debug: Reset the dark brem process (if it was activated)
[ RunManager ] 924 debug: Reset the dark brem process (if it was activated)
[ RunManager ] 925 debug: Reset the dark brem process (if it was activated)
[ RunManager ] 926 debug: Reset the dark brem process (if it was activated)
[ RunManager ] 927 debug: Reset the dark brem process (if it was activated)
[ RunManager ] 928 debug: Reset the dark brem process (if it was activated)
[ RunManager ] 929 debug: Reset the dark brem process (if it was activated)
[ RunManager ] 930 debug: Reset the dark brem process (if it was activated)
[ RunManager ] 931 debug: Reset the dark brem process (if it was activated)
[ RunManager ] 932 debug: Reset the dark brem process (if it was activated)
[ RunManager ] 933 debug: Reset the dark brem process (if it was activated)
[ RunManager ] 934 debug: Reset the dark brem process (if it was activated)
[ RunManager ] 935 debug: Reset the dark brem process (if it was activated)
[ RunManager ] 936 debug: Reset the dark brem process (if it was activated)
[ RunManager ] 937 debug: Reset the dark brem process (if it was activated)
[ RunManager ] 938 debug: Reset the dark brem process (if it was activated)
[ RunManager ] 939 debug: Reset the dark brem process (if it was activated)
[ RunManager ] 940 debug: Reset the dark brem process (if it was activated)
[ RunManager ] 941 debug: Reset the dark brem process (if it was activated)
[ RunManager ] 942 debug: Reset the dark brem process (if it was activated)
[ RunManager ] 943 debug: Reset the dark brem process (if it was activated)
[ RunManager ] 944 debug: Reset the dark brem process (if it was activated)
[ RunManager ] 945 debug: Reset the dark brem process (if it was activated)
[ RunManager ] 946 debug: Reset the dark brem process (if it was activated)
[ RunManager ] 947 debug: Reset the dark brem process (if it was activated)
[ RunManager ] 948 debug: Reset the dark brem process (if it was activated)
[ RunManager ] 949 debug: Reset the dark brem process (if it was activated)
[ RunManager ] 950 debug: Reset the dark brem process (if it was activated)
[ RunManager ] 951 debug: Reset the dark brem process (if it was activated)
[ RunManager ] 952 debug: Reset the dark brem process (if it was activated)
[ RunManager ] 953 debug: Reset the dark brem process (if it was activated)
[ RunManager ] 954 debug: Reset the dark brem process (if it was activated)
[ RunManager ] 955 debug: Reset the dark brem process (if it was activated)
[ RunManager ] 956 debug: Reset the dark brem process (if it was activated)
[ RunManager ] 957 debug: Reset the dark brem process (if it was activated)
[ RunManager ] 958 debug: Reset the dark brem process (if it was activated)
[ RunManager ] 959 debug: Reset the dark brem process (if it was activated)
[ RunManager ] 960 debug: Reset the dark brem process (if it was activated)
[ RunManager ] 961 debug: Reset the dark brem process (if it was activated)
[ RunManager ] 962 debug: Reset the dark brem process (if it was activated)
[ RunManager ] 963 debug: Reset the dark brem process (if it was activated)
[ RunManager ] 964 debug: Reset the dark brem process (if it was activated)
[ RunManager ] 965 debug: Reset the dark brem process (if it was activated)
[ RunManager ] 966 debug: Reset the dark brem process (if it was activated)
[ RunManager ] 967 debug: Reset the dark brem process (if it was activated)
[ RunManager ] 968 debug: Reset the dark brem process (if it was activated)
[ RunManager ] 969 debug: Reset the dark brem process (if it was activated)
[ RunManager ] 970 debug: Reset the dark brem process (if it was activated)
[ RunManager ] 971 debug: Reset the dark brem process (if it was activated)
[ RunManager ] 972 debug: Reset the dark brem process (if it was activated)
[ RunManager ] 973 debug: Reset the dark brem process (if it was activated)
[ RunManager ] 974 debug: Reset the dark brem process (if it was activated)
[ RunManager ] 975 debug: Reset the dark brem process (if it was activated)
[ RunManager ] 976 debug: Reset the dark brem process (if it was activated)
[ RunManager ] 977 debug: Reset the dark brem process (if it was activated)
[ RunManager ] 978 debug: Reset the dark brem process (if it was activated)
[ RunManager ] 979 debug: Reset the dark brem process (if it was activated)
[ RunManager ] 980 debug: Reset the dark brem process (if it was activated)
[ RunManager ] 981 debug: Reset the dark brem process (if it was activated)
[ RunManager ] 982 debug: Reset the dark brem process (if it was activated)
[ RunManager ] 983 debug: Reset the dark brem process (if it was activated)
[ RunManager ] 984 debug: Reset the dark brem process (if it was activated)
[ RunManager ] 985 debug: Reset the dark brem process (if it was activated)
[ RunManager ] 986 debug: Reset the dark brem process (if it was activated)
[ RunManager ] 987 debug: Reset the dark brem process (if it was activated)
[ RunManager ] 988 debug: Reset the dark brem process (if it was activated)
[ RunManager ] 989 debug: Reset the dark brem process (if it was activated)
[ RunManager ] 990 debug: Reset the dark brem process (if it was activated)
[ RunManager ] 991 debug: Reset the dark brem process (if it was activated)
[ RunManager ] 992 debug: Reset the dark brem process (if it was activated)
[ RunManager ] 993 debug: Reset the dark brem process (if it was activated)
[ RunManager ] 994 debug: Reset the dark brem process (if it was activated)
[ RunManager ] 995 debug: Reset the dark brem process (if it was activated)
[ RunManager ] 996 debug: Reset the dark brem process (if it was activated)
[ RunManager ] 997 debug: Reset the dark brem process (if it was activated)
[ RunManager ] 998 debug: Reset the dark brem process (if it was activated)
[ RunManager ] 999 debug: Reset the dark brem process (if it was activated)
[ RunManager ] 1000 debug: Reset the dark brem process (if it was activated)
[ RunManager ] 1001 debug: Reset the dark brem process (if it was activated)
[ RunManager ] 1002 debug: Reset the dark brem process (if it was activated)
[ RunManager ] 1003 debug: Reset the dark brem process (if it was activated)
[ RunManager ] 1004 debug: Reset the dark brem process (if it was activated)
[ RunManager ] 1005 debug: Reset the dark brem process (if it was activated)
[ RunManager ] 1006 debug: Reset the dark brem process (if it was activated)
[ RunManager ] 1007 debug: Reset the dark brem process (if it was activated)
[ RunManager ] 1008 debug: Reset the dark brem process (if it was activated)
[ RunManager ] 1009 debug: Reset the dark brem process (if it was activated)
[ RunManager ] 1010 debug: Reset the dark brem process (if it was activated)
[ RunManager ] 1011 debug: Reset the dark brem process (if it was activated)
[ RunManager ] 1012 debug: Reset the dark brem process (if it was activated)
[ RunManager ] 1013 debug: Reset the dark brem process (if it was activated)
[ RunManager ] 1014 debug: Reset the dark brem process (if it was activated)
[ RunManager ] 1015 debug: Reset the dark brem process (if it was activated)
[ RunManager ] 1016 debug: Reset the dark brem process (if it was activated)
[ RunManager ] 1017 debug: Reset the dark brem process (if it was activated)
[ RunManager ] 1018 debug: Reset the dark brem process (if it was activated)
[ RunManager ] 1019 debug: Reset the dark brem process (if it was activated)
[ RunManager ] 1020 debug: Reset the dark brem process (if it was activated)
[ RunManager ] 1021 debug: Reset the dark brem process (if it was activated)
[ RunManager ] 1022 debug: Reset the dark brem process (if it was activated)
[ RunManager ] 1023 debug: Reset the dark brem process (if it was activated)
[ RunManager ] 1024 debug: Reset the dark brem process (if it was activated)
[ RunManager ] 1025 debug: Reset the dark brem process (if it was activated)
[ RunManager ] 1026 debug: Reset the dark brem process (if it was activated)
[ RunManager ] 1027 debug: Reset the dark brem process (if it was activated)
[ RunManager ] 1028 debug: Reset the dark brem process (if it was activated)
[ RunManager ] 1029 debug: Reset the dark brem process (if it was activated)
[ RunManager ] 1030 debug: Reset the dark brem process (if it was activated)
[ RunManager ] 1031 debug: Reset the dark brem process (if it was activated)
[ RunManager ] 1032 debug: Reset the dark brem process (if it was activated)
[ RunManager ] 1033 debug: Reset the dark brem process (if it was activated)
[ RunManager ] 1034 debug: Reset the dark brem process (if it was activated)
[ RunManager ] 1035 debug: Reset the dark brem process (if it was activated)
[ RunManager ] 1036 debug: Reset the dark brem process (if it was activated)
[ RunManager ] 1037 debug: Reset the dark brem process (if it was activated)
[ RunManager ] 1038 debug: Reset the dark brem process (if it was activated)
[ RunManager ] 1039 debug: Reset the dark brem process (if it was activated)
[ RunManager ] 1040 debug: Reset the dark brem process (if it was activated)
[ RunManager ] 1041 debug: Reset the dark brem process (if it was activated)
[ RunManager ] 1042 debug: Reset the dark brem process (if it was activated)
[ RunManager ] 1043 debug: Reset the dark brem process (if it was activated)
[ RunManager ] 1044 debug: Reset the dark brem process (if it was activated)
[ RunManager ] 1045 debug: Reset the dark brem process (if it was activated)
[ RunManager ] 1046 debug: Reset the dark brem process (if it was activated)
[ RunManager ] 1047 debug: Reset the dark brem process (if it was activated)
[ RunManager ] 1048 debug: Reset the dark brem process (if it was activated)
[ RunManager ] 1049 debug: Reset the dark brem process (if it was activated)
[ RunManager ] 1050 debug: Reset the dark brem process (if it was activated)
[ RunManager ] 1051 debug: Reset the dark brem process (if it was activated)
[ RunManager ] 1052 debug: Reset the dark brem process (if it was activated)
[ RunManager ] 1053 debug: Reset the dark brem process (if it was activated)
[ RunManager ] 1054 debug: Reset the dark brem process (if it was activated)
[ RunManager ] 1055 debug: Reset the dark brem process (if it was activated)
[ RunManager ] 1056 debug: Reset the dark brem process (if it was activated)
[ RunManager ] 1057 debug: Reset the dark brem process (if it was activated)
[ RunManager ] 1058 debug: Reset the dark brem process (if it was activated)
[ RunManager ] 1059 debug: Reset the dark brem process (if it was activated)
[ RunManager ] 1060 debug: Reset the dark brem process (if it was activated)
[ RunManager ] 1061 debug: Reset the dark brem process (if it was activated)
[ RunManager ] 1062 debug: Reset the dark brem process (if it was activated)
[ RunManager ] 1063 debug: Reset the dark brem process (if it was activated)
[ RunManager ] 1064 debug: Reset the dark brem process (if it was activated)
[ RunManager ] 1065 debug: Reset the dark brem process (if it was activated)
[ RunManager ] 1066 debug: Reset the dark brem process (if it was activated)
[ RunManager ] 1067 debug: Reset the dark brem process (if it was activated)
[ RunManager ] 1068 debug: Reset the dark brem process (if it was activated)
[ RunManager ] 1069 debug: Reset the dark brem process (if it was activated)
[ RunManager ] 1070 debug: Reset the dark brem process (if it was activated)
[ RunManager ] 1071 debug: Reset the dark brem process (if it was activated)
[ RunManager ] 1072 debug: Reset the dark brem process (if it was activated)
[ RunManager ] 1073 debug: Reset the dark brem process (if it was activated)
[ RunManager ] 1074 debug: Reset the dark brem process (if it was activated)
[ RunManager ] 1075 debug: Reset the dark brem process (if it was activated)
[ RunManager ] 1076 debug: Reset the dark brem process (if it was activated)
[ RunManager ] 1077 debug: Reset the dark brem process (if it was activated)
[ RunManager ] 1078 debug: Reset the dark brem process (if it was activated)
[ RunManager ] 1079 debug: Reset the dark brem process (if it was activated)
[ RunManager ] 1080 debug: Reset the dark brem process (if it was activated)
[ RunManager ] 1081 debug: Reset the dark brem process (if it was activated)
[ RunManager ] 1082 debug: Reset the dark brem process (if it was activated)
[ RunManager ] 1083 debug: Reset the dark brem process (if it was activated)
[ RunManager ] 1084 debug: Reset the dark brem process (if it was activated)
[ RunManager ] 1085 debug: Reset the dark brem process (if it was activated)
[ RunManager ] 1086 debug: Reset the dark brem process (if it was activated)
[ RunManager ] 1087 debug: Reset the dark brem process (if it was activated)
[ RunManager ] 1088 debug: Reset the dark brem process (if it was activated)
[ RunManager ] 1089 debug: Reset the dark brem process (if it was activated)
[ RunManager ] 1090 debug: Reset the dark brem process (if it was activated)
[ RunManager ] 1091 debug: Reset the dark brem process (if it was activated)
[ RunManager ] 1092 debug: Reset the dark brem process (if it was activated)
[ RunManager ] 1093 debug: Reset the dark brem process (if it was activated)
[ RunManager ] 1094 debug: Reset the dark brem process (if it was activated)
[ RunManager ] 1095 debug: Reset the dark brem process (if it was activated)
[ RunManager ] 1096 debug: Reset the dark brem process (if it was activated)
[ RunManager ] 1097 debug: Reset the dark brem process (if it was activated)
[ RunManager ] 1098 debug: Reset the dark brem process (if it was activated)
[ RunManager ] 1099 debug: Reset the dark brem process (if it was activated)
[ RunManager ] 1100 debug: Reset the dark brem process (if it was activated)
[ RunManager ] 1101 debug: Reset the dark brem process (if it was activated)
[ RunManager ] 1102 debug: Reset the dark brem process (if it was activated)
[ RunManager ] 1103 debug: Reset the dark brem process (if it was activated)
[ RunManager ] 1104 debug: Reset the dark brem process (if it was activated)
[ RunManager ] 1105 debug: Reset the dark brem process (if it was activated)
[ RunManager ] 1106 debug: Reset the dark brem process (if it was activated)
[ RunManager ] 1107 debug: Reset the dark brem process (if it was activated)
[ RunManager ] 1108 debug: Reset the dark brem process (if it was activated)
[ RunManager ] 1109 debug: Reset the dark brem process (if it was activated)
[ RunManager ] 1110 debug: Reset the dark brem process (if it was activated)
[ RunManager ] 1111 debug: Reset the dark brem process (if it was activated)
[ RunManager ] 1112 debug: Reset the dark brem process (if it was activated)
[ RunManager ] 1113 debug: Reset the dark brem process (if it was activated)
[ RunManager ] 1114 debug: Reset the dark brem process (if it was activated)
[ RunManager ] 1115 debug: Reset the dark brem process (if it was activated)
[ RunManager ] 1116 debug: Reset the dark brem process (if it was activated)
[ RunManager ] 1117 debug: Reset the dark brem process (if it was activated)
[ RunManager ] 1118 debug: Reset the dark brem process (if it was activated)
[ RunManager ] 1119 debug: Reset the dark brem process (if it was activated)
[ RunManager ] 1120 debug: Reset the dark brem process (if it was activated)
[ RunManager ] 1121 debug: Reset the dark brem process (if it was activated)
[ RunManager ] 1122 debug: Reset the dark brem process (if it was activated)
[ RunManager ] 1123 debug: Reset the dark brem process (if it was activated)
[ RunManager ] 1124 debug: Reset the dark brem process (if it was activated)
[ RunManager ] 1125 debug: Reset the dark brem process (if it was activated)
[ RunManager ] 1126 debug: Reset the dark brem process (if it was activated)
[ RunManager ] 1127 debug: Reset the dark brem process (if it was activated)
[ RunManager ] 1128 debug: Reset the dark brem process (if it was activated)
[ RunManager ] 1129 debug: Reset the dark brem process (if it was activated)
[ RunManager ] 1130 debug: Reset the dark brem process (if it was activated)
[ RunManager ] 1131 debug: Reset the dark brem process (if it was activated)
[ RunManager ] 1132 debug: Reset the dark brem process (if it was activated)
[ RunManager ] 1133 debug: Reset the dark brem process (if it was activated)
[ RunManager ] 1134 debug: Reset the dark brem process (if it was activated)
[ RunManager ] 1135 debug: Reset the dark brem process (if it was activated)
[ RunManager ] 1136 debug: Reset the dark brem process (if it was activated)
[ RunManager ] 1137 debug: Reset the dark brem process (if it was activated)
[ RunManager ] 1138 debug: Reset the dark brem process (if it was activated)
[ RunManager ] 1139 debug: Reset the dark brem process (if it was activated)
[ RunManager ] 1140 debug: Reset the dark brem process (if it was activated)
[ RunManager ] 1141 debug: Reset the dark brem process (if it was activated)
[ RunManager ] 1142 debug: Reset the dark brem process (if it was activated)
[ RunManager ] 1143 debug: Reset the dark brem process (if it was activated)
[ RunManager ] 1144 debug: Reset the dark brem process (if it was activated)
[ RunManager ] 1145 debug: Reset the dark brem process (if it was activated)
[ RunManager ] 1146 debug: Reset the dark brem process (if it was activated)
[ RunManager ] 1147 debug: Reset the dark brem process (if it was activated)
[ RunManager ] 1148 debug: Reset the dark brem process (if it was activated)
[ RunManager ] 1149 debug: Reset the dark brem process (if it was activated)
[ RunManager ] 1150 debug: Reset the dark brem process (if it was activated)
[ RunManager ] 1151 debug: Reset the dark brem process (if it was activated)
[ RunManager ] 1152 debug: Reset the dark brem process (if it was activated)
[ RunManager ] 1153 debug: Reset the dark brem process (if it was activated)
[ RunManager ] 1154 debug: Reset the dark brem process (if it was activated)
[ RunManager ] 1155 debug: Reset the dark brem process (if it was activated)
[ RunManager ] 1156 debug: Reset the dark brem process (if it was activated)
[ RunManager ] 1157 debug: Reset the dark brem process (if it was activated)
[ RunManager ] 1158 debug: Reset the dark brem process (if it was activated)
[ RunManager ] 1159 debug: Reset the dark brem process (if it was activated)
[ RunManager ] 1160 debug: Reset the dark brem process (if it was activated)
[ RunManager ] 1161 debug: Reset the dark brem process (if it was activated)
[ RunManager ] 1162 debug: Reset the dark brem process (if it was activated)
[ RunManager ] 1163 debug: Reset the dark brem process (if it was activated)
[ RunManager ] 1164 debug: Reset the dark brem process (if it was activated)
[ RunManager ] 1165 debug: Reset the dark brem process (if it was activated)
[ RunManager ] 1166 debug: Reset the dark brem process (if it was activated)
[ RunManager ] 1167 debug: Reset the dark brem process (if it was activated)
[ RunManager ] 1168 debug: Reset the dark brem process (if it was activated)
[ RunManager ] 1169 debug: Reset the dark brem process (if it was activated)
[ RunManager ] 1170 debug: Reset the dark brem process (if it was activated)
[ RunManager ] 1171 debug: Reset the dark brem process (if it was activated)
[ RunManager ] 1172 debug: Reset the dark brem process (if it was activated)
[ RunManager ] 1173 debug: Reset the dark brem process (if it was activated)
[ RunManager ] 1174 debug: Reset the dark brem process (if it was activated)
[ RunManager ] 1175 debug: Reset the dark brem process (if it was activated)
[ RunManager ] 1176 debug: Reset the dark brem process (if it was activated)
[ RunManager ] 1177 debug: Reset the dark brem process (if it was activated)
[ RunManager ] 1178 debug: Reset the dark brem process (if it was activated)
[ RunManager ] 1179 debug: Reset the dark brem process (if it was activated)
[ RunManager ] 1180 debug: Reset the dark brem process (if it was activated)
[ RunManager ] 1181 debug: Reset the dark brem process (if it was activated)
[ RunManager ] 1182 debug: Reset the dark brem process (if it was activated)
[ RunManager ] 1183 debug: Reset the dark brem process (if it was activated)
[ RunManager ] 1184 debug: Reset the dark brem process (if it was activated)
[ RunManager ] 1185 debug: Reset the dark brem process (if it was activated)
[ RunManager ] 1186 debug: Reset the dark brem process (if it was activated)
[ RunManager ] 1187 debug: Reset the dark brem process (if it was activated)
[ RunManager ] 1188 debug: Reset the dark brem process (if it was activated)
[ RunManager ] 1189 debug: Reset the dark brem process (if it was activated)
[ RunManager ] 1190 debug: Reset the dark brem process (if it was activated)
[ RunManager ] 1191 debug: Reset the dark brem process (if it was activated)
[ RunManager ] 1192 debug: Reset the dark brem process (if it was activated)
[ RunManager ] 1193 debug: Reset the dark brem process (if it was activated)
[ RunManager ] 1194 debug: Reset the dark brem process (if it was activated)
[ RunManager ] 1195 debug: Reset the dark brem process (if it was activated)
[ RunManager ] 1196 debug: Reset the dark brem process (if it was activated)
[ RunManager ] 1197 debug: Reset the dark brem process (if it was activated)
[ RunManager ] 1198 debug: Reset the dark brem process (if it was activated)
[ RunManager ] 1199 debug: Reset the dark brem process (if it was activated)
[ RunManager ] 1200 debug: Reset the dark brem process (if it was activated)
[ RunManager ] 1201 debug: Reset the dark brem process (if it was activated)
[ RunManager ] 1202 debug: Reset the dark brem process (if it was activated)
[ RunManager ] 1203 debug: Reset the dark brem process (if it was activated)
[ RunManager ] 1204 debug: Reset the dark brem process (if it was activated)
[ RunManager ] 1205 debug: Reset the dark brem process (if it was activated)
[ RunManager ] 1206 debug: Reset the dark brem process (if it was activated)
[ RunManager ] 1207 debug: Reset the dark brem process (if it was activated)
[ RunManager ] 1208 debug: Reset the dark brem process (if it was activated)
[ RunManager ] 1209 debug: Reset the dark brem process (if it was activated)
[ RunManager ] 1210 debug: Reset the dark brem process (if it was activated)
[ RunManager ] 1211 debug: Reset the dark brem process (if it was activated)
[ RunManager ] 1212 debug: Reset the dark brem process (if it was activated)
[ RunManager ] 1213 debug: Reset the dark brem process (if it was activated)
[ RunManager ] 1214 debug: Reset the dark brem process (if it was activated)
[ RunManager ] 1215 debug: Reset the dark brem process (if it was activated)
[ RunManager ] 1216 debug: Reset the dark brem process (if it was activated)
[ RunManager ] 1217 debug: Reset the dark brem process (if it was activated)
[ RunManager ] 1218 debug: Reset the dark brem process (if it was activated)
[ RunManager ] 1219 debug: Reset the dark brem process (if it was activated)
[ RunManager ] 1220 debug: Reset the dark brem process (if it was activated)
[ RunManager ] 1221 debug: Reset the dark brem process (if it was activated)
[ RunManager ] 1222 debug: Reset the dark brem process (if it was activated)
[ RunManager ] 1223 debug: Reset the dark brem process (if it was activated)
[ RunManager ] 1224 debug: Reset the dark brem process (if it was activated)
[ RunManager ] 1225 debug: Reset the dark brem process (if it was activated)
[ RunManager ] 1226 debug: Reset the dark brem process (if it was activated)
[ RunManager ] 1227 debug: Reset the dark brem process (if it was activated)
[ RunManager ] 1228 debug: Reset the dark brem process (if it was activated)
[ RunManager ] 1229 debug: Reset the dark brem process (if it was activated)
[ RunManager ] 1230 debug: Reset the dark brem process (if it was activated)
[ RunManager ] 1231 debug: Reset the dark brem process (if it was activated)
[ RunManager ] 1232 debug: Reset the dark brem process (if it was activated)
[ RunManager ] 1233 debug: Reset the dark brem process (if it was activated)
[ RunManager ] 1234 debug: Reset the dark brem process (if it was activated)
[ RunManager ] 1235 debug: Reset the dark brem process (if it was activated)
[ RunManager ] 1236 debug: Reset the dark brem process (if it was activated)
[ RunManager ] 1237 debug: Reset the dark brem process (if it was activated)
[ RunManager ] 1238 debug: Reset the dark brem process (if it was activated)
[ RunManager ] 1239 debug: Reset the dark brem process (if it was activated)
[ RunManager ] 1240 debug: Reset the dark brem process (if it was activated)
[ RunManager ] 1241 debug: Reset the dark brem process (if it was activated)
[ RunManager ] 1242 debug: Reset the dark brem process (if it was activated)
[ RunManager ] 1243 debug: Reset the dark brem process (if it was activated)
[ RunManager ] 1244 debug: Reset the dark brem process (if it was activated)
[ RunManager ] 1245 debug: Reset the dark brem process (if it was activated)
[ RunManager ] 1246 debug: Reset the dark brem process (if it was activated)
[ RunManager ] 1247 debug: Reset the dark brem process (if it was activated)
[ RunManager ] 1248 debug: Reset the dark brem process (if it was activated)
[ RunManager ] 1249 debug: Reset the dark brem process (if it was activated)
[ RunManager ] 1250 debug: Reset the dark brem process (if it was activated)
[ RunManager ] 1251 debug: Reset the dark brem process (if it was activated)
[ RunManager ] 1252 debug: Reset the dark brem process (if it was activated)
[ RunManager ] 1253 debug: Reset the dark brem process (if it was activated)
[ RunManager ] 1254 debug: Reset the dark brem process (if it was activated)
[ RunManager ] 1255 debug: Reset the dark brem process (if it was activated)
[ RunManager ] 1256 debug: Reset the dark brem process (if it was activated)
[ RunManager ] 1257 debug: Reset the dark brem process (if it was activated)
[ RunManager ] 1258 debug: Reset the dark brem process (if it was activated)
[ RunManager ] 1259 debug: Reset the dark brem process (if it was activated)
[ RunManager ] 1260 debug: Reset the dark brem process (if it was activated)
[ RunManager ] 1261 debug: Reset the dark brem process (if it was activated)
[ RunManager ] 1262 debug: Reset the dark brem process (if it was activated)
[ RunManager ] 1263 debug: Reset the dark brem process (if it was activated)
[ RunManager ] 1264 debug: Reset the dark brem process (if it was activated)
[ RunManager ] 1265 debug: Reset the dark brem process (if it was activated)
[ RunManager ] 1266 debug: Reset the dark brem process (if it was activated)
[ RunManager ] 1267 debug: Reset the dark brem process (if it was activated)
[ RunManager ] 1268 debug: Reset the dark brem process (if it was activated)
[ RunManager ] 1269 debug: Reset the dark brem process (if it was activated)
[ RunManager ] 1270 debug: Reset the dark brem process (if it was activated)
[ RunManager ] 1271 debug: Reset the dark brem process (if it was activated)
[ RunManager ] 1272 debug: Reset the dark brem process (if it was activated)
[ RunManager ] 1273 debug: Reset the dark brem process (if it was activated)
[ RunManager ] 1274 debug: Reset the dark brem process (if it was activated)
[ RunManager ] 1275 debug: Reset the dark brem process (if it was activated)
[ RunManager ] 1276 debug: Reset the dark brem process (if it was activated)
[ RunManager ] 1277 debug: Reset the dark brem process (if it was activated)
[ RunManager ] 1278 debug: Reset the dark brem process (if it was activated)
[ RunManager ] 1279 debug: Reset the dark brem process (if it was activated)
[ RunManager ] 1280 debug: Reset the dark brem process (if it was activated)
[ RunManager ] 1281 debug: Reset the dark brem process (if it was activated)
[ RunManager ] 1282 debug: Reset the dark brem process (if it was activated)
[ RunManager ] 1283 debug: Reset the dark brem process (if it was activated)
[ RunManager ] 1284 debug: Reset the dark brem process (if it was activated)
[ RunManager ] 1285 debug: Reset the dark brem process (if it was activated)
[ RunManager ] 1286 debug: Reset the dark brem process (if it was activated)
[ RunManager ] 1287 debug: Reset the dark brem process (if it was activated)
[ RunManager ] 1288 debug: Reset the dark brem process (if it was activated)
[ RunManager ] 1289 debug: Reset the dark brem process (if it was activated)
[ RunManager ] 1290 debug: Reset the dark brem process (if it was activated)
[ RunManager ] 1291 debug: Reset the dark brem process (if it was activated)
[ RunManager ] 1292 debug: Reset the dark brem process (if it was activated)
[ RunManager ] 1293 debug: Reset the dark brem process (if it was activated)
[ RunManager ] 1294 debug: Reset the dark brem process (if it was activated)
[ RunManager ] 1295 debug: Reset the dark brem process (if it was activated)
[ RunManager ] 1296 debug: Reset the dark brem process (if it was activated)
[ RunManager ] 1297 debug: Reset the dark brem process (if it was activated)
[ RunManager ] 1298 debug: Reset the dark brem process (if it was activated)
[ RunManager ] 1299 debug: Reset the dark brem process (if it was activated)
[ RunManager ] 1300 debug: Reset the dark brem process (if it was activated)
[ RunManager ] 1301 debug: Reset the dark brem process (if it was activated)
[ RunManager ] 1302 debug: Reset the dark brem process (if it was activated)
[ RunManager ] 1303 debug: Reset the dark brem process (if it was activated)
[ RunManager ] 1304 debug: Reset the dark brem process (if it was activated)
[ RunManager ] 1305 debug: Reset the dark brem process (if it was activated)
[ RunManager ] 1306 debug: Reset the dark brem process (if it was activated)
[ RunManager ] 1307 debug: Reset the dark brem process (if it was activated)
[ RunManager ] 1308 debug: Reset the dark brem process (if it was activated)
[ RunManager ] 1309 debug: Reset the dark brem process (if it was activated)
[ RunManager ] 1310 debug: Reset the dark brem process (if it was activated)
[ RunManager ] 1311 debug: Reset the dark brem process (if it was activated)
[ RunManager ] 1312 debug: Reset the dark brem process (if it was activated)
[ RunManager ] 1313 debug: Reset the dark brem process (if it was activated)
[ RunManager ] 1314 debug: Reset the dark brem process (if it was activated)
[ RunManager ] 1315 debug: Reset the dark brem process (if it was activated)
[ RunManager ] 1316 debug: Reset the dark brem process (if it was activated)
[ RunManager ] 1317 debug: Reset the dark brem process (if it was activated)
[ RunManager ] 1318 debug: Reset the dark brem process (if it was activated)
[ RunManager ] 1319 debug: Reset the dark brem process (if it was activated)
[ RunManager ] 1320 debug: Reset the dark brem process (if it was activated)
[ RunManager ] 1321 debug: Reset the dark brem process (if it was activated)
[ RunManager ] 1322 debug: Reset the dark brem process (if it was activated)
[ RunManager ] 1323 debug: Reset the dark brem process (if it was activated)
[ RunManager ] 1324 debug: Reset the dark brem process (if it was activated)
[ RunManager ] 1325 debug: Reset the dark brem process (if it was activated)
[ RunManager ] 1326 debug: Reset the dark brem process (if it was activated)
[ RunManager ] 1327 debug: Reset the dark brem process (if it was activated)
[ RunManager ] 1328 debug: Reset the dark brem process (if it was activated)
[ RunManager ] 1329 debug: Reset the dark brem process (if it was activated)
[ RunManager ] 1330 debug: Reset the dark brem process (if it was activated)
[ RunManager ] 1331 debug: Reset the dark brem process (if it was activated)
[ RunManager ] 1332 debug: Reset the dark brem process (if it was activated)
[ RunManager ] 1333 debug: Reset the dark brem process (if it was activated)
[ RunManager ] 1334 debug: Reset the dark brem process (if it was activated)
[ RunManager ] 1335 debug: Reset the dark brem process (if it was activated)
[ RunManager ] 1336 debug: Reset the dark brem process (if it was activated)
[ RunManager ] 1337 debug: Reset the dark brem process (if it was activated)
[ RunManager ] 1338 debug: Reset the dark brem process (if it was activated)
[ RunManager ] 1339 debug: Reset the dark brem process (if it was activated)
[ RunManager ] 1340 debug: Reset the dark brem process (if it was activated)
[ RunManager ] 1341 debug: Reset the dark brem process (if it was activated)
[ RunManager ] 1342 debug: Reset the dark brem process (if it was activated)
[ RunManager ] 1343 debug: Reset the dark brem process (if it was activated)
[ RunManager ] 1344 debug: Reset the dark brem process (if it was activated)
[ RunManager ] 1345 debug: Reset the dark brem process (if it was activated)
[ RunManager ] 1346 debug: Reset the dark brem process (if it was activated)
[ RunManager ] 1347 debug: Reset the dark brem process (if it was activated)
[ RunManager ] 1348 debug: Reset the dark brem process (if it was activated)
[ RunManager ] 1349 debug: Reset the dark brem process (if it was activated)
[ RunManager ] 1350 debug: Reset the dark brem process (if it was activated)
[ RunManager ] 1351 debug: Reset the dark brem process (if it was activated)
[ RunManager ] 1352 debug: Reset the dark brem process (if it was activated)
[ RunManager ] 1353 debug: Reset the dark brem process (if it was activated)
[ RunManager ] 1354 debug: Reset the dark brem process (if it was activated)
[ RunManager ] 1355 debug: Reset the dark brem process (if it was activated)
[ RunManager ] 1356 debug: Reset the dark brem process (if it was activated)
[ RunManager ] 1357 debug: Reset the dark brem process (if it was activated)
[ RunManager ] 1358 debug: Reset the dark brem process (if it was activated)
[ RunManager ] 1359 debug: Reset the dark brem process (if it was activated)
[ RunManager ] 1360 debug: Reset the dark brem process (if it was activated)
[ RunManager ] 1361 debug: Reset the dark brem process (if it was activated)
[ RunManager ] 1362 debug: Reset the dark brem process (if it was activated)
[ RunManager ] 1363 debug: Reset the dark brem process (if it was activated)
[ RunManager ] 1364 debug: Reset the dark brem process (if it was activated)
[ RunManager ] 1365 debug: Reset the dark brem process (if it was activated)
[ RunManager ] 1366 debug: Reset the dark brem process (if it was activated)
[ RunManager ] 1367 debug: Reset the dark brem process (if it was activated)
[ RunManager ] 1368 debug: Reset the dark brem process (if it was activated)
[ RunManager ] 1369 debug: Reset the dark brem process (if it was activated)
[ RunManager ] 1370 debug: Reset the dark brem process (if it was activated)
[ RunManager ] 1371 debug: Reset the dark brem process (if it was activated)
[ RunManager ] 1372 debug: Reset the dark brem process (if it was activated)
[ RunManager ] 1373 debug: Reset the dark brem process (if it was activated)
[ RunManager ] 1374 debug: Reset the dark brem process (if it was activated)
[ RunManager ] 1375 debug: Reset the dark brem process (if it was activated)
[ RunManager ] 1376 debug: Reset the dark brem process (if it was activated)
[ RunManager ] 1377 debug: Reset the dark brem process (if it was activated)
[ RunManager ] 1378 debug: Reset the dark brem process (if it was activated)
[ RunManager ] 1379 debug: Reset the dark brem process (if it was activated)
[ RunManager ] 1380 debug: Reset the dark brem process (if it was activated)
[ RunManager ] 1381 debug: Reset the dark brem process (if it was activated)
[ RunManager ] 1382 debug: Reset the dark brem process (if it was activated)
[ RunManager ] 1383 debug: Reset the dark brem process (if it was activated)
[ RunManager ] 1384 debug: Reset the dark brem process (if it was activated)
[ RunManager ] 1385 debug: Reset the dark brem process (if it was activated)
[ RunManager ] 1386 debug: Reset the dark brem process (if it was activated)
[ RunManager ] 1387 debug: Reset the dark brem process (if it was activated)
[ RunManager ] 1388 debug: Reset the dark brem process (if it was activated)
[ RunManager ] 1389 debug: Reset the dark brem process (if it was activated)
[ RunManager ] 1390 debug: Reset the dark brem process (if it was activated)
[ RunManager ] 1391 debug: Reset the dark brem process (if it was activated)
[ RunManager ] 1392 debug: Reset the dark brem process (if it was activated)
[ RunManager ] 1393 debug: Reset the dark brem process (if it was activated)
[ RunManager ] 1394 debug: Reset the dark brem process (if it was activated)
[ RunManager ] 1395 debug: Reset the dark brem process (if it was activated)
[ RunManager ] 1396 debug: Reset the dark brem process (if it was activated)
[ RunManager ] 1397 debug: Reset the dark brem process (if it was activated)
[ RunManager ] 1398 debug: Reset the dark brem process (if it was activated)
[ RunManager ] 1399 debug: Reset the dark brem process (if it was activated)
[ RunManager ] 1400 debug: Reset the dark brem process (if it was activated)
[ RunManager ] 1401 debug: Reset the dark brem process (if it was activated)
[ RunManager ] 1402 debug: Reset the dark brem process (if it was activated)
[ RunManager ] 1403 debug: Reset the dark brem process (if it was activated)
[ RunManager ] 1404 debug: Reset the dark brem process (if it was activated)
[ RunManager ] 1405 debug: Reset the dark brem process (if it was activated)
[ RunManager ] 1406 debug: Reset the dark brem process (if it was activated)
[ RunManager ] 1407 debug: Reset the dark brem process (if it was activated)
[ RunManager ] 1408 debug: Reset the dark brem process (if it was activated)
[ RunManager ] 1409 debug: Reset the dark brem process (if it was activated)
[ RunManager ] 1410 debug: Reset the dark brem process (if it was activated)
[ RunManager ] 1411 debug: Reset the dark brem process (if it was activated)
[ RunManager ] 1412 debug: Reset the dark brem process (if it was activated)
[ RunManager ] 1413 debug: Reset the dark brem process (if it was activated)
[ RunManager ] 1414 debug: Reset the dark brem process (if it was activated)
[ RunManager ] 1415 debug: Reset the dark brem process (if it was activated)
[ RunManager ] 1416 debug: Reset the dark brem process (if it was activated)
[ RunManager ] 1417 debug: Reset the dark brem process (if it was activated)
[ RunManager ] 1418 debug: Reset the dark brem process (if it was activated)
[ RunManager ] 1419 debug: Reset the dark brem process (if it was activated)
[ RunManager ] 1420 debug: Reset the dark brem process (if it was activated)
[ RunManager ] 1421 debug: Reset the dark brem process (if it was activated)
[ RunManager ] 1422 debug: Reset the dark brem process (if it was activated)
[ RunManager ] 1423 debug: Reset the dark brem process (if it was activated)
[ RunManager ] 1424 debug: Reset the dark brem process (if it was activated)
[ RunManager ] 1425 debug: Reset the dark brem process (if it was activated)
[ RunManager ] 1426 debug: Reset the dark brem process (if it was activated)
[ RunManager ] 1427 debug: Reset the dark brem process (if it was activated)
[ RunManager ] 1428 debug: Reset the dark brem process (if it was activated)
[ RunManager ] 1429 debug: Reset the dark brem process (if it was activated)
[ RunManager ] 1430 debug: Reset the dark brem process (if it was activated)
[ RunManager ] 1431 debug: Reset the dark brem process (if it was activated)
[ RunManager ] 1432 debug: Reset the dark brem process (if it was activated)
[ RunManager ] 1433 debug: Reset the dark brem process (if it was activated)
[ RunManager ] 1434 debug: Reset the dark brem process (if it was activated)
[ RunManager ] 1435 debug: Reset the dark brem process (if it was activated)
[ RunManager ] 1436 debug: Reset the dark brem process (if it was activated)
[ RunManager ] 1437 debug: Reset the dark brem process (if it was activated)
[ RunManager ] 1438 debug: Reset the dark brem process (if it was activated)
[ RunManager ] 1439 debug: Reset the dark brem process (if it was activated)
[ RunManager ] 1440 debug: Reset the dark brem process (if it was activated)
[ RunManager ] 1441 debug: Reset the dark brem process (if it was activated)
[ RunManager ] 1442 debug: Reset the dark brem process (if it was activated)
[ RunManager ] 1443 debug: Reset the dark brem process (if it was activated)
[ RunManager ] 1444 debug: Reset the dark brem process (if it was activated)
[ RunManager ] 1445 debug: Reset the dark brem process (if it was activated)
[ RunManager ] 1446 debug: Reset the dark brem process (if it was activated)
[ RunManager ] 1447 debug: Reset the dark brem process (if it was activated)
[ RunManager ] 1448 debug: Reset the dark brem process (if it was activated)
[ RunManager ] 1449 debug: Reset the dark brem process (if it was activated)
[ RunManager ] 1450 debug: Reset the dark brem process (if it was activated)
[ RunManager ] 1451 debug: Reset the dark brem process (if it was activated)
[ RunManager ] 1452 debug: Reset the dark brem process (if it was activated)
[ RunManager ] 1453 debug: Reset the dark brem process (if it was activated)
[ RunManager ] 1454 debug: Reset the dark brem process (if it was activated)
[ RunManager ] 1455 debug: Reset the dark brem process (if it was activated)
[ RunManager ] 1456 debug: Reset the dark brem process (if it was activated)
[ RunManager ] 1457 debug: Reset the dark brem process (if it was activated)
[ RunManager ] 1458 debug: Reset the dark brem process (if it was activated)
[ RunManager ] 1459 debug: Reset the dark brem process (if it was activated)
[ RunManager ] 1460 debug: Reset the dark brem process (if it was activated)
[ RunManager ] 1461 debug: Reset the dark brem process (if it was activated)
[ RunManager ] 1462 debug: Reset the dark brem process (if it was activated)
[ RunManager ] 1463 debug: Reset the dark brem process (if it was activated)
[ RunManager ] 1464 debug: Reset the dark brem process (if it was activated)
[ RunManager ] 1465 debug: Reset the dark brem process (if it was activated)
[ RunManager ] 1466 debug: Reset the dark brem process (if it was activated)
[ RunManager ] 1467 debug: Reset the dark brem process (if it was activated)
[ RunManager ] 1468 debug: Reset the dark brem process (if it was activated)
[ RunManager ] 1469 debug: Reset the dark brem process (if it was activated)
[ RunManager ] 1470 debug: Reset the dark brem process (if it was activated)
[ RunManager ] 1471 debug: Reset the dark brem process (if it was activated)
[ RunManager ] 1472 debug: Reset the dark brem process (if it was activated)
[ RunManager ] 1473 debug: Reset the dark brem process (if it was activated)
[ RunManager ] 1474 debug: Reset the dark brem process (if it was activated)
[ RunManager ] 1475 debug: Reset the dark brem process (if it was activated)
[ RunManager ] 1476 debug: Reset the dark brem process (if it was activated)
[ RunManager ] 1477 debug: Reset the dark brem process (if it was activated)
[ RunManager ] 1478 debug: Reset the dark brem process (if it was activated)
[ RunManager ] 1479 debug: Reset the dark brem process (if it was activated)
[ RunManager ] 1480 debug: Reset the dark brem process (if it was activated)
[ RunManager ] 1481 debug: Reset the dark brem process (if it was activated)
[ RunManager ] 1482 debug: Reset the dark brem process (if it was activated)
[ RunManager ] 1483 debug: Reset the dark brem process (if it was activated)
[ RunManager ] 1484 debug: Reset the dark brem process (if it was activated)
[ RunManager ] 1485 debug: Reset the dark brem process (if it was activated)
[ RunManager ] 1486 debug: Reset the dark brem process (if it was activated)
[ RunManager ] 1487 debug: Reset the dark brem process (if it was activated)
[ RunManager ] 1488 debug: Reset the dark brem process (if it was activated)
[ RunManager ] 1489 debug: Reset the dark brem process (if it was activated)
[ RunManager ] 1490 debug: Reset the dark brem process (if it was activated)
[ RunManager ] 1491 debug: Reset the dark brem process (if it was activated)
[ RunManager ] 1492 debug: Reset the dark brem process (if it was activated)
[ RunManager ] 1493 debug: Reset the dark brem process (if it was activated)
[ RunManager ] 1494 debug: Reset the dark brem process (if it was activated)
[ RunManager ] 1495 debug: Reset the dark brem process (if it was activated)
[ RunManager ] 1496 debug: Reset the dark brem process (if it was activated)
[ RunManager ] 1497 debug: Reset the dark brem process (if it was activated)
[ RunManager ] 1498 debug: Reset the dark brem process (if it was activated)
[ RunManager ] 1499 debug: Reset the dark brem process (if it was activated)
[ RunManager ] 1500 debug: Reset the dark brem process (if it was activated)
[ RunManager ] 1501 debug: Reset the dark brem process (if it was activated)
[ RunManager ] 1502 debug: Reset the dark brem process (if it was activated)
[ RunManager ] 1503 debug: Reset the dark brem process (if it was activated)
[ RunManager ] 1504 debug: Reset the dark brem process (if it was activated)
[ RunManager ] 1505 debug: Reset the dark brem process (if it was activated)
[ RunManager ] 1506 debug: Reset the dark brem process (if it was activated)
[ RunManager ] 1507 debug: Reset the dark brem process (if it was activated)
[ RunManager ] 1508 debug: Reset the dark brem process (if it was activated)
[ RunManager ] 1509 debug: Reset the dark brem process (if it was activated)
[ RunManager ] 1510 debug: Reset the dark brem process (if it was activated)
[ RunManager ] 1511 debug: Reset the dark brem process (if it was activated)
[ RunManager ] 1512 debug: Reset the dark brem process (if it was activated)
[ RunManager ] 1513 debug: Reset the dark brem process (if it was activated)
[ RunManager ] 1514 debug: Reset the dark brem process (if it was activated)
[ RunManager ] 1515 debug: Reset the dark brem process (if it was activated)
[ RunManager ] 1516 debug: Reset the dark brem process (if it was activated)
[ RunManager ] 1517 debug: Reset the dark brem process (if it was activated)
[ RunManager ] 1518 debug: Reset the dark brem process (if it was activated)
[ RunManager ] 1519 debug: Reset the dark brem process (if it was activated)
[ RunManager ] 1520 debug: Reset the dark brem process (if it was activated)
[ RunManager ] 1521 debug: Reset the dark brem process (if it was activated)
[ RunManager ] 1522 debug: Reset the dark brem process (if it was activated)
[ RunManager ] 1523 debug: Reset the dark brem process (if it was activated)
[ RunManager ] 1524 debug: Reset the dark brem process (if it was activated)
[ RunManager ] 1525 debug: Reset the dark brem process (if it was activated)
[ RunManager ] 1526 debug: Reset the dark brem process (if it was activated)
[ RunManager ] 1527 debug: Reset the dark brem process (if it was activated)
[ RunManager ] 1528 debug: Reset the dark brem process (if it was activated)
[ RunManager ] 1529 debug: Reset the dark brem process (if it was activated)
[ RunManager ] 1530 debug: Reset the dark brem process (if it was activated)
[ RunManager ] 1531 debug: Reset the dark brem process (if it was activated)
[ RunManager ] 1532 debug: Reset the dark brem process (if it was activated)
[ RunManager ] 1533 debug: Reset the dark brem process (if it was activated)
[ RunManager ] 1534 debug: Reset the dark brem process (if it was activated)
[ RunManager ] 1535 debug: Reset the dark brem process (if it was activated)
[ RunManager ] 1536 debug: Reset the dark brem process (if it was activated)
[ RunManager ] 1537 debug: Reset the dark brem process (if it was activated)
[ RunManager ] 1538 debug: Reset the dark brem process (if it was activated)
[ RunManager ] 1539 debug: Reset the dark brem process (if it was activated)
[ RunManager ] 1540 debug: Reset the dark brem process (if it was activated)
[ RunManager ] 1541 debug: Reset the dark brem process (if it was activated)
[ RunManager ] 1542 debug: Reset the dark brem process (if it was activated)
[ RunManager ] 1543 debug: Reset the dark brem process (if it was activated)
[ RunManager ] 1544 debug: Reset the dark brem process (if it was activated)
[ RunManager ] 1545 debug: Reset the dark brem process (if it was activated)
[ RunManager ] 1546 debug: Reset the dark brem process (if it was activated)
[ RunManager ] 1547 debug: Reset the dark brem process (if it was activated)
[ RunManager ] 1548 debug: Reset the dark brem process (if it was activated)
[ RunManager ] 1549 debug: Reset the dark brem process (if it was activated)
[ RunManager ] 1550 debug: Reset the dark brem process (if it was activated)
[ RunManager ] 1551 debug: Reset the dark brem process (if it was activated)
[ RunManager ] 1552 debug: Reset the dark brem process (if it was activated)
[ RunManager ] 1553 debug: Reset the dark brem process (if it was activated)
[ RunManager ] 1554 debug: Reset the dark brem process (if it was activated)
[ RunManager ] 1555 debug: Reset the dark brem process (if it was activated)
[ RunManager ] 1556 debug: Reset the dark brem process (if it was activated)
[ RunManager ] 1557 debug: Reset the dark brem process (if it was activated)
[ RunManager ] 1558 debug: Reset the dark brem process (if it was activated)
[ RunManager ] 1559 debug: Reset the dark brem process (if it was activated)
[ RunManager ] 1560 debug: Reset the dark brem process (if it was activated)
[ RunManager ] 1561 debug: Reset the dark brem process (if it was activated)
[ RunManager ] 1562 debug: Reset the dark brem process (if it was activated)
[ RunManager ] 1563 debug: Reset the dark brem process (if it was activated)
[ RunManager ] 1564 debug: Reset the dark brem process (if it was activated)
[ RunManager ] 1565 debug: Reset the dark brem process (if it was activated)
[ RunManager ] 1566 debug: Reset the dark brem process (if it was activated)
[ RunManager ] 1567 debug: Reset the dark brem process (if it was activated)
[ RunManager ] 1568 debug: Reset the dark brem process (if it was activated)
[ RunManager ] 1569 debug: Reset the dark brem process (if it was activated)
[ RunManager ] 1570 debug: Reset the dark brem process (if it was activated)
[ RunManager ] 1571 debug: Reset the dark brem process (if it was activated)
[ RunManager ] 1572 debug: Reset the dark brem process (if it was activated)
[ RunManager ] 1573 debug: Reset the dark brem process (if it was activated)
[ RunManager ] 1574 debug: Reset the dark brem process (if it was activated)
[ RunManager ] 1575 debug: Reset the dark brem process (if it was activated)
[ RunManager ] 1576 debug: Reset the dark brem process (if it was activated)
[ RunManager ] 1577 debug: Reset the dark brem process (if it was activated)
[ RunManager ] 1578 debug: Reset the dark brem process (if it was activated)
[ RunManager ] 1579 debug: Reset the dark brem process (if it was activated)
[ RunManager ] 1580 debug: Reset the dark brem process (if it was activated)
[ RunManager ] 1581 debug: Reset the dark brem process (if it was activated)
[ RunManager ] 1582 debug: Reset the dark brem process (if it was activated)
[ RunManager ] 1583 debug: Reset the dark brem process (if it was activated)
[ RunManager ] 1584 debug: Reset the dark brem process (if it was activated)
[ RunManager ] 1585 debug: Reset the dark brem process (if it was activated)
[ RunManager ] 1586 debug: Reset the dark brem process (if it was activated)
[ RunManager ] 1587 debug: Reset the dark brem process (if it was activated)
[ RunManager ] 1588 debug: Reset the dark brem process (if it was activated)
[ RunManager ] 1589 debug: Reset the dark brem process (if it was activated)
[ RunManager ] 1590 debug: Reset the dark brem process (if it was activated)
[ RunManager ] 1591 debug: Reset the dark brem process (if it was activated)
[ RunManager ] 1592 debug: Reset the dark brem process (if it was activated)
[ RunManager ] 1593 debug: Reset the dark brem process (if it was activated)
[ RunManager ] 1594 debug: Reset the dark brem process (if it was activated)
[ RunManager ] 1595 debug: Reset the dark brem process (if it was activated)
[ RunManager ] 1596 debug: Reset the dark brem process (if it was activated)
[ RunManager ] 1597 debug: Reset the dark brem process (if it was activated)
[ RunManager ] 1598 debug: Reset the dark brem process (if it was activated)
[ RunManager ] 1599 debug: Reset the dark brem process (if it was activated)
[ RunManager ] 1600 debug: Reset the dark brem process (if it was activated)
[ RunManager ] 1601 debug: Reset the dark brem process (if it was activated)
[ RunManager ] 1602 debug: Reset the dark brem process (if it was activated)
[ RunManager ] 1603 debug: Reset the dark brem process (if it was activated)
[ RunManager ] 1604 debug: Reset the dark brem process (if it was activated)
[ RunManager ] 1605 debug: Reset the dark brem process (if it was activated)
[ RunManager ] 1606 debug: Reset the dark brem process (if it was activated)
[ RunManager ] 1607 debug: Reset the dark brem process (if it was activated)
[ RunManager ] 1608 debug: Reset the dark brem process (if it was activated)
[ RunManager ] 1609 debug: Reset the dark brem process (if it was activated)
[ RunManager ] 1610 debug: Reset the dark brem process (if it was activated)
[ RunManager ] 1611 debug: Reset the dark brem process (if it was activated)
[ RunManager ] 1612 debug: Reset the dark brem process (if it was activated)
[ RunManager ] 1613 debug: Reset the dark brem process (if it was activated)
[ RunManager ] 1614 debug: Reset the dark brem process (if it was activated)
[ RunManager ] 1615 debug: Reset the dark brem process (if it was activated)
[ RunManager ] 1616 debug: Reset the dark brem process (if it was activated)
[ RunManager ] 1617 debug: Reset the dark brem process (if it was activated)
[ RunManager ] 1618 debug: Reset the dark brem process (if it was activated)
[ RunManager ] 1619 debug: Reset the dark brem process (if it was activated)
[ RunManager ] 1620 debug: Reset the dark brem process (if it was activated)
[ RunManager ] 1621 debug: Reset the dark brem process (if it was activated)
[ RunManager ] 1622 debug: Reset the dark brem process (if it was activated)
[ RunManager ] 1623 debug: Reset the dark brem process (if it was activated)
[ RunManager ] 1624 debug: Reset the dark brem process (if it was activated)
[ RunManager ] 1625 debug: Reset the dark brem process (if it was activated)
[ RunManager ] 1626 debug: Reset the dark brem process (if it was activated)
[ RunManager ] 1627 debug: Reset the dark brem process (if it was activated)
[ RunManager ] 1628 debug: Reset the dark brem process (if it was activated)
[ RunManager ] 1629 debug: Reset the dark brem process (if it was activated)
[ RunManager ] 1630 debug: Reset the dark brem process (if it was activated)
[ RunManager ] 1631 debug: Reset the dark brem process (if it was activated)
[ RunManager ] 1632 debug: Reset the dark brem process (if it was activated)
[ RunManager ] 1633 debug: Reset the dark brem process (if it was activated)
[ RunManager ] 1634 debug: Reset the dark brem process (if it was activated)
[ RunManager ] 1635 debug: Reset the dark brem process (if it was activated)
[ RunManager ] 1636 debug: Reset the dark brem process (if it was activated)
[ RunManager ] 1637 debug: Reset the dark brem process (if it was activated)
[ RunManager ] 1638 debug: Reset the dark brem process (if it was activated)
[ RunManager ] 1639 debug: Reset the dark brem process (if it was activated)
[ RunManager ] 1640 debug: Reset the dark brem process (if it was activated)
[ RunManager ] 1641 debug: Reset the dark brem process (if it was activated)
[ RunManager ] 1642 debug: Reset the dark brem process (if it was activated)
[ RunManager ] 1643 debug: Reset the dark brem process (if it was activated)
[ RunManager ] 1644 debug: Reset the dark brem process (if it was activated)
[ RunManager ] 1645 debug: Reset the dark brem process (if it was activated)
[ RunManager ] 1646 debug: Reset the dark brem process (if it was activated)
[ RunManager ] 1647 debug: Reset the dark brem process (if it was activated)
[ RunManager ] 1648 debug: Reset the dark brem process (if it was activated)
[ RunManager ] 1649 debug: Reset the dark brem process (if it was activated)
[ RunManager ] 1650 debug: Reset the dark brem process (if it was activated)
[ RunManager ] 1651 debug: Reset the dark brem process (if it was activated)
[ RunManager ] 1652 debug: Reset the dark brem process (if it was activated)
[ RunManager ] 1653 debug: Reset the dark brem process (if it was activated)
[ RunManager ] 1654 debug: Reset the dark brem process (if it was activated)
[ RunManager ] 1655 debug: Reset the dark brem process (if it was activated)
[ RunManager ] 1656 debug: Reset the dark brem process (if it was activated)
[ RunManager ] 1657 debug: Reset the dark brem process (if it was activated)
[ RunManager ] 1658 debug: Reset the dark brem process (if it was activated)
[ RunManager ] 1659 debug: Reset the dark brem process (if it was activated)
[ RunManager ] 1660 debug: Reset the dark brem process (if it was activated)
[ RunManager ] 1661 debug: Reset the dark brem process (if it was activated)
[ RunManager ] 1662 debug: Reset the dark brem process (if it was activated)
[ RunManager ] 1663 debug: Reset the dark brem process (if it was activated)
[ RunManager ] 1664 debug: Reset the dark brem process (if it was activated)
[ RunManager ] 1665 debug: Reset the dark brem process (if it was activated)
[ RunManager ] 1666 debug: Reset the dark brem process (if it was activated)
[ RunManager ] 1667 debug: Reset the dark brem process (if it was activated)
[ RunManager ] 1668 debug: Reset the dark brem process (if it was activated)
[ RunManager ] 1669 debug: Reset the dark brem process (if it was activated)
[ RunManager ] 1670 debug: Reset the dark brem process (if it was activated)
[ RunManager ] 1671 debug: Reset the dark brem process (if it was activated)
[ RunManager ] 1672 debug: Reset the dark brem process (if it was activated)
[ RunManager ] 1673 debug: Reset the dark brem process (if it was activated)
[ RunManager ] 1674 debug: Reset the dark brem process (if it was activated)
[ RunManager ] 1675 debug: Reset the dark brem process (if it was activated)
[ RunManager ] 1676 debug: Reset the dark brem process (if it was activated)
[ RunManager ] 1677 debug: Reset the dark brem process (if it was activated)
[ RunManager ] 1678 debug: Reset the dark brem process (if it was activated)
[ RunManager ] 1679 debug: Reset the dark brem process (if it was activated)
[ RunManager ] 1680 debug: Reset the dark brem process (if it was activated)
[ RunManager ] 1681 debug: Reset the dark brem process (if it was activated)
[ RunManager ] 1682 debug: Reset the dark brem process (if it was activated)
[ RunManager ] 1683 debug: Reset the dark brem process (if it was activated)
[ RunManager ] 1684 debug: Reset the dark brem process (if it was activated)
[ RunManager ] 1685 debug: Reset the dark brem process (if it was activated)
[ RunManager ] 1686 debug: Reset the dark brem process (if it was activated)
[ RunManager ] 1687 debug: Reset the dark brem process (if it was activated)
[ RunManager ] 1688 debug: Reset the dark brem process (if it was activated)
[ RunManager ] 1689 debug: Reset the dark brem process (if it was activated)
[ RunManager ] 1690 debug: Reset the dark brem process (if it was activated)
[ RunManager ] 1691 debug: Reset the dark brem process (if it was activated)
[ RunManager ] 1692 debug: Reset the dark brem process (if it was activated)
[ RunManager ] 1693 debug: Reset the dark brem process (if it was activated)
[ RunManager ] 1694 debug: Reset the dark brem process (if it was activated)
[ RunManager ] 1695 debug: Reset the dark brem process (if it was activated)
[ RunManager ] 1696 debug: Reset the dark brem process (if it was activated)
[ RunManager ] 1697 debug: Reset the dark brem process (if it was activated)
[ RunManager ] 1698 debug: Reset the dark brem process (if it was activated)
[ RunManager ] 1699 debug: Reset the dark brem process (if it was activated)
[ RunManager ] 1700 debug: Reset the dark brem process (if it was activated)
[ RunManager ] 1701 debug: Reset the dark brem process (if it was activated)
[ RunManager ] 1702 debug: Reset the dark brem process (if it was activated)
[ RunManager ] 1703 debug: Reset the dark brem process (if it was activated)
[ RunManager ] 1704 debug: Reset the dark brem process (if it was activated)
[ RunManager ] 1705 debug: Reset the dark brem process (if it was activated)
[ RunManager ] 1706 debug: Reset the dark brem process (if it was activated)
[ RunManager ] 1707 debug: Reset the dark brem process (if it was activated)
[ RunManager ] 1708 debug: Reset the dark brem process (if it was activated)
[ RunManager ] 1709 debug: Reset the dark brem process (if it was activated)
[ RunManager ] 1710 debug: Reset the dark brem process (if it was activated)
[ RunManager ] 1711 debug: Reset the dark brem process (if it was activated)
[ RunManager ] 1712 debug: Reset the dark brem process (if it was activated)
[ RunManager ] 1713 debug: Reset the dark brem process (if it was activated)
[ RunManager ] 1714 debug: Reset the dark brem process (if it was activated)
[ RunManager ] 1715 debug: Reset the dark brem process (if it was activated)
[ RunManager ] 1716 debug: Reset the dark brem process (if it was activated)
[ RunManager ] 1717 debug: Reset the dark brem process (if it was activated)
[ RunManager ] 1718 debug: Reset the dark brem process (if it was activated)
[ RunManager ] 1719 debug: Reset the dark brem process (if it was activated)
[ RunManager ] 1720 debug: Reset the dark brem process (if it was activated)
[ RunManager ] 1721 debug: Reset the dark brem process (if it was activated)
[ RunManager ] 1722 debug: Reset the dark brem process (if it was activated)
[ RunManager ] 1723 debug: Reset the dark brem process (if it was activated)
[ RunManager ] 1724 debug: Reset the dark brem process (if it was activated)
[ RunManager ] 1725 debug: Reset the dark brem process (if it was activated)
[ RunManager ] 1726 debug: Reset the dark brem process (if it was activated)
[ RunManager ] 1727 debug: Reset the dark brem process (if it was activated)
[ RunManager ] 1728 debug: Reset the dark brem process (if it was activated)
[ RunManager ] 1729 debug: Reset the dark brem process (if it was activated)
[ RunManager ] 1730 debug: Reset the dark brem process (if it was activated)
[ RunManager ] 1731 debug: Reset the dark brem process (if it was activated)
[ RunManager ] 1732 debug: Reset the dark brem process (if it was activated)
[ RunManager ] 1733 debug: Reset the dark brem process (if it was activated)
[ RunManager ] 1734 debug: Reset the dark brem process (if it was activated)
[ RunManager ] 1735 debug: Reset the dark brem process (if it was activated)
[ RunManager ] 1736 debug: Reset the dark brem process (if it was activated)
[ RunManager ] 1737 debug: Reset the dark brem process (if it was activated)
[ RunManager ] 1738 debug: Reset the dark brem process (if it was activated)
[ RunManager ] 1739 debug: Reset the dark brem process (if it was activated)
[ RunManager ] 1740 debug: Reset the dark brem process (if it was activated)
[ RunManager ] 1741 debug: Reset the dark brem process (if it was activated)
[ RunManager ] 1742 debug: Reset the dark brem process (if it was activated)
[ RunManager ] 1743 debug: Reset the dark brem process (if it was activated)
[ RunManager ] 1744 debug: Reset the dark brem process (if it was activated)
[ RunManager ] 1745 debug: Reset the dark brem process (if it was activated)
[ RunManager ] 1746 debug: Reset the dark brem process (if it was activated)
[ RunManager ] 1747 debug: Reset the dark brem process (if it was activated)
[ RunManager ] 1748 debug: Reset the dark brem process (if it was activated)
[ RunManager ] 1749 debug: Reset the dark brem process (if it was activated)
[ RunManager ] 1750 debug: Reset the dark brem process (if it was activated)
[ RunManager ] 1751 debug: Reset the dark brem process (if it was activated)
[ RunManager ] 1752 debug: Reset the dark brem process (if it was activated)
[ RunManager ] 1753 debug: Reset the dark brem process (if it was activated)
[ RunManager ] 1754 debug: Reset the dark brem process (if it was activated)
[ RunManager ] 1755 debug: Reset the dark brem process (if it was activated)
[ RunManager ] 1756 debug: Reset the dark brem process (if it was activated)
[ RunManager ] 1757 debug: Reset the dark brem process (if it was activated)
[ RunManager ] 1758 debug: Reset the dark brem process (if it was activated)
[ RunManager ] 1759 debug: Reset the dark brem process (if it was activated)
[ RunManager ] 1760 debug: Reset the dark brem process (if it was activated)
[ RunManager ] 1761 debug: Reset the dark brem process (if it was activated)
[ RunManager ] 1762 debug: Reset the dark brem process (if it was activated)
[ RunManager ] 1763 debug: Reset the dark brem process (if it was activated)
[ RunManager ] 1764 debug: Reset the dark brem process (if it was activated)
[ RunManager ] 1765 debug: Reset the dark brem process (if it was activated)
[ RunManager ] 1766 debug: Reset the dark brem process (if it was activated)
[ RunManager ] 1767 debug: Reset the dark brem process (if it was activated)
[ RunManager ] 1768 debug: Reset the dark brem process (if it was activated)
[ RunManager ] 1769 debug: Reset the dark brem process (if it was activated)
[ RunManager ] 1770 debug: Reset the dark brem process (if it was activated)
[ RunManager ] 1771 debug: Reset the dark brem process (if it was activated)
[ RunManager ] 1772 debug: Reset the dark brem process (if it was activated)
[ RunManager ] 1773 debug: Reset the dark brem process (if it was activated)
[ RunManager ] 1774 debug: Reset the dark brem process (if it was activated)
[ RunManager ] 1775 debug: Reset the dark brem process (if it was activated)
[ RunManager ] 1776 debug: Reset the dark brem process (if it was activated)
[ RunManager ] 1777 debug: Reset the dark brem process (if it was activated)
[ RunManager ] 1778 debug: Reset the dark brem process (if it was activated)
[ RunManager ] 1779 debug: Reset the dark brem process (if it was activated)
[ RunManager ] 1780 debug: Reset the dark brem process (if it was activated)
[ RunManager ] 1781 debug: Reset the dark brem process (if it was activated)
[ RunManager ] 1782 debug: Reset the dark brem process (if it was activated)
[ RunManager ] 1783 debug: Reset the dark brem process (if it was activated)
[ RunManager ] 1784 debug: Reset the dark brem process (if it was activated)
[ RunManager ] 1785 debug: Reset the dark brem process (if it was activated)
[ RunManager ] 1786 debug: Reset the dark brem process (if it was activated)
[ RunManager ] 1787 debug: Reset the dark brem process (if it was activated)
[ RunManager ] 1788 debug: Reset the dark brem process (if it was activated)
[ RunManager ] 1789 debug: Reset the dark brem process (if it was activated)
[ RunManager ] 1790 debug: Reset the dark brem process (if it was activated)
[ RunManager ] 1791 debug: Reset the dark brem process (if it was activated)
[ RunManager ] 1792 debug: Reset the dark brem process (if it was activated)
[ RunManager ] 1793 debug: Reset the dark brem process (if it was activated)
[ RunManager ] 1794 debug: Reset the dark brem process (if it was activated)
[ RunManager ] 1795 debug: Reset the dark brem process (if it was activated)
[ RunManager ] 1796 debug: Reset the dark brem process (if it was activated)
[ RunManager ] 1797 debug: Reset the dark brem process (if it was activated)
[ RunManager ] 1798 debug: Reset the dark brem process (if it was activated)
[ RunManager ] 1799 debug: Reset the dark brem process (if it was activated)
[ RunManager ] 1800 debug: Reset the dark brem process (if it was activated)
[ RunManager ] 1801 debug: Reset the dark brem process (if it was activated)
[ RunManager ] 1802 debug: Reset the dark brem process (if it was activated)
[ RunManager ] 1803 debug: Reset the dark brem process (if it was activated)
[ RunManager ] 1804 debug: Reset the dark brem process (if it was activated)
[ RunManager ] 1805 debug: Reset the dark brem process (if it was activated)
[ RunManager ] 1806 debug: Reset the dark brem process (if it was activated)
[ RunManager ] 1807 debug: Reset the dark brem process (if it was activated)
[ RunManager ] 1808 debug: Reset the dark brem process (if it was activated)
[ RunManager ] 1809 debug: Reset the dark brem process (if it was activated)
[ RunManager ] 1810 debug: Reset the dark brem process (if it was activated)
[ RunManager ] 1811 debug: Reset the dark brem process (if it was activated)
[ RunManager ] 1812 debug: Reset the dark brem process (if it was activated)
[ RunManager ] 1813 debug: Reset the dark brem process (if it was activated)
[ RunManager ] 1814 debug: Reset the dark brem process (if it was activated)
[ RunManager ] 1815 debug: Reset the dark brem process (if it was activated)
[ RunManager ] 1816 debug: Reset the dark brem process (if it was activated)
[ RunManager ] 1817 debug: Reset the dark brem process (if it was activated)
[ RunManager ] 1818 debug: Reset the dark brem process (if it was activated)
[ RunManager ] 1819 debug: Reset the dark brem process (if it was activated)
[ RunManager ] 1820 debug: Reset the dark brem process (if it was activated)
[ RunManager ] 1821 debug: Reset the dark brem process (if it was activated)
[ RunManager ] 1822 debug: Reset the dark brem process (if it was activated)
[ RunManager ] 1823 debug: Reset the dark brem process (if it was activated)
[ RunManager ] 1824 debug: Reset the dark brem process (if it was activated)
[ RunManager ] 1825 debug: Reset the dark brem process (if it was activated)
[ RunManager ] 1826 debug: Reset the dark brem process (if it was activated)
[ RunManager ] 1827 debug: Reset the dark brem process (if it was activated)
[ RunManager ] 1828 debug: Reset the dark brem process (if it was activated)
[ RunManager ] 1829 debug: Reset the dark brem process (if it was activated)
[ RunManager ] 1830 debug: Reset the dark brem process (if it was activated)
[ RunManager ] 1831 debug: Reset the dark brem process (if it was activated)
[ RunManager ] 1832 debug: Reset the dark brem process (if it was activated)
[ RunManager ] 1833 debug: Reset the dark brem process (if it was activated)
[ RunManager ] 1834 debug: Reset the dark brem process (if it was activated)
[ RunManager ] 1835 debug: Reset the dark brem process (if it was activated)
[ RunManager ] 1836 debug: Reset the dark brem process (if it was activated)
[ RunManager ] 1837 debug: Reset the dark brem process (if it was activated)
[ RunManager ] 1838 debug: Reset the dark brem process (if it was activated)
[ RunManager ] 1839 debug: Reset the dark brem process (if it was activated)
[ RunManager ] 1840 debug: Reset the dark brem process (if it was activated)
[ RunManager ] 1841 debug: Reset the dark brem process (if it was activated)
[ RunManager ] 1842 debug: Reset the dark brem process (if it was activated)
[ RunManager ] 1843 debug: Reset the dark brem process (if it was activated)
[ RunManager ] 1844 debug: Reset the dark brem process (if it was activated)
[ RunManager ] 1845 debug: Reset the dark brem process (if it was activated)
[ RunManager ] 1846 debug: Reset the dark brem process (if it was activated)
[ RunManager ] 1847 debug: Reset the dark brem process (if it was activated)
[ RunManager ] 1848 debug: Reset the dark brem process (if it was activated)
[ RunManager ] 1849 debug: Reset the dark brem process (if it was activated)
[ RunManager ] 1850 debug: Reset the dark brem process (if it was activated)
[ RunManager ] 1851 debug: Reset the dark brem process (if it was activated)
[ RunManager ] 1852 debug: Reset the dark brem process (if it was activated)
[ RunManager ] 1853 debug: Reset the dark brem process (if it was activated)
[ RunManager ] 1854 debug: Reset the dark brem process (if it was activated)
[ RunManager ] 1855 debug: Reset the dark brem process (if it was activated)
[ RunManager ] 1856 debug: Reset the dark brem process (if it was activated)
[ RunManager ] 1857 debug: Reset the dark brem process (if it was activated)
[ RunManager ] 1858 debug: Reset the dark brem process (if it was activated)
[ RunManager ] 1859 debug: Reset the dark brem process (if it was activated)
[ RunManager ] 1860 debug: Reset the dark brem process (if it was activated)
[ RunManager ] 1861 debug: Reset the dark brem process (if it was activated)
[ RunManager ] 1862 debug: Reset the dark brem process (if it was activated)
[ RunManager ] 1863 debug: Reset the dark brem process (if it was activated)
[ RunManager ] 1864 debug: Reset the dark brem process (if it was activated)
[ RunManager ] 1865 debug: Reset the dark brem process (if it was activated)
[ RunManager ] 1866 debug: Reset the dark brem process (if it was activated)
[ RunManager ] 1867 debug: Reset the dark brem process (if it was activated)
[ RunManager ] 1868 debug: Reset the dark brem process (if it was activated)
[ RunManager ] 1869 debug: Reset the dark brem process (if it was activated)
[ RunManager ] 1870 debug: Reset the dark brem process (if it was activated)
[ RunManager ] 1871 debug: Reset the dark brem process (if it was activated)
[ RunManager ] 1872 debug: Reset the dark brem process (if it was activated)
[ RunManager ] 1873 debug: Reset the dark brem process (if it was activated)
[ RunManager ] 1874 debug: Reset the dark brem process (if it was activated)
[ RunManager ] 1875 debug: Reset the dark brem process (if it was activated)
[ RunManager ] 1876 debug: Reset the dark brem process (if it was activated)
[ RunManager ] 1877 debug: Reset the dark brem process (if it was activated)
[ RunManager ] 1878 debug: Reset the dark brem process (if it was activated)
[ RunManager ] 1879 debug: Reset the dark brem process (if it was activated)
[ RunManager ] 1880 debug: Reset the dark brem process (if it was activated)
[ RunManager ] 1881 debug: Reset the dark brem process (if it was activated)
[ RunManager ] 1882 debug: Reset the dark brem process (if it was activated)
[ RunManager ] 1883 debug: Reset the dark brem process (if it was activated)
[ RunManager ] 1884 debug: Reset the dark brem process (if it was activated)
[ RunManager ] 1885 debug: Reset the dark brem process (if it was activated)
[ RunManager ] 1886 debug: Reset the dark brem process (if it was activated)
[ RunManager ] 1887 debug: Reset the dark brem process (if it was activated)
[ RunManager ] 1888 debug: Reset the dark brem process (if it was activated)
[ RunManager ] 1889 debug: Reset the dark brem process (if it was activated)
[ RunManager ] 1890 debug: Reset the dark brem process (if it was activated)
[ RunManager ] 1891 debug: Reset the dark brem process (if it was activated)
[ RunManager ] 1892 debug: Reset the dark brem process (if it was activated)
[ RunManager ] 1893 debug: Reset the dark brem process (if it was activated)
[ RunManager ] 1894 debug: Reset the dark brem process (if it was activated)
[ RunManager ] 1895 debug: Reset the dark brem process (if it was activated)
[ RunManager ] 1896 debug: Reset the dark brem process (if it was activated)
[ RunManager ] 1897 debug: Reset the dark brem process (if it was activated)
[ RunManager ] 1898 debug: Reset the dark brem process (if it was activated)
[ RunManager ] 1899 debug: Reset the dark brem process (if it was activated)
[ RunManager ] 1900 debug: Reset the dark brem process (if it was activated)
[ RunManager ] 1901 debug: Reset the dark brem process (if it was activated)
[ RunManager ] 1902 debug: Reset the dark brem process (if it was activated)
[ RunManager ] 1903 debug: Reset the dark brem process (if it was activated)
[ RunManager ] 1904 debug: Reset the dark brem process (if it was activated)
[ RunManager ] 1905 debug: Reset the dark brem process (if it was activated)
[ RunManager ] 1906 debug: Reset the dark brem process (if it was activated)
[ RunManager ] 1907 debug: Reset the dark brem process (if it was activated)
[ RunManager ] 1908 debug: Reset the dark brem process (if it was activated)
[ RunManager ] 1909 debug: Reset the dark brem process (if it was activated)
[ RunManager ] 1910 debug: Reset the dark brem process (if it was activated)
[ RunManager ] 1911 debug: Reset the dark brem process (if it was activated)
[ RunManager ] 1912 debug: Reset the dark brem process (if it was activated)
[ RunManager ] 1913 debug: Reset the dark brem process (if it was activated)
[ RunManager ] 1914 debug: Reset the dark brem process (if it was activated)
[ RunManager ] 1915 debug: Reset the dark brem process (if it was activated)
[ RunManager ] 1916 debug: Reset the dark brem process (if it was activated)
[ RunManager ] 1917 debug: Reset the dark brem process (if it was activated)
[ RunManager ] 1918 debug: Reset the dark brem process (if it was activated)
[ RunManager ] 1919 debug: Reset the dark brem process (if it was activated)
[ RunManager ] 1920 debug: Reset the dark brem process (if it was activated)
[ RunManager ] 1921 debug: Reset the dark brem process (if it was activated)
[ RunManager ] 1922 debug: Reset the dark brem process (if it was activated)
[ RunManager ] 1923 debug: Reset the dark brem process (if it was activated)
[ RunManager ] 1924 debug: Reset the dark brem process (if it was activated)
[ RunManager ] 1925 debug: Reset the dark brem process (if it was activated)
[ RunManager ] 1926 debug: Reset the dark brem process (if it was activated)
[ RunManager ] 1927 debug: Reset the dark brem process (if it was activated)
[ RunManager ] 1928 debug: Reset the dark brem process (if it was activated)
[ RunManager ] 1929 debug: Reset the dark brem process (if it was activated)
[ RunManager ] 1930 debug: Reset the dark brem process (if it was activated)
[ RunManager ] 1931 debug: Reset the dark brem process (if it was activated)
[ RunManager ] 1932 debug: Reset the dark brem process (if it was activated)
[ RunManager ] 1933 debug: Reset the dark brem process (if it was activated)
[ RunManager ] 1934 debug: Reset the dark brem process (if it was activated)
[ RunManager ] 1935 debug: Reset the dark brem process (if it was activated)
[ RunManager ] 1936 debug: Reset the dark brem process (if it was activated)
[ RunManager ] 1937 debug: Reset the dark brem process (if it was activated)
[ RunManager ] 1938 debug: Reset the dark brem process (if it was activated)
[ RunManager ] 1939 debug: Reset the dark brem process (if it was activated)
[ RunManager ] 1940 debug: Reset the dark brem process (if it was activated)
[ RunManager ] 1941 debug: Reset the dark brem process (if it was activated)
[ RunManager ] 1942 debug: Reset the dark brem process (if it was activated)
[ RunManager ] 1943 debug: Reset the dark brem process (if it was activated)
[ RunManager ] 1944 debug: Reset the dark brem process (if it was activated)
[ RunManager ] 1945 debug: Reset the dark brem process (if it was activated)
[ RunManager ] 1946 debug: Reset the dark brem process (if it was activated)
[ RunManager ] 1947 debug: Reset the dark brem process (if it was activated)
[ RunManager ] 1948 debug: Reset the dark brem process (if it was activated)
[ RunManager ] 1949 debug: Reset the dark brem process (if it was activated)
[ RunManager ] 1950 debug: Reset the dark brem process (if it was activated)
[ RunManager ] 1951 debug: Reset the dark brem process (if it was activated)
[ RunManager ] 1952 debug: Reset the dark brem process (if it was activated)
[ RunManager ] 1953 debug: Reset the dark brem process (if it was activated)
[ RunManager ] 1954 debug: Reset the dark brem process (if it was activated)
[ RunManager ] 1955 debug: Reset the dark brem process (if it was activated)
[ RunManager ] 1956 debug: Reset the dark brem process (if it was activated)
[ RunManager ] 1957 debug: Reset the dark brem process (if it was activated)
[ RunManager ] 1958 debug: Reset the dark brem process (if it was activated)
[ RunManager ] 1959 debug: Reset the dark brem process (if it was activated)
[ RunManager ] 1960 debug: Reset the dark brem process (if it was activated)
[ RunManager ] 1961 debug: Reset the dark brem process (if it was activated)
[ RunManager ] 1962 debug: Reset the dark brem process (if it was activated)
[ RunManager ] 1963 debug: Reset the dark brem process (if it was activated)
[ RunManager ] 1964 debug: Reset the dark brem process (if it was activated)
[ RunManager ] 1965 debug: Reset the dark brem process (if it was activated)
[ RunManager ] 1966 debug: Reset the dark brem process (if it was activated)
[ RunManager ] 1967 debug: Reset the dark brem process (if it was activated)
[ RunManager ] 1968 debug: Reset the dark brem process (if it was activated)
[ RunManager ] 1969 debug: Reset the dark brem process (if it was activated)
[ RunManager ] 1970 debug: Reset the dark brem process (if it was activated)
[ RunManager ] 1971 debug: Reset the dark brem process (if it was activated)
[ RunManager ] 1972 debug: Reset the dark brem process (if it was activated)
[ RunManager ] 1973 debug: Reset the dark brem process (if it was activated)
[ RunManager ] 1974 debug: Reset the dark brem process (if it was activated)
[ RunManager ] 1975 debug: Reset the dark brem process (if it was activated)
[ RunManager ] 1976 debug: Reset the dark brem process (if it was activated)
[ RunManager ] 1977 debug: Reset the dark brem process (if it was activated)
[ RunManager ] 1978 debug: Reset the dark brem process (if it was activated)
[ RunManager ] 1979 debug: Reset the dark brem process (if it was activated)
[ RunManager ] 1980 debug: Reset the dark brem process (if it was activated)
[ RunManager ] 1981 debug: Reset the dark brem process (if it was activated)
[ RunManager ] 1982 debug: Reset the dark brem process (if it was activated)
[ RunManager ] 1983 debug: Reset the dark brem process (if it was activated)
[ RunManager ] 1984 debug: Reset the dark brem process (if it was activated)
[ RunManager ] 1985 debug: Reset the dark brem process (if it was activated)
[ RunManager ] 1986 debug: Reset the dark brem process (if it was activated)
[ RunManager ] 1987 debug: Reset the dark brem process (if it was activated)
[ RunManager ] 1988 debug: Reset the dark brem process (if it was activated)
[ RunManager ] 1989 debug: Reset the dark brem process (if it was activated)
[ RunManager ] 1990 debug: Reset the dark brem process (if it was activated)
[ RunManager ] 1991 debug: Reset the dark brem process (if it was activated)
[ RunManager ] 1992 debug: Reset the dark brem process (if it was activated)
[ RunManager ] 1993 debug: Reset the dark brem process (if it was activated)
[ RunManager ] 1994 debug: Reset the dark brem process (if it was activated)
[ RunManager ] 1995 debug: Reset the dark brem process (if it was activated)
[ RunManager ] 1996 debug: Reset the dark brem process (if it was activated)
[ RunManager ] 1997 debug: Reset the dark brem process (if it was activated)
[ RunManager ] 1998 debug: Reset the dark brem process (if it was activated)
[ RunManager ] 1999 debug: Reset the dark brem process (if it was activated)
[ RunManager ] 2000 debug: Reset the dark brem process (if it was activated)
[ RunManager ] 2001 debug: Reset the dark brem process (if it was activated)
[ RunManager ] 2002 debug: Reset the dark brem process (if it was activated)
[ RunManager ] 2003 debug: Reset the dark brem process (if it was activated)
[ RunManager ] 2004 debug: Reset the dark brem process (if it was activated)
[ RunManager ] 2005 debug: Reset the dark brem process (if it was activated)
[ RunManager ] 2006 debug: Reset the dark brem process (if it was activated)
[ RunManager ] 2007 debug: Reset the dark brem process (if it was activated)
[ RunManager ] 2008 debug: Reset the dark brem process (if it was activated)
[ RunManager ] 2009 debug: Reset the dark brem process (if it was activated)
[ RunManager ] 2010 debug: Reset the dark brem process (if it was activated)
[ RunManager ] 2011 debug: Reset the dark brem process (if it was activated)
[ RunManager ] 2012 debug: Reset the dark brem process (if it was activated)
[ RunManager ] 2013 debug: Reset the dark brem process (if it was activated)
[ RunManager ] 2014 debug: Reset the dark brem process (if it was activated)
[ RunManager ] 2015 debug: Reset the dark brem process (if it was activated)
[ RunManager ] 2016 debug: Reset the dark brem process (if it was activated)
[ RunManager ] 2017 debug: Reset the dark brem process (if it was activated)
[ RunManager ] 2018 debug: Reset the dark brem process (if it was activated)
[ RunManager ] 2019 debug: Reset the dark brem process (if it was activated)
[ RunManager ] 2020 debug: Reset the dark brem process (if it was activated)
[ RunManager ] 2021 debug: Reset the dark brem process (if it was activated)
[ RunManager ] 2022 debug: Reset the dark brem process (if it was activated)
[ RunManager ] 2023 debug: Reset the dark brem process (if it was activated)
[ RunManager ] 2024 debug: Reset the dark brem process (if it was activated)
[ RunManager ] 2025 debug: Reset the dark brem process (if it was activated)
[ RunManager ] 2026 debug: Reset the dark brem process (if it was activated)
[ RunManager ] 2027 debug: Reset the dark brem process (if it was activated)
[ RunManager ] 2028 debug: Reset the dark brem process (if it was activated)
[ RunManager ] 2029 debug: Reset the dark brem process (if it was activated)
[ RunManager ] 2030 debug: Reset the dark brem process (if it was activated)
[ RunManager ] 2031 debug: Reset the dark brem process (if it was activated)
[ RunManager ] 2032 debug: Reset the dark brem process (if it was activated)
[ RunManager ] 2033 debug: Reset the dark brem process (if it was activated)
[ RunManager ] 2034 debug: Reset the dark brem process (if it was activated)
[ RunManager ] 2035 debug: Reset the dark brem process (if it was activated)
[ RunManager ] 2036 debug: Reset the dark brem process (if it was activated)
[ RunManager ] 2037 debug: Reset the dark brem process (if it was activated)
[ RunManager ] 2038 debug: Reset the dark brem process (if it was activated)
[ RunManager ] 2039 debug: Reset the dark brem process (if it was activated)
[ RunManager ] 2040 debug: Reset the dark brem process (if it was activated)
[ RunManager ] 2041 debug: Reset the dark brem process (if it was activated)
[ RunManager ] 2042 debug: Reset the dark brem process (if it was activated)
[ RunManager ] 2043 debug: Reset the dark brem process (if it was activated)
[ RunManager ] 2044 debug: Reset the dark brem process (if it was activated)
[ RunManager ] 2045 debug: Reset the dark brem process (if it was activated)
[ RunManager ] 2046 debug: Reset the dark brem process (if it was activated)
[ RunManager ] 2047 debug: Reset the dark brem process (if it was activated)
[ RunManager ] 2048 debug: Reset the dark brem process (if it was activated)
[ RunManager ] 2049 debug: Reset the dark brem process (if it was activated)
[ RunManager ] 2050 debug: Reset the dark brem process (if it was activated)
[ RunManager ] 2051 debug: Reset the dark brem process (if it was activated)
[ RunManager ] 2052 debug: Reset the dark brem process (if it was activated)
[ RunManager ] 2053 debug: Reset the dark brem process (if it was activated)
[ RunManager ] 2054 debug: Reset the dark brem process (if it was activated)
[ RunManager ] 2055 debug: Reset the dark brem process (if it was activated)
[ RunManager ] 2056 debug: Reset the dark brem process (if it was activated)
[ RunManager ] 2057 debug: Reset the dark brem process (if it was activated)
[ RunManager ] 2058 debug: Reset the dark brem process (if it was activated)
[ RunManager ] 2059 debug: Reset the dark brem process (if it was activated)
[ RunManager ] 2060 debug: Reset the dark brem process (if it was activated)
[ RunManager ] 2061 debug: Reset the dark brem process (if it was activated)
[ RunManager ] 2062 debug: Reset the dark brem process (if it was activated)
[ RunManager ] 2063 debug: Reset the dark brem process (if it was activated)
[ RunManager ] 2064 debug: Reset the dark brem process (if it was activated)
[ RunManager ] 2065 debug: Reset the dark brem process (if it was activated)
[ RunManager ] 2066 debug: Reset the dark brem process (if it was activated)
[ RunManager ] 2067 debug: Reset the dark brem process (if it was activated)
[ RunManager ] 2068 debug: Reset the dark brem process (if it was activated)
[ RunManager ] 2069 debug: Reset the dark brem process (if it was activated)
[ RunManager ] 2070 debug: Reset the dark brem process (if it was activated)
[ RunManager ] 2071 debug: Reset the dark brem process (if it was activated)
[ RunManager ] 2072 debug: Reset the dark brem process (if it was activated)
[ RunManager ] 2073 debug: Reset the dark brem process (if it was activated)
[ RunManager ] 2074 debug: Reset the dark brem process (if it was activated)
[ RunManager ] 2075 debug: Reset the dark brem process (if it was activated)
[ RunManager ] 2076 debug: Reset the dark brem process (if it was activated)
[ RunManager ] 2077 debug: Reset the dark brem process (if it was activated)
[ RunManager ] 2078 debug: Reset the dark brem process (if it was activated)
[ RunManager ] 2079 debug: Reset the dark brem process (if it was activated)
[ RunManager ] 2080 debug: Reset the dark brem process (if it was activated)
[ RunManager ] 2081 debug: Reset the dark brem process (if it was activated)
[ RunManager ] 2082 debug: Reset the dark brem process (if it was activated)
[ RunManager ] 2083 debug: Reset the dark brem process (if it was activated)
[ RunManager ] 2084 debug: Reset the dark brem process (if it was activated)
[ RunManager ] 2085 debug: Reset the dark brem process (if it was activated)
[ RunManager ] 2086 debug: Reset the dark brem process (if it was activated)
[ RunManager ] 2087 debug: Reset the dark brem process (if it was activated)
[ RunManager ] 2088 debug: Reset the dark brem process (if it was activated)
[ RunManager ] 2089 debug: Reset the dark brem process (if it was activated)
[ RunManager ] 2090 debug: Reset the dark brem process (if it was activated)
[ RunManager ] 2091 debug: Reset the dark brem process (if it was activated)
[ RunManager ] 2092 debug: Reset the dark brem process (if it was activated)
[ RunManager ] 2093 debug: Reset the dark brem process (if it was activated)
[ RunManager ] 2094 debug: Reset the dark brem process (if it was activated)
[ RunManager ] 2095 debug: Reset the dark brem process (if it was activated)
[ RunManager ] 2096 debug: Reset the dark brem process (if it was activated)
[ RunManager ] 2097 debug: Reset the dark brem process (if it was activated)
[ RunManager ] 2098 debug: Reset the dark brem process (if it was activated)
[ RunManager ] 2099 debug: Reset the dark brem process (if it was activated)
[ RunManager ] 2100 debug: Reset the dark brem process (if it was activated)
[ RunManager ] 2101 debug: Reset the dark brem process (if it was activated)
[ RunManager ] 2102 debug: Reset the dark brem process (if it was activated)
[ RunManager ] 2103 debug: Reset the dark brem process (if it was activated)
[ RunManager ] 2104 debug: Reset the dark brem process (if it was activated)
[ RunManager ] 2105 debug: Reset the dark brem process (if it was activated)
[ RunManager ] 2106 debug: Reset the dark brem process (if it was activated)
[ RunManager ] 2107 debug: Reset the dark brem process (if it was activated)
[ RunManager ] 2108 debug: Reset the dark brem process (if it was activated)
[ RunManager ] 2109 debug: Reset the dark brem process (if it was activated)
[ RunManager ] 2110 debug: Reset the dark brem process (if it was activated)
[ RunManager ] 2111 debug: Reset the dark brem process (if it was activated)
[ RunManager ] 2112 debug: Reset the dark brem process (if it was activated)
[ RunManager ] 2113 debug: Reset the dark brem process (if it was activated)
[ RunManager ] 2114 debug: Reset the dark brem process (if it was activated)
[ RunManager ] 2115 debug: Reset the dark brem process (if it was activated)
[ RunManager ] 2116 debug: Reset the dark brem process (if it was activated)
[ RunManager ] 2117 debug: Reset the dark brem process (if it was activated)
[ RunManager ] 2118 debug: Reset the dark brem process (if it was activated)
[ RunManager ] 2119 debug: Reset the dark brem process (if it was activated)
[ RunManager ] 2120 debug: Reset the dark brem process (if it was activated)
[ RunManager ] 2121 debug: Reset the dark brem process (if it was activated)
[ RunManager ] 2122 debug: Reset the dark brem process (if it was activated)
[ RunManager ] 2123 debug: Reset the dark brem process (if it was activated)
[ RunManager ] 2124 debug: Reset the dark brem process (if it was activated)
[ RunManager ] 2125 debug: Reset the dark brem process (if it was activated)
[ RunManager ] 2126 debug: Reset the dark brem process (if it was activated)
[ RunManager ] 2127 debug: Reset the dark brem process (if it was activated)
[ RunManager ] 2128 debug: Reset the dark brem process (if it was activated)
[ RunManager ] 2129 debug: Reset the dark brem process (if it was activated)
[ RunManager ] 2130 debug: Reset the dark brem process (if it was activated)
[ RunManager ] 2131 debug: Reset the dark brem process (if it was activated)
[ RunManager ] 2132 debug: Reset the dark brem process (if it was activated)
[ RunManager ] 2133 debug: Reset the dark brem process (if it was activated)
[ RunManager ] 2134 debug: Reset the dark brem process (if it was activated)
[ RunManager ] 2135 debug: Reset the dark brem process (if it was activated)
[ RunManager ] 2136 debug: Reset the dark brem process (if it was activated)
[ RunManager ] 2137 debug: Reset the dark brem process (if it was activated)
[ RunManager ] 2138 debug: Reset the dark brem process (if it was activated)
[ RunManager ] 2139 debug: Reset the dark brem process (if it was activated)
[ RunManager ] 2140 debug: Reset the dark brem process (if it was activated)
[ RunManager ] 2141 debug: Reset the dark brem process (if it was activated)
[ RunManager ] 2142 debug: Reset the dark brem process (if it was activated)
[ RunManager ] 2143 debug: Reset the dark brem process (if it was activated)
[ RunManager ] 2144 debug: Reset the dark brem process (if it was activated)
[ RunManager ] 2145 debug: Reset the dark brem process (if it was activated)
[ RunManager ] 2146 debug: Reset the dark brem process (if it was activated)
[ RunManager ] 2147 debug: Reset the dark brem process (if it was activated)
[ RunManager ] 2148 debug: Reset the dark brem process (if it was activated)
[ RunManager ] 2149 debug: Reset the dark brem process (if it was activated)
[ RunManager ] 2150 debug: Reset the dark brem process (if it was activated)
[ RunManager ] 2151 debug: Reset the dark brem process (if it was activated)
[ RunManager ] 2152 debug: Reset the dark brem process (if it was activated)
[ RunManager ] 2153 debug: Reset the dark brem process (if it was activated)
[ RunManager ] 2154 debug: Reset the dark brem process (if it was activated)
[ RunManager ] 2155 debug: Reset the dark brem process (if it was activated)
[ RunManager ] 2156 debug: Reset the dark brem process (if it was activated)
[ RunManager ] 2157 debug: Reset the dark brem process (if it was activated)
[ RunManager ] 2158 debug: Reset the dark brem process (if it was activated)
[ RunManager ] 2159 debug: Reset the dark brem process (if it was activated)
[ RunManager ] 2160 debug: Reset the dark brem process (if it was activated)
[ RunManager ] 2161 debug: Reset the dark brem process (if it was activated)
[ RunManager ] 2162 debug: Reset the dark brem process (if it was activated)
[ RunManager ] 2163 debug: Reset the dark brem process (if it was activated)
[ RunManager ] 2164 debug: Reset the dark brem process (if it was activated)
[ RunManager ] 2165 debug: Reset the dark brem process (if it was activated)
[ RunManager ] 2166 debug: Reset the dark brem process (if it was activated)
[ RunManager ] 2167 debug: Reset the dark brem process (if it was activated)
[ RunManager ] 2168 debug: Reset the dark brem process (if it was activated)
[ RunManager ] 2169 debug: Reset the dark brem process (if it was activated)
[ RunManager ] 2170 debug: Reset the dark brem process (if it was activated)
[ RunManager ] 2171 debug: Reset the dark brem process (if it was activated)
[ RunManager ] 2172 debug: Reset the dark brem process (if it was activated)
[ RunManager ] 2173 debug: Reset the dark brem process (if it was activated)
[ RunManager ] 2174 debug: Reset the dark brem process (if it was activated)
[ RunManager ] 2175 debug: Reset the dark brem process (if it was activated)
[ RunManager ] 2176 debug: Reset the dark brem process (if it was activated)
[ RunManager ] 2177 debug: Reset the dark brem process (if it was activated)
[ RunManager ] 2178 debug: Reset the dark brem process (if it was activated)
[ RunManager ] 2179 debug: Reset the dark brem process (if it was activated)
[ RunManager ] 2180 debug: Reset the dark brem process (if it was activated)
[ RunManager ] 2181 debug: Reset the dark brem process (if it was activated)
[ RunManager ] 2182 debug: Reset the dark brem process (if it was activated)
[ RunManager ] 2183 debug: Reset the dark brem process (if it was activated)
[ RunManager ] 2184 debug: Reset the dark brem process (if it was activated)
[ RunManager ] 2185 debug: Reset the dark brem process (if it was activated)
[ RunManager ] 2186 debug: Reset the dark brem process (if it was activated)
[ RunManager ] 2187 debug: Reset the dark brem process (if it was activated)
[ RunManager ] 2188 debug: Reset the dark brem process (if it was activated)
[ RunManager ] 2189 debug: Reset the dark brem process (if it was activated)
[ RunManager ] 2190 debug: Reset the dark brem process (if it was activated)
[ RunManager ] 2191 debug: Reset the dark brem process (if it was activated)
[ RunManager ] 2192 debug: Reset the dark brem process (if it was activated)
[ RunManager ] 2193 debug: Reset the dark brem process (if it was activated)
[ RunManager ] 2194 debug: Reset the dark brem process (if it was activated)
[ RunManager ] 2195 debug: Reset the dark brem process (if it was activated)
[ RunManager ] 2196 debug: Reset the dark brem process (if it was activated)
[ RunManager ] 2197 debug: Reset the dark brem process (if it was activated)
[ RunManager ] 2198 debug: Reset the dark brem process (if it was activated)
[ RunManager ] 2199 debug: Reset the dark brem process (if it was activated)
[ RunManager ] 2200 debug: Reset the dark brem process (if it was activated)
[ RunManager ] 2201 debug: Reset the dark brem process (if it was activated)
[ RunManager ] 2202 debug: Reset the dark brem process (if it was activated)
[ RunManager ] 2203 debug: Reset the dark brem process (if it was activated)
[ RunManager ] 2204 debug: Reset the dark brem process (if it was activated)
[ RunManager ] 2205 debug: Reset the dark brem process (if it was activated)
[ RunManager ] 2206 debug: Reset the dark brem process (if it was activated)
[ RunManager ] 2207 debug: Reset the dark brem process (if it was activated)
[ RunManager ] 2208 debug: Reset the dark brem process (if it was activated)
[ RunManager ] 2209 debug: Reset the dark brem process (if it was activated)
[ RunManager ] 2210 debug: Reset the dark brem process (if it was activated)
[ RunManager ] 2211 debug: Reset the dark brem process (if it was activated)
[ RunManager ] 2212 debug: Reset the dark brem process (if it was activated)
[ RunManager ] 2213 debug: Reset the dark brem process (if it was activated)
[ RunManager ] 2214 debug: Reset the dark brem process (if it was activated)
[ RunManager ] 2215 debug: Reset the dark brem process (if it was activated)
[ RunManager ] 2216 debug: Reset the dark brem process (if it was activated)
[ RunManager ] 2217 debug: Reset the dark brem process (if it was activated)
[ RunManager ] 2218 debug: Reset the dark brem process (if it was activated)
[ RunManager ] 2219 debug: Reset the dark brem process (if it was activated)
[ RunManager ] 2220 debug: Reset the dark brem process (if it was activated)
[ RunManager ] 2221 debug: Reset the dark brem process (if it was activated)
[ RunManager ] 2222 debug: Reset the dark brem process (if it was activated)
[ RunManager ] 2223 debug: Reset the dark brem process (if it was activated)
[ RunManager ] 2224 debug: Reset the dark brem process (if it was activated)
[ RunManager ] 2225 debug: Reset the dark brem process (if it was activated)
[ RunManager ] 2226 debug: Reset the dark brem process (if it was activated)
[ RunManager ] 2227 debug: Reset the dark brem process (if it was activated)
[ RunManager ] 2228 debug: Reset the dark brem process (if it was activated)
[ RunManager ] 2229 debug: Reset the dark brem process (if it was activated)
[ RunManager ] 2230 debug: Reset the dark brem process (if it was activated)
[ RunManager ] 2231 debug: Reset the dark brem process (if it was activated)
[ RunManager ] 2232 debug: Reset the dark brem process (if it was activated)
[ RunManager ] 2233 debug: Reset the dark brem process (if it was activated)
[ RunManager ] 2234 debug: Reset the dark brem process (if it was activated)
[ RunManager ] 2235 debug: Reset the dark brem process (if it was activated)
[ RunManager ] 2236 debug: Reset the dark brem process (if it was activated)
[ RunManager ] 2237 debug: Reset the dark brem process (if it was activated)
[ RunManager ] 2238 debug: Reset the dark brem process (if it was activated)
[ RunManager ] 2239 debug: Reset the dark brem process (if it was activated)
[ RunManager ] 2240 debug: Reset the dark brem process (if it was activated)
[ RunManager ] 2241 debug: Reset the dark brem process (if it was activated)
[ RunManager ] 2242 debug: Reset the dark brem process (if it was activated)
[ RunManager ] 2243 debug: Reset the dark brem process (if it was activated)
[ RunManager ] 2244 debug: Reset the dark brem process (if it was activated)
[ RunManager ] 2245 debug: Reset the dark brem process (if it was activated)
[ RunManager ] 2246 debug: Reset the dark brem process (if it was activated)
[ RunManager ] 2247 debug: Reset the dark brem process (if it was activated)
[ RunManager ] 2248 debug: Reset the dark brem process (if it was activated)
[ RunManager ] 2249 debug: Reset the dark brem process (if it was activated)
[ RunManager ] 2250 debug: Reset the dark brem process (if it was activated)
[ RunManager ] 2251 debug: Reset the dark brem process (if it was activated)
[ RunManager ] 2252 debug: Reset the dark brem process (if it was activated)
[ RunManager ] 2253 debug: Reset the dark brem process (if it was activated)
[ RunManager ] 2254 debug: Reset the dark brem process (if it was activated)
[ RunManager ] 2255 debug: Reset the dark brem process (if it was activated)
[ RunManager ] 2256 debug: Reset the dark brem process (if it was activated)
[ RunManager ] 2257 debug: Reset the dark brem process (if it was activated)
[ RunManager ] 2258 debug: Reset the dark brem process (if it was activated)
[ RunManager ] 2259 debug: Reset the dark brem process (if it was activated)
[ RunManager ] 2260 debug: Reset the dark brem process (if it was activated)
[ RunManager ] 2261 debug: Reset the dark brem process (if it was activated)
[ RunManager ] 2262 debug: Reset the dark brem process (if it was activated)
[ RunManager ] 2263 debug: Reset the dark brem process (if it was activated)
[ RunManager ] 2264 debug: Reset the dark brem process (if it was activated)
[ RunManager ] 2265 debug: Reset the dark brem process (if it was activated)
[ RunManager ] 2266 debug: Reset the dark brem process (if it was activated)
[ RunManager ] 2267 debug: Reset the dark brem process (if it was activated)
[ RunManager ] 2268 debug: Reset the dark brem process (if it was activated)
[ RunManager ] 2269 debug: Reset the dark brem process (if it was activated)
[ RunManager ] 2270 debug: Reset the dark brem process (if it was activated)
[ RunManager ] 2271 debug: Reset the dark brem process (if it was activated)
[ RunManager ] 2272 debug: Reset the dark brem process (if it was activated)
[ RunManager ] 2273 debug: Reset the dark brem process (if it was activated)
[ RunManager ] 2274 debug: Reset the dark brem process (if it was activated)
[ RunManager ] 2275 debug: Reset the dark brem process (if it was activated)
[ RunManager ] 2276 debug: Reset the dark brem process (if it was activated)
[ RunManager ] 2277 debug: Reset the dark brem process (if it was activated)
[ RunManager ] 2278 debug: Reset the dark brem process (if it was activated)
[ RunManager ] 2279 debug: Reset the dark brem process (if it was activated)
[ RunManager ] 2280 debug: Reset the dark brem process (if it was activated)
[ RunManager ] 2281 debug: Reset the dark brem process (if it was activated)
[ RunManager ] 2282 debug: Reset the dark brem process (if it was activated)
[ RunManager ] 2283 debug: Reset the dark brem process (if it was activated)
[ RunManager ] 2284 debug: Reset the dark brem process (if it was activated)
[ RunManager ] 2285 debug: Reset the dark brem process (if it was activated)
[ RunManager ] 2286 debug: Reset the dark brem process (if it was activated)
[ RunManager ] 2287 debug: Reset the dark brem process (if it was activated)
[ RunManager ] 2288 debug: Reset the dark brem process (if it was activated)
[ RunManager ] 2289 debug: Reset the dark brem process (if it was activated)
[ RunManager ] 2290 debug: Reset the dark brem process (if it was activated)
[ RunManager ] 2291 debug: Reset the dark brem process (if it was activated)
[ RunManager ] 2292 debug: Reset the dark brem process (if it was activated)
[ RunManager ] 2293 debug: Reset the dark brem process (if it was activated)
[ RunManager ] 2294 debug: Reset the dark brem process (if it was activated)
[ RunManager ] 2295 debug: Reset the dark brem process (if it was activated)
[ RunManager ] 2296 debug: Reset the dark brem process (if it was activated)
[ RunManager ] 2297 debug: Reset the dark brem process (if it was activated)
[ RunManager ] 2298 debug: Reset the dark brem process (if it was activated)
[ RunManager ] 2299 debug: Reset the dark brem process (if it was activated)
[ RunManager ] 2300 debug: Reset the dark brem process (if it was activated)
[ RunManager ] 2301 debug: Reset the dark brem process (if it was activated)
[ RunManager ] 2302 debug: Reset the dark brem process (if it was activated)
[ RunManager ] 2303 debug: Reset the dark brem process (if it was activated)
[ RunManager ] 2304 debug: Reset the dark brem process (if it was activated)
[ RunManager ] 2305 debug: Reset the dark brem process (if it was activated)
[ RunManager ] 2306 debug: Reset the dark brem process (if it was activated)
[ RunManager ] 2307 debug: Reset the dark brem process (if it was activated)
[ RunManager ] 2308 debug: Reset the dark brem process (if it was activated)
[ RunManager ] 2309 debug: Reset the dark brem process (if it was activated)
[ RunManager ] 2310 debug: Reset the dark brem process (if it was activated)
[ RunManager ] 2311 debug: Reset the dark brem process (if it was activated)
[ RunManager ] 2312 debug: Reset the dark brem process (if it was activated)
[ RunManager ] 2313 debug: Reset the dark brem process (if it was activated)
[ RunManager ] 2314 debug: Reset the dark brem process (if it was activated)
[ RunManager ] 2315 debug: Reset the dark brem process (if it was activated)
[ RunManager ] 2316 debug: Reset the dark brem process (if it was activated)
[ RunManager ] 2317 debug: Reset the dark brem process (if it was activated)
[ RunManager ] 2318 debug: Reset the dark brem process (if it was activated)
[ RunManager ] 2319 debug: Reset the dark brem process (if it was activated)
[ RunManager ] 2320 debug: Reset the dark brem process (if it was activated)
[ RunManager ] 2321 debug: Reset the dark brem process (if it was activated)
[ RunManager ] 2322 debug: Reset the dark brem process (if it was activated)
[ RunManager ] 2323 debug: Reset the dark brem process (if it was activated)
[ RunManager ] 2324 debug: Reset the dark brem process (if it was activated)
[ RunManager ] 2325 debug: Reset the dark brem process (if it was activated)
[ RunManager ] 2326 debug: Reset the dark brem process (if it was activated)
[ RunManager ] 2327 debug: Reset the dark brem process (if it was activated)
[ RunManager ] 2328 debug: Reset the dark brem process (if it was activated)
[ RunManager ] 2329 debug: Reset the dark brem process (if it was activated)
[ RunManager ] 2330 debug: Reset the dark brem process (if it was activated)
[ RunManager ] 2331 debug: Reset the dark brem process (if it was activated)
[ RunManager ] 2332 debug: Reset the dark brem process (if it was activated)
[ RunManager ] 2333 debug: Reset the dark brem process (if it was activated)
[ RunManager ] 2334 debug: Reset the dark brem process (if it was activated)
[ RunManager ] 2335 debug: Reset the dark brem process (if it was activated)
[ RunManager ] 2336 debug: Reset the dark brem process (if it was activated)
[ RunManager ] 2337 debug: Reset the dark brem process (if it was activated)
[ RunManager ] 2338 debug: Reset the dark brem process (if it was activated)
[ RunManager ] 2339 debug: Reset the dark brem process (if it was activated)
[ RunManager ] 2340 debug: Reset the dark brem process (if it was activated)
[ RunManager ] 2341 debug: Reset the dark brem process (if it was activated)
[ RunManager ] 2342 debug: Reset the dark brem process (if it was activated)
[ RunManager ] 2343 debug: Reset the dark brem process (if it was activated)
[ RunManager ] 2344 debug: Reset the dark brem process (if it was activated)
[ RunManager ] 2345 debug: Reset the dark brem process (if it was activated)
[ RunManager ] 2346 debug: Reset the dark brem process (if it was activated)
[ RunManager ] 2347 debug: Reset the dark brem process (if it was activated)
[ RunManager ] 2348 debug: Reset the dark brem process (if it was activated)
[ RunManager ] 2349 debug: Reset the dark brem process (if it was activated)
[ RunManager ] 2350 debug: Reset the dark brem process (if it was activated)
[ RunManager ] 2351 debug: Reset the dark brem process (if it was activated)
[ RunManager ] 2352 debug: Reset the dark brem process (if it was activated)
[ RunManager ] 2353 debug: Reset the dark brem process (if it was activated)
[ RunManager ] 2354 debug: Reset the dark brem process (if it was activated)
[ RunManager ] 2355 debug: Reset the dark brem process (if it was activated)
[ RunManager ] 2356 debug: Reset the dark brem process (if it was activated)
[ RunManager ] 2357 debug: Reset the dark brem process (if it was activated)
[ RunManager ] 2358 debug: Reset the dark brem process (if it was activated)
[ RunManager ] 2359 debug: Reset the dark brem process (if it was activated)
[ RunManager ] 2360 debug: Reset the dark brem process (if it was activated)
[ RunManager ] 2361 debug: Reset the dark brem process (if it was activated)
[ RunManager ] 2362 debug: Reset the dark brem process (if it was activated)
[ RunManager ] 2363 debug: Reset the dark brem process (if it was activated)
[ RunManager ] 2364 debug: Reset the dark brem process (if it was activated)
[ RunManager ] 2365 debug: Reset the dark brem process (if it was activated)
[ RunManager ] 2366 debug: Reset the dark brem process (if it was activated)
[ RunManager ] 2367 debug: Reset the dark brem process (if it was activated)
[ RunManager ] 2368 debug: Reset the dark brem process (if it was activated)
[ RunManager ] 2369 debug: Reset the dark brem process (if it was activated)
[ RunManager ] 2370 debug: Reset the dark brem process (if it was activated)
[ RunManager ] 2371 debug: Reset the dark brem process (if it was activated)
[ RunManager ] 2372 debug: Reset the dark brem process (if it was activated)
[ RunManager ] 2373 debug: Reset the dark brem process (if it was activated)
[ RunManager ] 2374 debug: Reset the dark brem process (if it was activated)
[ RunManager ] 2375 debug: Reset the dark brem process (if it was activated)
[ RunManager ] 2376 debug: Reset the dark brem process (if it was activated)
[ RunManager ] 2377 debug: Reset the dark brem process (if it was activated)
[ RunManager ] 2378 debug: Reset the dark brem process (if it was activated)
[ RunManager ] 2379 debug: Reset the dark brem process (if it was activated)
[ RunManager ] 2380 debug: Reset the dark brem process (if it was activated)
[ RunManager ] 2381 debug: Reset the dark brem process (if it was activated)
[ RunManager ] 2382 debug: Reset the dark brem process (if it was activated)
[ RunManager ] 2383 debug: Reset the dark brem process (if it was activated)
[ RunManager ] 2384 debug: Reset the dark brem process (if it was activated)
[ RunManager ] 2385 debug: Reset the dark brem process (if it was activated)
[ RunManager ] 2386 debug: Reset the dark brem process (if it was activated)
[ RunManager ] 2387 debug: Reset the dark brem process (if it was activated)
[ RunManager ] 2388 debug: Reset the dark brem process (if it was activated)
[ RunManager ] 2389 debug: Reset the dark brem process (if it was activated)
[ RunManager ] 2390 debug: Reset the dark brem process (if it was activated)
[ RunManager ] 2391 debug: Reset the dark brem process (if it was activated)
[ RunManager ] 2392 debug: Reset the dark brem process (if it was activated)
[ RunManager ] 2393 debug: Reset the dark brem process (if it was activated)
[ RunManager ] 2394 debug: Reset the dark brem process (if it was activated)
[ RunManager ] 2395 debug: Reset the dark brem process (if it was activated)
[ RunManager ] 2396 debug: Reset the dark brem process (if it was activated)
[ RunManager ] 2397 debug: Reset the dark brem process (if it was activated)
[ RunManager ] 2398 debug: Reset the dark brem process (if it was activated)
[ RunManager ] 2399 debug: Reset the dark brem process (if it was activated)
[ RunManager ] 2400 debug: Reset the dark brem process (if it was activated)
[ RunManager ] 2401 debug: Reset the dark brem process (if it was activated)
[ RunManager ] 2402 debug: Reset the dark brem process (if it was activated)
[ RunManager ] 2403 debug: Reset the dark brem process (if it was activated)
[ RunManager ] 2404 debug: Reset the dark brem process (if it was activated)
[ RunManager ] 2405 debug: Reset the dark brem process (if it was activated)
[ RunManager ] 2406 debug: Reset the dark brem process (if it was activated)
[ RunManager ] 2407 debug: Reset the dark brem process (if it was activated)
[ RunManager ] 2408 debug: Reset the dark brem process (if it was activated)
[ RunManager ] 2409 debug: Reset the dark brem process (if it was activated)
[ RunManager ] 2410 debug: Reset the dark brem process (if it was activated)
[ RunManager ] 2411 debug: Reset the dark brem process (if it was activated)
[ RunManager ] 2412 debug: Reset the dark brem process (if it was activated)
[ RunManager ] 2413 debug: Reset the dark brem process (if it was activated)
[ RunManager ] 2414 debug: Reset the dark brem process (if it was activated)
[ RunManager ] 2415 debug: Reset the dark brem process (if it was activated)
[ RunManager ] 2416 debug: Reset the dark brem process (if it was activated)
[ RunManager ] 2417 debug: Reset the dark brem process (if it was activated)
[ RunManager ] 2418 debug: Reset the dark brem process (if it was activated)
[ RunManager ] 2419 debug: Reset the dark brem process (if it was activated)
[ RunManager ] 2420 debug: Reset the dark brem process (if it was activated)
[ RunManager ] 2421 debug: Reset the dark brem process (if it was activated)
[ RunManager ] 2422 debug: Reset the dark brem process (if it was activated)
[ RunManager ] 2423 debug: Reset the dark brem process (if it was activated)
[ RunManager ] 2424 debug: Reset the dark brem process (if it was activated)
[ RunManager ] 2425 debug: Reset the dark brem process (if it was activated)
[ RunManager ] 2426 debug: Reset the dark brem process (if it was activated)
[ RunManager ] 2427 debug: Reset the dark brem process (if it was activated)
[ RunManager ] 2428 debug: Reset the dark brem process (if it was activated)
[ RunManager ] 2429 debug: Reset the dark brem process (if it was activated)
[ RunManager ] 2430 debug: Reset the dark brem process (if it was activated)
[ RunManager ] 2431 debug: Reset the dark brem process (if it was activated)
[ RunManager ] 2432 debug: Reset the dark brem process (if it was activated)
[ RunManager ] 2433 debug: Reset the dark brem process (if it was activated)
[ RunManager ] 2434 debug: Reset the dark brem process (if it was activated)
[ RunManager ] 2435 debug: Reset the dark brem process (if it was activated)
[ RunManager ] 2436 debug: Reset the dark brem process (if it was activated)
[ RunManager ] 2437 debug: Reset the dark brem process (if it was activated)
[ RunManager ] 2438 debug: Reset the dark brem process (if it was activated)
[ RunManager ] 2439 debug: Reset the dark brem process (if it was activated)
[ RunManager ] 2440 debug: Reset the dark brem process (if it was activated)
[ RunManager ] 2441 debug: Reset the dark brem process (if it was activated)
[ RunManager ] 2442 debug: Reset the dark brem process (if it was activated)
[ RunManager ] 2443 debug: Reset the dark brem process (if it was activated)
[ RunManager ] 2444 debug: Reset the dark brem process (if it was activated)
[ RunManager ] 2445 debug: Reset the dark brem process (if it was activated)
[ RunManager ] 2446 debug: Reset the dark brem process (if it was activated)
[ RunManager ] 2447 debug: Reset the dark brem process (if it was activated)
[ RunManager ] 2448 debug: Reset the dark brem process (if it was activated)
[ RunManager ] 2449 debug: Reset the dark brem process (if it was activated)
[ RunManager ] 2450 debug: Reset the dark brem process (if it was activated)
[ RunManager ] 2451 debug: Reset the dark brem process (if it was activated)
[ RunManager ] 2452 debug: Reset the dark brem process (if it was activated)
[ RunManager ] 2453 debug: Reset the dark brem process (if it was activated)
[ RunManager ] 2454 debug: Reset the dark brem process (if it was activated)
[ RunManager ] 2455 debug: Reset the dark brem process (if it was activated)
[ RunManager ] 2456 debug: Reset the dark brem process (if it was activated)
[ RunManager ] 2457 debug: Reset the dark brem process (if it was activated)
[ RunManager ] 2458 debug: Reset the dark brem process (if it was activated)
[ RunManager ] 2459 debug: Reset the dark brem process (if it was activated)
[ RunManager ] 2460 debug: Reset the dark brem process (if it was activated)
[ RunManager ] 2461 debug: Reset the dark brem process (if it was activated)
[ RunManager ] 2462 debug: Reset the dark brem process (if it was activated)
[ RunManager ] 2463 debug: Reset the dark brem process (if it was activated)
[ RunManager ] 2464 debug: Reset the dark brem process (if it was activated)
[ RunManager ] 2465 debug: Reset the dark brem process (if it was activated)
[ RunManager ] 2466 debug: Reset the dark brem process (if it was activated)
[ RunManager ] 2467 debug: Reset the dark brem process (if it was activated)
[ RunManager ] 2468 debug: Reset the dark brem process (if it was activated)
[ RunManager ] 2469 debug: Reset the dark brem process (if it was activated)
[ RunManager ] 2470 debug: Reset the dark brem process (if it was activated)
[ RunManager ] 2471 debug: Reset the dark brem process (if it was activated)
[ RunManager ] 2472 debug: Reset the dark brem process (if it was activated)
[ RunManager ] 2473 debug: Reset the dark brem process (if it was activated)
[ RunManager ] 2474 debug: Reset the dark brem process (if it was activated)
[ RunManager ] 2475 debug: Reset the dark brem process (if it was activated)
[ RunManager ] 2476 debug: Reset the dark brem process (if it was activated)
[ RunManager ] 2477 debug: Reset the dark brem process (if it was activated)
[ RunManager ] 2478 debug: Reset the dark brem process (if it was activated)
[ RunManager ] 2479 debug: Reset the dark brem process (if it was activated)
[ RunManager ] 2480 debug: Reset the dark brem process (if it was activated)
[ RunManager ] 2481 debug: Reset the dark brem process (if it was activated)
[ RunManager ] 2482 debug: Reset the dark brem process (if it was activated)
[ RunManager ] 2483 debug: Reset the dark brem process (if it was activated)
[ RunManager ] 2484 debug: Reset the dark brem process (if it was activated)
[ RunManager ] 2485 debug: Reset the dark brem process (if it was activated)
[ RunManager ] 2486 debug: Reset the dark brem process (if it was activated)
[ RunManager ] 2487 debug: Reset the dark brem process (if it was activated)
[ RunManager ] 2488 debug: Reset the dark brem process (if it was activated)
[ RunManager ] 2489 debug: Reset the dark brem process (if it was activated)
[ RunManager ] 2490 debug: Reset the dark brem process (if it was activated)
[ RunManager ] 2491 debug: Reset the dark brem process (if it was activated)
[ RunManager ] 2492 debug: Reset the dark brem process (if it was activated)
[ RunManager ] 2493 debug: Reset the dark brem process (if it was activated)
[ RunManager ] 2494 debug: Reset the dark brem process (if it was activated)
[ RunManager ] 2495 debug: Reset the dark brem process (if it was activated)
[ RunManager ] 2496 debug: Reset the dark brem process (if it was activated)
[ RunManager ] 2497 debug: Reset the dark brem process (if it was activated)
[ RunManager ] 2498 debug: Reset the dark brem process (if it was activated)
[ RunManager ] 2499 debug: Reset the dark brem process (if it was activated)
[ RunManager ] 2500 debug: Reset the dark brem process (if it was activated)
[ RunManager ] 2501 debug: Reset the dark brem process (if it was activated)
[ RunManager ] 2502 debug: Reset the dark brem process (if it was activated)
[ RunManager ] 2503 debug: Reset the dark brem process (if it was activated)
[ RunManager ] 2504 debug: Reset the dark brem process (if it was activated)
[ RunManager ] 2505 debug: Reset the dark brem process (if it was activated)
[ RunManager ] 2506 debug: Reset the dark brem process (if it was activated)
[ RunManager ] 2507 debug: Reset the dark brem process (if it was activated)
[ RunManager ] 2508 debug: Reset the dark brem process (if it was activated)
[ RunManager ] 2509 debug: Reset the dark brem process (if it was activated)
[ RunManager ] 2510 debug: Reset the dark brem process (if it was activated)
[ RunManager ] 2511 debug: Reset the dark brem process (if it was activated)
[ RunManager ] 2512 debug: Reset the dark brem process (if it was activated)
[ RunManager ] 2513 debug: Reset the dark brem process (if it was activated)
[ RunManager ] 2514 debug: Reset the dark brem process (if it was activated)
[ RunManager ] 2515 debug: Reset the dark brem process (if it was activated)
[ RunManager ] 2516 debug: Reset the dark brem process (if it was activated)
[ RunManager ] 2517 debug: Reset the dark brem process (if it was activated)
[ RunManager ] 2518 debug: Reset the dark brem process (if it was activated)
[ RunManager ] 2519 debug: Reset the dark brem process (if it was activated)
[ RunManager ] 2520 debug: Reset the dark brem process (if it was activated)
[ RunManager ] 2521 debug: Reset the dark brem process (if it was activated)
[ RunManager ] 2522 debug: Reset the dark brem process (if it was activated)
[ RunManager ] 2523 debug: Reset the dark brem process (if it was activated)
[ RunManager ] 2524 debug: Reset the dark brem process (if it was activated)
[ RunManager ] 2525 debug: Reset the dark brem process (if it was activated)
[ RunManager ] 2526 debug: Reset the dark brem process (if it was activated)
[ RunManager ] 2527 debug: Reset the dark brem process (if it was activated)
[ RunManager ] 2528 debug: Reset the dark brem process (if it was activated)
[ RunManager ] 2529 debug: Reset the dark brem process (if it was activated)
[ RunManager ] 2530 debug: Reset the dark brem process (if it was activated)
[ RunManager ] 2531 debug: Reset the dark brem process (if it was activated)
[ RunManager ] 2532 debug: Reset the dark brem process (if it was activated)
[ RunManager ] 2533 debug: Reset the dark brem process (if it was activated)
[ RunManager ] 2534 debug: Reset the dark brem process (if it was activated)
[ RunManager ] 2535 debug: Reset the dark brem process (if it was activated)
[ RunManager ] 2536 debug: Reset the dark brem process (if it was activated)
[ RunManager ] 2537 debug: Reset the dark brem process (if it was activated)
[ RunManager ] 2538 debug: Reset the dark brem process (if it was activated)
[ RunManager ] 2539 debug: Reset the dark brem process (if it was activated)
[ RunManager ] 2540 debug: Reset the dark brem process (if it was activated)
[ RunManager ] 2541 debug: Reset the dark brem process (if it was activated)
[ RunManager ] 2542 debug: Reset the dark brem process (if it was activated)
[ RunManager ] 2543 debug: Reset the dark brem process (if it was activated)
[ RunManager ] 2544 debug: Reset the dark brem process (if it was activated)
[ RunManager ] 2545 debug: Reset the dark brem process (if it was activated)
[ RunManager ] 2546 debug: Reset the dark brem process (if it was activated)
[ RunManager ] 2547 debug: Reset the dark brem process (if it was activated)
[ RunManager ] 2548 debug: Reset the dark brem process (if it was activated)
[ RunManager ] 2549 debug: Reset the dark brem process (if it was activated)
[ RunManager ] 2550 debug: Reset the dark brem process (if it was activated)
[ RunManager ] 2551 debug: Reset the dark brem process (if it was activated)
[ RunManager ] 2552 debug: Reset the dark brem process (if it was activated)
[ RunManager ] 2553 debug: Reset the dark brem process (if it was activated)
[ RunManager ] 2554 debug: Reset the dark brem process (if it was activated)
[ RunManager ] 2555 debug: Reset the dark brem process (if it was activated)
[ RunManager ] 2556 debug: Reset the dark brem process (if it was activated)
[ RunManager ] 2557 debug: Reset the dark brem process (if it was activated)
[ RunManager ] 2558 debug: Reset the dark brem process (if it was activated)
[ RunManager ] 2559 debug: Reset the dark brem process (if it was activated)
[ RunManager ] 2560 debug: Reset the dark brem process (if it was activated)
[ RunManager ] 2561 debug: Reset the dark brem process (if it was activated)
[ RunManager ] 2562 debug: Reset the dark brem process (if it was activated)
[ RunManager ] 2563 debug: Reset the dark brem process (if it was activated)
[ RunManager ] 2564 debug: Reset the dark brem process (if it was activated)
[ RunManager ] 2565 debug: Reset the dark brem process (if it was activated)
[ RunManager ] 2566 debug: Reset the dark brem process (if it was activated)
[ RunManager ] 2567 debug: Reset the dark brem process (if it was activated)
[ RunManager ] 2568 debug: Reset the dark brem process (if it was activated)
[ RunManager ] 2569 debug: Reset the dark brem process (if it was activated)
[ RunManager ] 2570 debug: Reset the dark brem process (if it was activated)
[ RunManager ] 2571 debug: Reset the dark brem process (if it was activated)
[ RunManager ] 2572 debug: Reset the dark brem process (if it was activated)
[ RunManager ] 2573 debug: Reset the dark brem process (if it was activated)
[ RunManager ] 2574 debug: Reset the dark brem process (if it was activated)
[ RunManager ] 2575 debug: Reset the dark brem process (if it was activated)
[ RunManager ] 2576 debug: Reset the dark brem process (if it was activated)
[ RunManager ] 2577 debug: Reset the dark brem process (if it was activated)
[ RunManager ] 2578 debug: Reset the dark brem process (if it was activated)
[ RunManager ] 2579 debug: Reset the dark brem process (if it was activated)
[ RunManager ] 2580 debug: Reset the dark brem process (if it was activated)
[ RunManager ] 2581 debug: Reset the dark brem process (if it was activated)
[ RunManager ] 2582 debug: Reset the dark brem process (if it was activated)
[ RunManager ] 2583 debug: Reset the dark brem process (if it was activated)
[ RunManager ] 2584 debug: Reset the dark brem process (if it was activated)
[ RunManager ] 2585 debug: Reset the dark brem process (if it was activated)
[ RunManager ] 2586 debug: Reset the dark brem process (if it was activated)
[ RunManager ] 2587 debug: Reset the dark brem process (if it was activated)
[ RunManager ] 2588 debug: Reset the dark brem process (if it was activated)
[ RunManager ] 2589 debug: Reset the dark brem process (if it was activated)
[ RunManager ] 2590 debug: Reset the dark brem process (if it was activated)
[ RunManager ] 2591 debug: Reset the dark brem process (if it was activated)
[ RunManager ] 2592 debug: Reset the dark brem process (if it was activated)
[ RunManager ] 2593 debug: Reset the dark brem process (if it was activated)
[ RunManager ] 2594 debug: Reset the dark brem process (if it was activated)
[ RunManager ] 2595 debug: Reset the dark brem process (if it was activated)
[ RunManager ] 2596 debug: Reset the dark brem process (if it was activated)
[ RunManager ] 2597 debug: Reset the dark brem process (if it was activated)
[ RunManager ] 2598 debug: Reset the dark brem process (if it was activated)
[ RunManager ] 2599 debug: Reset the dark brem process (if it was activated)
[ RunManager ] 2600 debug: Reset the dark brem process (if it was activated)
[ RunManager ] 2601 debug: Reset the dark brem process (if it was activated)
[ RunManager ] 2602 debug: Reset the dark brem process (if it was activated)
[ RunManager ] 2603 debug: Reset the dark brem process (if it was activated)
[ RunManager ] 2604 debug: Reset the dark brem process (if it was activated)
[ RunManager ] 2605 debug: Reset the dark brem process (if it was activated)
[ RunManager ] 2606 debug: Reset the dark brem process (if it was activated)
[ RunManager ] 2607 debug: Reset the dark brem process (if it was activated)
[ RunManager ] 2608 debug: Reset the dark brem process (if it was activated)
[ RunManager ] 2609 debug: Reset the dark brem process (if it was activated)
[ RunManager ] 2610 debug: Reset the dark brem process (if it was activated)
[ RunManager ] 2611 debug: Reset the dark brem process (if it was activated)
[ RunManager ] 2612 debug: Reset the dark brem process (if it was activated)
[ RunManager ] 2613 debug: Reset the dark brem process (if it was activated)
[ RunManager ] 2614 debug: Reset the dark brem process (if it was activated)
[ RunManager ] 2615 debug: Reset the dark brem process (if it was activated)
[ RunManager ] 2616 debug: Reset the dark brem process (if it was activated)
[ RunManager ] 2617 debug: Reset the dark brem process (if it was activated)
[ RunManager ] 2618 debug: Reset the dark brem process (if it was activated)
[ RunManager ] 2619 debug: Reset the dark brem process (if it was activated)
[ RunManager ] 2620 debug: Reset the dark brem process (if it was activated)
[ RunManager ] 2621 debug: Reset the dark brem process (if it was activated)
[ RunManager ] 2622 debug: Reset the dark brem process (if it was activated)
[ RunManager ] 2623 debug: Reset the dark brem process (if it was activated)
[ RunManager ] 2624 debug: Reset the dark brem process (if it was activated)
[ RunManager ] 2625 debug: Reset the dark brem process (if it was activated)
[ RunManager ] 2626 debug: Reset the dark brem process (if it was activated)
[ RunManager ] 2627 debug: Reset the dark brem process (if it was activated)
[ RunManager ] 2628 debug: Reset the dark brem process (if it was activated)
[ RunManager ] 2629 debug: Reset the dark brem process (if it was activated)
[ RunManager ] 2630 debug: Reset the dark brem process (if it was activated)
[ RunManager ] 2631 debug: Reset the dark brem process (if it was activated)
[ RunManager ] 2632 debug: Reset the dark brem process (if it was activated)
[ RunManager ] 2633 debug: Reset the dark brem process (if it was activated)
[ RunManager ] 2634 debug: Reset the dark brem process (if it was activated)
[ RunManager ] 2635 debug: Reset the dark brem process (if it was activated)
[ RunManager ] 2636 debug: Reset the dark brem process (if it was activated)
[ RunManager ] 2637 debug: Reset the dark brem process (if it was activated)
[ RunManager ] 2638 debug: Reset the dark brem process (if it was activated)
[ RunManager ] 2639 debug: Reset the dark brem process (if it was activated)
[ RunManager ] 2640 debug: Reset the dark brem process (if it was activated)
[ RunManager ] 2641 debug: Reset the dark brem process (if it was activated)
[ RunManager ] 2642 debug: Reset the dark brem process (if it was activated)
[ RunManager ] 2643 debug: Reset the dark brem process (if it was activated)
[ RunManager ] 2644 debug: Reset the dark brem process (if it was activated)
[ RunManager ] 2645 debug: Reset the dark brem process (if it was activated)
[ RunManager ] 2646 debug: Reset the dark brem process (if it was activated)
[ RunManager ] 2647 debug: Reset the dark brem process (if it was activated)
[ RunManager ] 2648 debug: Reset the dark brem process (if it was activated)
[ RunManager ] 2649 debug: Reset the dark brem process (if it was activated)
[ RunManager ] 2650 debug: Reset the dark brem process (if it was activated)
[ RunManager ] 2651 debug: Reset the dark brem process (if it was activated)
[ RunManager ] 2652 debug: Reset the dark brem process (if it was activated)
[ RunManager ] 2653 debug: Reset the dark brem process (if it was activated)
[ RunManager ] 2654 debug: Reset the dark brem process (if it was activated)
[ RunManager ] 2655 debug: Reset the dark brem process (if it was activated)
[ RunManager ] 2656 debug: Reset the dark brem process (if it was activated)
[ RunManager ] 2657 debug: Reset the dark brem process (if it was activated)
[ RunManager ] 2658 debug: Reset the dark brem process (if it was activated)
[ RunManager ] 2659 debug: Reset the dark brem process (if it was activated)
[ RunManager ] 2660 debug: Reset the dark brem process (if it was activated)
[ RunManager ] 2661 debug: Reset the dark brem process (if it was activated)
[ RunManager ] 2662 debug: Reset the dark brem process (if it was activated)
[ RunManager ] 2663 debug: Reset the dark brem process (if it was activated)
[ RunManager ] 2664 debug: Reset the dark brem process (if it was activated)
[ RunManager ] 2665 debug: Reset the dark brem process (if it was activated)
[ RunManager ] 2666 debug: Reset the dark brem process (if it was activated)
[ RunManager ] 2667 debug: Reset the dark brem process (if it was activated)
[ RunManager ] 2668 debug: Reset the dark brem process (if it was activated)
[ RunManager ] 2669 debug: Reset the dark brem process (if it was activated)
[ RunManager ] 2670 debug: Reset the dark brem process (if it was activated)
[ RunManager ] 2671 debug: Reset the dark brem process (if it was activated)
[ RunManager ] 2672 debug: Reset the dark brem process (if it was activated)
[ RunManager ] 2673 debug: Reset the dark brem process (if it was activated)
[ RunManager ] 2674 debug: Reset the dark brem process (if it was activated)
[ RunManager ] 2675 debug: Reset the dark brem process (if it was activated)
[ RunManager ] 2676 debug: Reset the dark brem process (if it was activated)
[ RunManager ] 2677 debug: Reset the dark brem process (if it was activated)
[ RunManager ] 2678 debug: Reset the dark brem process (if it was activated)
[ RunManager ] 2679 debug: Reset the dark brem process (if it was activated)
[ RunManager ] 2680 debug: Reset the dark brem process (if it was activated)
[ RunManager ] 2681 debug: Reset the dark brem process (if it was activated)
[ RunManager ] 2682 debug: Reset the dark brem process (if it was activated)
[ RunManager ] 2683 debug: Reset the dark brem process (if it was activated)
[ RunManager ] 2684 debug: Reset the dark brem process (if it was activated)
[ RunManager ] 2685 debug: Reset the dark brem process (if it was activated)
[ RunManager ] 2686 debug: Reset the dark brem process (if it was activated)
[ RunManager ] 2687 debug: Reset the dark brem process (if it was activated)
[ RunManager ] 2688 debug: Reset the dark brem process (if it was activated)
[ RunManager ] 2689 debug: Reset the dark brem process (if it was activated)
[ RunManager ] 2690 debug: Reset the dark brem process (if it was activated)
[ RunManager ] 2691 debug: Reset the dark brem process (if it was activated)
[ RunManager ] 2692 debug: Reset the dark brem process (if it was activated)
[ RunManager ] 2693 debug: Reset the dark brem process (if it was activated)
[ RunManager ] 2694 debug: Reset the dark brem process (if it was activated)
[ RunManager ] 2695 debug: Reset the dark brem process (if it was activated)
[ RunManager ] 2696 debug: Reset the dark brem process (if it was activated)
[ RunManager ] 2697 debug: Reset the dark brem process (if it was activated)
[ RunManager ] 2698 debug: Reset the dark brem process (if it was activated)
[ RunManager ] 2699 debug: Reset the dark brem process (if it was activated)
[ RunManager ] 2700 debug: Reset the dark brem process (if it was activated)
[ RunManager ] 2701 debug: Reset the dark brem process (if it was activated)
[ RunManager ] 2702 debug: Reset the dark brem process (if it was activated)
[ RunManager ] 2703 debug: Reset the dark brem process (if it was activated)
[ RunManager ] 2704 debug: Reset the dark brem process (if it was activated)
[ RunManager ] 2705 debug: Reset the dark brem process (if it was activated)
[ RunManager ] 2706 debug: Reset the dark brem process (if it was activated)
[ RunManager ] 2707 debug: Reset the dark brem process (if it was activated)
[ RunManager ] 2708 debug: Reset the dark brem process (if it was activated)
[ RunManager ] 2709 debug: Reset the dark brem process (if it was activated)
[ RunManager ] 2710 debug: Reset the dark brem process (if it was activated)
[ RunManager ] 2711 debug: Reset the dark brem process (if it was activated)
[ RunManager ] 2712 debug: Reset the dark brem process (if it was activated)
[ RunManager ] 2713 debug: Reset the dark brem process (if it was activated)
[ RunManager ] 2714 debug: Reset the dark brem process (if it was activated)
[ RunManager ] 2715 debug: Reset the dark brem process (if it was activated)
[ RunManager ] 2716 debug: Reset the dark brem process (if it was activated)
[ RunManager ] 2717 debug: Reset the dark brem process (if it was activated)
[ RunManager ] 2718 debug: Reset the dark brem process (if it was activated)
[ RunManager ] 2719 debug: Reset the dark brem process (if it was activated)
[ RunManager ] 2720 debug: Reset the dark brem process (if it was activated)
[ RunManager ] 2721 debug: Reset the dark brem process (if it was activated)
[ RunManager ] 2722 debug: Reset the dark brem process (if it was activated)
[ RunManager ] 2723 debug: Reset the dark brem process (if it was activated)
[ RunManager ] 2724 debug: Reset the dark brem process (if it was activated)
[ RunManager ] 2725 debug: Reset the dark brem process (if it was activated)
[ RunManager ] 2726 debug: Reset the dark brem process (if it was activated)
[ RunManager ] 2727 debug: Reset the dark brem process (if it was activated)
[ RunManager ] 2728 debug: Reset the dark brem process (if it was activated)
[ RunManager ] 2729 debug: Reset the dark brem process (if it was activated)
[ RunManager ] 2730 debug: Reset the dark brem process (if it was activated)
[ RunManager ] 2731 debug: Reset the dark brem process (if it was activated)
[ RunManager ] 2732 debug: Reset the dark brem process (if it was activated)
[ RunManager ] 2733 debug: Reset the dark brem process (if it was activated)
[ RunManager ] 2734 debug: Reset the dark brem process (if it was activated)
[ RunManager ] 2735 debug: Reset the dark brem process (if it was activated)
[ RunManager ] 2736 debug: Reset the dark brem process (if it was activated)
[ RunManager ] 2737 debug: Reset the dark brem process (if it was activated)
[ RunManager ] 2738 debug: Reset the dark brem process (if it was activated)
[ RunManager ] 2739 debug: Reset the dark brem process (if it was activated)
[ RunManager ] 2740 debug: Reset the dark brem process (if it was activated)
[ RunManager ] 2741 debug: Reset the dark brem process (if it was activated)
[ RunManager ] 2742 debug: Reset the dark brem process (if it was activated)
[ RunManager ] 2743 debug: Reset the dark brem process (if it was activated)
[ RunManager ] 2744 debug: Reset the dark brem process (if it was activated)
[ RunManager ] 2745 debug: Reset the dark brem process (if it was activated)
[ RunManager ] 2746 debug: Reset the dark brem process (if it was activated)
[ RunManager ] 2747 debug: Reset the dark brem process (if it was activated)
[ RunManager ] 2748 debug: Reset the dark brem process (if it was activated)
[ RunManager ] 2749 debug: Reset the dark brem process (if it was activated)
[ RunManager ] 2750 debug: Reset the dark brem process (if it was activated)
[ RunManager ] 2751 debug: Reset the dark brem process (if it was activated)
[ RunManager ] 2752 debug: Reset the dark brem process (if it was activated)
[ RunManager ] 2753 debug: Reset the dark brem process (if it was activated)
[ RunManager ] 2754 debug: Reset the dark brem process (if it was activated)
[ RunManager ] 2755 debug: Reset the dark brem process (if it was activated)
[ RunManager ] 2756 debug: Reset the dark brem process (if it was activated)
[ RunManager ] 2757 debug: Reset the dark brem process (if it was activated)
[ RunManager ] 2758 debug: Reset the dark brem process (if it was activated)
[ RunManager ] 2759 debug: Reset the dark brem process (if it was activated)
[ RunManager ] 2760 debug: Reset the dark brem process (if it was activated)
[ RunManager ] 2761 debug: Reset the dark brem process (if it was activated)
[ RunManager ] 2762 debug: Reset the dark brem process (if it was activated)
[ RunManager ] 2763 debug: Reset the dark brem process (if it was activated)
[ RunManager ] 2764 debug: Reset the dark brem process (if it was activated)
[ RunManager ] 2765 debug: Reset the dark brem process (if it was activated)
[ RunManager ] 2766 debug: Reset the dark brem process (if it was activated)
[ RunManager ] 2767 debug: Reset the dark brem process (if it was activated)
[ RunManager ] 2768 debug: Reset the dark brem process (if it was activated)
[ RunManager ] 2769 debug: Reset the dark brem process (if it was activated)
[ RunManager ] 2770 debug: Reset the dark brem process (if it was activated)
[ RunManager ] 2771 debug: Reset the dark brem process (if it was activated)
[ RunManager ] 2772 debug: Reset the dark brem process (if it was activated)
[ RunManager ] 2773 debug: Reset the dark brem process (if it was activated)
[ RunManager ] 2774 debug: Reset the dark brem process (if it was activated)
[ RunManager ] 2775 debug: Reset the dark brem process (if it was activated)
[ RunManager ] 2776 debug: Reset the dark brem process (if it was activated)
[ RunManager ] 2777 debug: Reset the dark brem process (if it was activated)
[ RunManager ] 2778 debug: Reset the dark brem process (if it was activated)
[ RunManager ] 2779 debug: Reset the dark brem process (if it was activated)
[ RunManager ] 2780 debug: Reset the dark brem process (if it was activated)
[ RunManager ] 2781 debug: Reset the dark brem process (if it was activated)
[ RunManager ] 2782 debug: Reset the dark brem process (if it was activated)
[ RunManager ] 2783 debug: Reset the dark brem process (if it was activated)
[ RunManager ] 2784 debug: Reset the dark brem process (if it was activated)
[ RunManager ] 2785 debug: Reset the dark brem process (if it was activated)
[ RunManager ] 2786 debug: Reset the dark brem process (if it was activated)
[ RunManager ] 2787 debug: Reset the dark brem process (if it was activated)
[ RunManager ] 2788 debug: Reset the dark brem process (if it was activated)
[ RunManager ] 2789 debug: Reset the dark brem process (if it was activated)
[ RunManager ] 2790 debug: Reset the dark brem process (if it was activated)
[ RunManager ] 2791 debug: Reset the dark brem process (if it was activated)
[ RunManager ] 2792 debug: Reset the dark brem process (if it was activated)
[ RunManager ] 2793 debug: Reset the dark brem process (if it was activated)
[ RunManager ] 2794 debug: Reset the dark brem process (if it was activated)
[ RunManager ] 2795 debug: Reset the dark brem process (if it was activated)
[ RunManager ] 2796 debug: Reset the dark brem process (if it was activated)
[ RunManager ] 2797 debug: Reset the dark brem process (if it was activated)
[ RunManager ] 2798 debug: Reset the dark brem process (if it was activated)
[ RunManager ] 2799 debug: Reset the dark brem process (if it was activated)
[ RunManager ] 2800 debug: Reset the dark brem process (if it was activated)
[ RunManager ] 2801 debug: Reset the dark brem process (if it was activated)
[ RunManager ] 2802 debug: Reset the dark brem process (if it was activated)
[ RunManager ] 2803 debug: Reset the dark brem process (if it was activated)
[ RunManager ] 2804 debug: Reset the dark brem process (if it was activated)
[ RunManager ] 2805 debug: Reset the dark brem process (if it was activated)
[ RunManager ] 2806 debug: Reset the dark brem process (if it was activated)
[ RunManager ] 2807 debug: Reset the dark brem process (if it was activated)
[ RunManager ] 2808 debug: Reset the dark brem process (if it was activated)
[ RunManager ] 2809 debug: Reset the dark brem process (if it was activated)
[ RunManager ] 2810 debug: Reset the dark brem process (if it was activated)
[ RunManager ] 2811 debug: Reset the dark brem process (if it was activated)
[ RunManager ] 2812 debug: Reset the dark brem process (if it was activated)
[ RunManager ] 2813 debug: Reset the dark brem process (if it was activated)
[ RunManager ] 2814 debug: Reset the dark brem process (if it was activated)
[ RunManager ] 2815 debug: Reset the dark brem process (if it was activated)
[ RunManager ] 2816 debug: Reset the dark brem process (if it was activated)
[ RunManager ] 2817 debug: Reset the dark brem process (if it was activated)
[ RunManager ] 2818 debug: Reset the dark brem process (if it was activated)
[ RunManager ] 2819 debug: Reset the dark brem process (if it was activated)
[ RunManager ] 2820 debug: Reset the dark brem process (if it was activated)
[ RunManager ] 2821 debug: Reset the dark brem process (if it was activated)
[ RunManager ] 2822 debug: Reset the dark brem process (if it was activated)
[ RunManager ] 2823 debug: Reset the dark brem process (if it was activated)
[ RunManager ] 2824 debug: Reset the dark brem process (if it was activated)
[ RunManager ] 2825 debug: Reset the dark brem process (if it was activated)
[ RunManager ] 2826 debug: Reset the dark brem process (if it was activated)
[ RunManager ] 2827 debug: Reset the dark brem process (if it was activated)
[ RunManager ] 2828 debug: Reset the dark brem process (if it was activated)
[ RunManager ] 2829 debug: Reset the dark brem process (if it was activated)
[ RunManager ] 2830 debug: Reset the dark brem process (if it was activated)
[ RunManager ] 2831 debug: Reset the dark brem process (if it was activated)
[ RunManager ] 2832 debug: Reset the dark brem process (if it was activated)
[ RunManager ] 2833 debug: Reset the dark brem process (if it was activated)
[ RunManager ] 2834 debug: Reset the dark brem process (if it was activated)
[ RunManager ] 2835 debug: Reset the dark brem process (if it was activated)
[ RunManager ] 2836 debug: Reset the dark brem process (if it was activated)
[ RunManager ] 2837 debug: Reset the dark brem process (if it was activated)
[ RunManager ] 2838 debug: Reset the dark brem process (if it was activated)
[ RunManager ] 2839 debug: Reset the dark brem process (if it was activated)
[ RunManager ] 2840 debug: Reset the dark brem process (if it was activated)
[ RunManager ] 2841 debug: Reset the dark brem process (if it was activated)
[ RunManager ] 2842 debug: Reset the dark brem process (if it was activated)
[ RunManager ] 2843 debug: Reset the dark brem process (if it was activated)
[ RunManager ] 2844 debug: Reset the dark brem process (if it was activated)
[ RunManager ] 2845 debug: Reset the dark brem process (if it was activated)
[ RunManager ] 2846 debug: Reset the dark brem process (if it was activated)
[ RunManager ] 2847 debug: Reset the dark brem process (if it was activated)
[ RunManager ] 2848 debug: Reset the dark brem process (if it was activated)
[ RunManager ] 2849 debug: Reset the dark brem process (if it was activated)
[ RunManager ] 2850 debug: Reset the dark brem process (if it was activated)
[ RunManager ] 2851 debug: Reset the dark brem process (if it was activated)
[ RunManager ] 2852 debug: Reset the dark brem process (if it was activated)
[ RunManager ] 2853 debug: Reset the dark brem process (if it was activated)
[ RunManager ] 2854 debug: Reset the dark brem process (if it was activated)
[ RunManager ] 2855 debug: Reset the dark brem process (if it was activated)
[ RunManager ] 2856 debug: Reset the dark brem process (if it was activated)
[ RunManager ] 2857 debug: Reset the dark brem process (if it was activated)
[ RunManager ] 2858 debug: Reset the dark brem process (if it was activated)
[ RunManager ] 2859 debug: Reset the dark brem process (if it was activated)
[ RunManager ] 2860 debug: Reset the dark brem process (if it was activated)
[ RunManager ] 2861 debug: Reset the dark brem process (if it was activated)
[ RunManager ] 2862 debug: Reset the dark brem process (if it was activated)
[ RunManager ] 2863 debug: Reset the dark brem process (if it was activated)
[ RunManager ] 2864 debug: Reset the dark brem process (if it was activated)
[ RunManager ] 2865 debug: Reset the dark brem process (if it was activated)
[ RunManager ] 2866 debug: Reset the dark brem process (if it was activated)
[ RunManager ] 2867 debug: Reset the dark brem process (if it was activated)
[ RunManager ] 2868 debug: Reset the dark brem process (if it was activated)
[ RunManager ] 2869 debug: Reset the dark brem process (if it was activated)
[ RunManager ] 2870 debug: Reset the dark brem process (if it was activated)
[ RunManager ] 2871 debug: Reset the dark brem process (if it was activated)
[ RunManager ] 2872 debug: Reset the dark brem process (if it was activated)
[ RunManager ] 2873 debug: Reset the dark brem process (if it was activated)
[ RunManager ] 2874 debug: Reset the dark brem process (if it was activated)
[ RunManager ] 2875 debug: Reset the dark brem process (if it was activated)
[ RunManager ] 2876 debug: Reset the dark brem process (if it was activated)
[ RunManager ] 2877 debug: Reset the dark brem process (if it was activated)
[ RunManager ] 2878 debug: Reset the dark brem process (if it was activated)
[ RunManager ] 2879 debug: Reset the dark brem process (if it was activated)
[ RunManager ] 2880 debug: Reset the dark brem process (if it was activated)
[ RunManager ] 2881 debug: Reset the dark brem process (if it was activated)
[ RunManager ] 2882 debug: Reset the dark brem process (if it was activated)
[ RunManager ] 2883 debug: Reset the dark brem process (if it was activated)
[ RunManager ] 2884 debug: Reset the dark brem process (if it was activated)
[ RunManager ] 2885 debug: Reset the dark brem process (if it was activated)
[ RunManager ] 2886 debug: Reset the dark brem process (if it was activated)
[ RunManager ] 2887 debug: Reset the dark brem process (if it was activated)
[ RunManager ] 2888 debug: Reset the dark brem process (if it was activated)
[ RunManager ] 2889 debug: Reset the dark brem process (if it was activated)
[ RunManager ] 2890 debug: Reset the dark brem process (if it was activated)
[ RunManager ] 2891 debug: Reset the dark brem process (if it was activated)
[ RunManager ] 2892 debug: Reset the dark brem process (if it was activated)
[ RunManager ] 2893 debug: Reset the dark brem process (if it was activated)
[ RunManager ] 2894 debug: Reset the dark brem process (if it was activated)
[ RunManager ] 2895 debug: Reset the dark brem process (if it was activated)
[ RunManager ] 2896 debug: Reset the dark brem process (if it was activated)
[ RunManager ] 2897 debug: Reset the dark brem process (if it was activated)
[ RunManager ] 2898 debug: Reset the dark brem process (if it was activated)
[ RunManager ] 2899 debug: Reset the dark brem process (if it was activated)
[ RunManager ] 2900 debug: Reset the dark brem process (if it was activated)
[ RunManager ] 2901 debug: Reset the dark brem process (if it was activated)
[ RunManager ] 2902 debug: Reset the dark brem process (if it was activated)
[ RunManager ] 2903 debug: Reset the dark brem process (if it was activated)
[ RunManager ] 2904 debug: Reset the dark brem process (if it was activated)
[ RunManager ] 2905 debug: Reset the dark brem process (if it was activated)
[ RunManager ] 2906 debug: Reset the dark brem process (if it was activated)
[ RunManager ] 2907 debug: Reset the dark brem process (if it was activated)
[ RunManager ] 2908 debug: Reset the dark brem process (if it was activated)
[ RunManager ] 2909 debug: Reset the dark brem process (if it was activated)
[ RunManager ] 2910 debug: Reset the dark brem process (if it was activated)
[ RunManager ] 2911 debug: Reset the dark brem process (if it was activated)
[ RunManager ] 2912 debug: Reset the dark brem process (if it was activated)
[ RunManager ] 2913 debug: Reset the dark brem process (if it was activated)
[ RunManager ] 2914 debug: Reset the dark brem process (if it was activated)
[ RunManager ] 2915 debug: Reset the dark brem process (if it was activated)
[ RunManager ] 2916 debug: Reset the dark brem process (if it was activated)
[ RunManager ] 2917 debug: Reset the dark brem process (if it was activated)
[ RunManager ] 2918 debug: Reset the dark brem process (if it was activated)
[ RunManager ] 2919 debug: Reset the dark brem process (if it was activated)
[ RunManager ] 2920 debug: Reset the dark brem process (if it was activated)
[ RunManager ] 2921 debug: Reset the dark brem process (if it was activated)
[ RunManager ] 2922 debug: Reset the dark brem process (if it was activated)
[ RunManager ] 2923 debug: Reset the dark brem process (if it was activated)
[ RunManager ] 2924 debug: Reset the dark brem process (if it was activated)
[ RunManager ] 2925 debug: Reset the dark brem process (if it was activated)
[ RunManager ] 2926 debug: Reset the dark brem process (if it was activated)
[ RunManager ] 2927 debug: Reset the dark brem process (if it was activated)
[ RunManager ] 2928 debug: Reset the dark brem process (if it was activated)
[ RunManager ] 2929 debug: Reset the dark brem process (if it was activated)
[ RunManager ] 2930 debug: Reset the dark brem process (if it was activated)
[ RunManager ] 2931 debug: Reset the dark brem process (if it was activated)
[ RunManager ] 2932 debug: Reset the dark brem process (if it was activated)
[ RunManager ] 2933 debug: Reset the dark brem process (if it was activated)
[ RunManager ] 2934 debug: Reset the dark brem process (if it was activated)
[ RunManager ] 2935 debug: Reset the dark brem process (if it was activated)
[ RunManager ] 2936 debug: Reset the dark brem process (if it was activated)
[ RunManager ] 2937 debug: Reset the dark brem process (if it was activated)
[ RunManager ] 2938 debug: Reset the dark brem process (if it was activated)
[ RunManager ] 2939 debug: Reset the dark brem process (if it was activated)
[ RunManager ] 2940 debug: Reset the dark brem process (if it was activated)
[ RunManager ] 2941 debug: Reset the dark brem process (if it was activated)
[ RunManager ] 2942 debug: Reset the dark brem process (if it was activated)
[ RunManager ] 2943 debug: Reset the dark brem process (if it was activated)
[ RunManager ] 2944 debug: Reset the dark brem process (if it was activated)
[ RunManager ] 2945 debug: Reset the dark brem process (if it was activated)
[ RunManager ] 2946 debug: Reset the dark brem process (if it was activated)
[ RunManager ] 2947 debug: Reset the dark brem process (if it was activated)
[ RunManager ] 2948 debug: Reset the dark brem process (if it was activated)
[ RunManager ] 2949 debug: Reset the dark brem process (if it was activated)
[ RunManager ] 2950 debug: Reset the dark brem process (if it was activated)
[ RunManager ] 2951 debug: Reset the dark brem process (if it was activated)
[ RunManager ] 2952 debug: Reset the dark brem process (if it was activated)
[ RunManager ] 2953 debug: Reset the dark brem process (if it was activated)
[ RunManager ] 2954 debug: Reset the dark brem process (if it was activated)
[ RunManager ] 2955 debug: Reset the dark brem process (if it was activated)
[ RunManager ] 2956 debug: Reset the dark brem process (if it was activated)
[ RunManager ] 2957 debug: Reset the dark brem process (if it was activated)
[ RunManager ] 2958 debug: Reset the dark brem process (if it was activated)
[ RunManager ] 2959 debug: Reset the dark brem process (if it was activated)
[ RunManager ] 2960 debug: Reset the dark brem process (if it was activated)
[ RunManager ] 2961 debug: Reset the dark brem process (if it was activated)
[ RunManager ] 2962 debug: Reset the dark brem process (if it was activated)
[ RunManager ] 2963 debug: Reset the dark brem process (if it was activated)
[ RunManager ] 2964 debug: Reset the dark brem process (if it was activated)
[ RunManager ] 2965 debug: Reset the dark brem process (if it was activated)
[ RunManager ] 2966 debug: Reset the dark brem process (if it was activated)
[ RunManager ] 2967 debug: Reset the dark brem process (if it was activated)
[ RunManager ] 2968 debug: Reset the dark brem process (if it was activated)
[ RunManager ] 2969 debug: Reset the dark brem process (if it was activated)
[ RunManager ] 2970 debug: Reset the dark brem process (if it was activated)
[ RunManager ] 2971 debug: Reset the dark brem process (if it was activated)
[ RunManager ] 2972 debug: Reset the dark brem process (if it was activated)
[ RunManager ] 2973 debug: Reset the dark brem process (if it was activated)
[ RunManager ] 2974 debug: Reset the dark brem process (if it was activated)
[ RunManager ] 2975 debug: Reset the dark brem process (if it was activated)
[ RunManager ] 2976 debug: Reset the dark brem process (if it was activated)
[ RunManager ] 2977 debug: Reset the dark brem process (if it was activated)
[ RunManager ] 2978 debug: Reset the dark brem process (if it was activated)
[ RunManager ] 2979 debug: Reset the dark brem process (if it was activated)
[ RunManager ] 2980 debug: Reset the dark brem process (if it was activated)
[ RunManager ] 2981 debug: Reset the dark brem process (if it was activated)
[ RunManager ] 2982 debug: Reset the dark brem process (if it was activated)
[ RunManager ] 2983 debug: Reset the dark brem process (if it was activated)
[ RunManager ] 2984 debug: Reset the dark brem process (if it was activated)
[ RunManager ] 2985 debug: Reset the dark brem process (if it was activated)
[ RunManager ] 2986 debug: Reset the dark brem process (if it was activated)
[ RunManager ] 2987 debug: Reset the dark brem process (if it was activated)
[ RunManager ] 2988 debug: Reset the dark brem process (if it was activated)
[ RunManager ] 2989 debug: Reset the dark brem process (if it was activated)
[ RunManager ] 2990 debug: Reset the dark brem process (if it was activated)
[ RunManager ] 2991 debug: Reset the dark brem process (if it was activated)
[ RunManager ] 2992 debug: Reset the dark brem process (if it was activated)
[ RunManager ] 2993 debug: Reset the dark brem process (if it was activated)
[ RunManager ] 2994 debug: Reset the dark brem process (if it was activated)
[ RunManager ] 2995 debug: Reset the dark brem process (if it was activated)
[ RunManager ] 2996 debug: Reset the dark brem process (if it was activated)
[ RunManager ] 2997 debug: Reset the dark brem process (if it was activated)
[ RunManager ] 2998 debug: Reset the dark brem process (if it was activated)
[ RunManager ] 2999 debug: Reset the dark brem process (if it was activated)
[ RunManager ] 3000 debug: Reset the dark brem process (if it was activated)
[ RunManager ] 3001 debug: Reset the dark brem process (if it was activated)
[ RunManager ] 3002 debug: Reset the dark brem process (if it was activated)
[ RunManager ] 3003 debug: Reset the dark brem process (if it was activated)
[ RunManager ] 3004 debug: Reset the dark brem process (if it was activated)
[ RunManager ] 3005 debug: Reset the dark brem process (if it was activated)
[ RunManager ] 3006 debug: Reset the dark brem process (if it was activated)
[ RunManager ] 3007 debug: Reset the dark brem process (if it was activated)
[ RunManager ] 3008 debug: Reset the dark brem process (if it was activated)
[ RunManager ] 3009 debug: Reset the dark brem process (if it was activated)
[ RunManager ] 3010 debug: Reset the dark brem process (if it was activated)
[ RunManager ] 3011 debug: Reset the dark brem process (if it was activated)
[ RunManager ] 3012 debug: Reset the dark brem process (if it was activated)
[ RunManager ] 3013 debug: Reset the dark brem process (if it was activated)
[ RunManager ] 3014 debug: Reset the dark brem process (if it was activated)
[ RunManager ] 3015 debug: Reset the dark brem process (if it was activated)
[ RunManager ] 3016 debug: Reset the dark brem process (if it was activated)
[ RunManager ] 3017 debug: Reset the dark brem process (if it was activated)
[ RunManager ] 3018 debug: Reset the dark brem process (if it was activated)
[ RunManager ] 3019 debug: Reset the dark brem process (if it was activated)
[ RunManager ] 3020 debug: Reset the dark brem process (if it was activated)
[ RunManager ] 3021 debug: Reset the dark brem process (if it was activated)
[ RunManager ] 3022 debug: Reset the dark brem process (if it was activated)
[ RunManager ] 3023 debug: Reset the dark brem process (if it was activated)
[ RunManager ] 3024 debug: Reset the dark brem process (if it was activated)
[ RunManager ] 3025 debug: Reset the dark brem process (if it was activated)
[ RunManager ] 3026 debug: Reset the dark brem process (if it was activated)
[ RunManager ] 3027 debug: Reset the dark brem process (if it was activated)
[ RunManager ] 3028 debug: Reset the dark brem process (if it was activated)
[ RunManager ] 3029 debug: Reset the dark brem process (if it was activated)
[ RunManager ] 3030 debug: Reset the dark brem process (if it was activated)
[ RunManager ] 3031 debug: Reset the dark brem process (if it was activated)
[ RunManager ] 3032 debug: Reset the dark brem process (if it was activated)
[ RunManager ] 3033 debug: Reset the dark brem process (if it was activated)
[ RunManager ] 3034 debug: Reset the dark brem process (if it was activated)
[ RunManager ] 3035 debug: Reset the dark brem process (if it was activated)
[ RunManager ] 3036 debug: Reset the dark brem process (if it was activated)
[ RunManager ] 3037 debug: Reset the dark brem process (if it was activated)
[ RunManager ] 3038 debug: Reset the dark brem process (if it was activated)
[ RunManager ] 3039 debug: Reset the dark brem process (if it was activated)
[ RunManager ] 3040 debug: Reset the dark brem process (if it was activated)
[ RunManager ] 3041 debug: Reset the dark brem process (if it was activated)
[ RunManager ] 3042 debug: Reset the dark brem process (if it was activated)
[ RunManager ] 3043 debug: Reset the dark brem process (if it was activated)
[ RunManager ] 3044 debug: Reset the dark brem process (if it was activated)
[ RunManager ] 3045 debug: Reset the dark brem process (if it was activated)
[ RunManager ] 3046 debug: Reset the dark brem process (if it was activated)
[ RunManager ] 3047 debug: Reset the dark brem process (if it was activated)
[ RunManager ] 3048 debug: Reset the dark brem process (if it was activated)
[ RunManager ] 3049 debug: Reset the dark brem process (if it was activated)
[ RunManager ] 3050 debug: Reset the dark brem process (if it was activated)
[ RunManager ] 3051 debug: Reset the dark brem process (if it was activated)
[ RunManager ] 3052 debug: Reset the dark brem process (if it was activated)
[ RunManager ] 3053 debug: Reset the dark brem process (if it was activated)
[ RunManager ] 3054 debug: Reset the dark brem process (if it was activated)
[ RunManager ] 3055 debug: Reset the dark brem process (if it was activated)
[ RunManager ] 3056 debug: Reset the dark brem process (if it was activated)
[ RunManager ] 3057 debug: Reset the dark brem process (if it was activated)
[ RunManager ] 3058 debug: Reset the dark brem process (if it was activated)
[ RunManager ] 3059 debug: Reset the dark brem process (if it was activated)
[ RunManager ] 3060 debug: Reset the dark brem process (if it was activated)
[ RunManager ] 3061 debug: Reset the dark brem process (if it was activated)
[ RunManager ] 3062 debug: Reset the dark brem process (if it was activated)
[ RunManager ] 3063 debug: Reset the dark brem process (if it was activated)
[ RunManager ] 3064 debug: Reset the dark brem process (if it was activated)
[ RunManager ] 3065 debug: Reset the dark brem process (if it was activated)
[ RunManager ] 3066 debug: Reset the dark brem process (if it was activated)
[ RunManager ] 3067 debug: Reset the dark brem process (if it was activated)
[ RunManager ] 3068 debug: Reset the dark brem process (if it was activated)
[ RunManager ] 3069 debug: Reset the dark brem process (if it was activated)
[ RunManager ] 3070 debug: Reset the dark brem process (if it was activated)
[ RunManager ] 3071 debug: Reset the dark brem process (if it was activated)
[ RunManager ] 3072 debug: Reset the dark brem process (if it was activated)
[ RunManager ] 3073 debug: Reset the dark brem process (if it was activated)
[ RunManager ] 3074 debug: Reset the dark brem process (if it was activated)
[ RunManager ] 3075 debug: Reset the dark brem process (if it was activated)
[ RunManager ] 3076 debug: Reset the dark brem process (if it was activated)
[ RunManager ] 3077 debug: Reset the dark brem process (if it was activated)
[ RunManager ] 3078 debug: Reset the dark brem process (if it was activated)
[ RunManager ] 3079 debug: Reset the dark brem process (if it was activated)
[ RunManager ] 3080 debug: Reset the dark brem process (if it was activated)
[ RunManager ] 3081 debug: Reset the dark brem process (if it was activated)
[ RunManager ] 3082 debug: Reset the dark brem process (if it was activated)
[ RunManager ] 3083 debug: Reset the dark brem process (if it was activated)
[ RunManager ] 3084 debug: Reset the dark brem process (if it was activated)
[ RunManager ] 3085 debug: Reset the dark brem process (if it was activated)
[ RunManager ] 3086 debug: Reset the dark brem process (if it was activated)
[ RunManager ] 3087 debug: Reset the dark brem process (if it was activated)
[ RunManager ] 3088 debug: Reset the dark brem process (if it was activated)
[ RunManager ] 3089 debug: Reset the dark brem process (if it was activated)
[ RunManager ] 3090 debug: Reset the dark brem process (if it was activated)
[ RunManager ] 3091 debug: Reset the dark brem process (if it was activated)
[ RunManager ] 3092 debug: Reset the dark brem process (if it was activated)
[ RunManager ] 3093 debug: Reset the dark brem process (if it was activated)
[ RunManager ] 3094 debug: Reset the dark brem process (if it was activated)
[ RunManager ] 3095 debug: Reset the dark brem process (if it was activated)
[ RunManager ] 3096 debug: Reset the dark brem process (if it was activated)
[ RunManager ] 3097 debug: Reset the dark brem process (if it was activated)
[ RunManager ] 3098 debug: Reset the dark brem process (if it was activated)
[ RunManager ] 3099 debug: Reset the dark brem process (if it was activated)
[ RunManager ] 3100 debug: Reset the dark brem process (if it was activated)
[ RunManager ] 3101 debug: Reset the dark brem process (if it was activated)
[ RunManager ] 3102 debug: Reset the dark brem process (if it was activated)
[ RunManager ] 3103 debug: Reset the dark brem process (if it was activated)
[ RunManager ] 3104 debug: Reset the dark brem process (if it was activated)
[ RunManager ] 3105 debug: Reset the dark brem process (if it was activated)
[ RunManager ] 3106 debug: Reset the dark brem process (if it was activated)
[ RunManager ] 3107 debug: Reset the dark brem process (if it was activated)
[ RunManager ] 3108 debug: Reset the dark brem process (if it was activated)
[ RunManager ] 3109 debug: Reset the dark brem process (if it was activated)
[ RunManager ] 3110 debug: Reset the dark brem process (if it was activated)
[ RunManager ] 3111 debug: Reset the dark brem process (if it was activated)
[ RunManager ] 3112 debug: Reset the dark brem process (if it was activated)
[ RunManager ] 3113 debug: Reset the dark brem process (if it was activated)
[ RunManager ] 3114 debug: Reset the dark brem process (if it was activated)
[ RunManager ] 3115 debug: Reset the dark brem process (if it was activated)
[ RunManager ] 3116 debug: Reset the dark brem process (if it was activated)
[ RunManager ] 3117 debug: Reset the dark brem process (if it was activated)
[ RunManager ] 3118 debug: Reset the dark brem process (if it was activated)
[ RunManager ] 3119 debug: Reset the dark brem process (if it was activated)
[ RunManager ] 3120 debug: Reset the dark brem process (if it was activated)
[ RunManager ] 3121 debug: Reset the dark brem process (if it was activated)
[ RunManager ] 3122 debug: Reset the dark brem process (if it was activated)
[ RunManager ] 3123 debug: Reset the dark brem process (if it was activated)
[ RunManager ] 3124 debug: Reset the dark brem process (if it was activated)
[ RunManager ] 3125 debug: Reset the dark brem process (if it was activated)
[ RunManager ] 3126 debug: Reset the dark brem process (if it was activated)
[ RunManager ] 3127 debug: Reset the dark brem process (if it was activated)
[ RunManager ] 3128 debug: Reset the dark brem process (if it was activated)
[ RunManager ] 3129 debug: Reset the dark brem process (if it was activated)
[ RunManager ] 3130 debug: Reset the dark brem process (if it was activated)
[ RunManager ] 3131 debug: Reset the dark brem process (if it was activated)
[ RunManager ] 3132 debug: Reset the dark brem process (if it was activated)
[ RunManager ] 3133 debug: Reset the dark brem process (if it was activated)
[ RunManager ] 3134 debug: Reset the dark brem process (if it was activated)
[ RunManager ] 3135 debug: Reset the dark brem process (if it was activated)
[ RunManager ] 3136 debug: Reset the dark brem process (if it was activated)
[ RunManager ] 3137 debug: Reset the dark brem process (if it was activated)
[ RunManager ] 3138 debug: Reset the dark brem process (if it was activated)
[ RunManager ] 3139 debug: Reset the dark brem process (if it was activated)
[ RunManager ] 3140 debug: Reset the dark brem process (if it was activated)
[ RunManager ] 3141 debug: Reset the dark brem process (if it was activated)
[ RunManager ] 3142 debug: Reset the dark brem process (if it was activated)
[ RunManager ] 3143 debug: Reset the dark brem process (if it was activated)
[ RunManager ] 3144 debug: Reset the dark brem process (if it was activated)
[ RunManager ] 3145 debug: Reset the dark brem process (if it was activated)
[ RunManager ] 3146 debug: Reset the dark brem process (if it was activated)
[ RunManager ] 3147 debug: Reset the dark brem process (if it was activated)
[ RunManager ] 3148 debug: Reset the dark brem process (if it was activated)
[ RunManager ] 3149 debug: Reset the dark brem process (if it was activated)
[ RunManager ] 3150 debug: Reset the dark brem process (if it was activated)
[ RunManager ] 3151 debug: Reset the dark brem process (if it was activated)
[ RunManager ] 3152 debug: Reset the dark brem process (if it was activated)
[ RunManager ] 3153 debug: Reset the dark brem process (if it was activated)
[ RunManager ] 3154 debug: Reset the dark brem process (if it was activated)
[ RunManager ] 3155 debug: Reset the dark brem process (if it was activated)
[ RunManager ] 3156 debug: Reset the dark brem process (if it was activated)
[ RunManager ] 3157 debug: Reset the dark brem process (if it was activated)
[ RunManager ] 3158 debug: Reset the dark brem process (if it was activated)
[ RunManager ] 3159 debug: Reset the dark brem process (if it was activated)
[ RunManager ] 3160 debug: Reset the dark brem process (if it was activated)
[ RunManager ] 3161 debug: Reset the dark brem process (if it was activated)
[ RunManager ] 3162 debug: Reset the dark brem process (if it was activated)
[ RunManager ] 3163 debug: Reset the dark brem process (if it was activated)
[ RunManager ] 3164 debug: Reset the dark brem process (if it was activated)
[ RunManager ] 3165 debug: Reset the dark brem process (if it was activated)
[ RunManager ] 3166 debug: Reset the dark brem process (if it was activated)
[ RunManager ] 3167 debug: Reset the dark brem process (if it was activated)
[ RunManager ] 3168 debug: Reset the dark brem process (if it was activated)
[ RunManager ] 3169 debug: Reset the dark brem process (if it was activated)
[ RunManager ] 3170 debug: Reset the dark brem process (if it was activated)
[ RunManager ] 3171 debug: Reset the dark brem process (if it was activated)
[ RunManager ] 3172 debug: Reset the dark brem process (if it was activated)
[ RunManager ] 3173 debug: Reset the dark brem process (if it was activated)
[ RunManager ] 3174 debug: Reset the dark brem process (if it was activated)
[ RunManager ] 3175 debug: Reset the dark brem process (if it was activated)
[ RunManager ] 3176 debug: Reset the dark brem process (if it was activated)
[ RunManager ] 3177 debug: Reset the dark brem process (if it was activated)
[ RunManager ] 3178 debug: Reset the dark brem process (if it was activated)
[ RunManager ] 3179 debug: Reset the dark brem process (if it was activated)
[ RunManager ] 3180 debug: Reset the dark brem process (if it was activated)
[ RunManager ] 3181 debug: Reset the dark brem process (if it was activated)
[ RunManager ] 3182 debug: Reset the dark brem process (if it was activated)
[ RunManager ] 3183 debug: Reset the dark brem process (if it was activated)
[ RunManager ] 3184 debug: Reset the dark brem process (if it was activated)
[ RunManager ] 3185 debug: Reset the dark brem process (if it was activated)
[ RunManager ] 3186 debug: Reset the dark brem process (if it was activated)
[ RunManager ] 3187 debug: Reset the dark brem process (if it was activated)
[ RunManager ] 3188 debug: Reset the dark brem process (if it was activated)
[ RunManager ] 3189 debug: Reset the dark brem process (if it was activated)
[ RunManager ] 3190 debug: Reset the dark brem process (if it was activated)
[ RunManager ] 3191 debug: Reset the dark brem process (if it was activated)
[ RunManager ] 3192 debug: Reset the dark brem process (if it was activated)
[ RunManager ] 3193 debug: Reset the dark brem process (if it was activated)
[ RunManager ] 3194 debug: Reset the dark brem process (if it was activated)
[ RunManager ] 3195 debug: Reset the dark brem process (if it was activated)
[ RunManager ] 3196 debug: Reset the dark brem process (if it was activated)
[ RunManager ] 3197 debug: Reset the dark brem process (if it was activated)
[ RunManager ] 3198 debug: Reset the dark brem process (if it was activated)
[ RunManager ] 3199 debug: Reset the dark brem process (if it was activated)
[ RunManager ] 3200 debug: Reset the dark brem process (if it was activated)
[ RunManager ] 3201 debug: Reset the dark brem process (if it was activated)
[ RunManager ] 3202 debug: Reset the dark brem process (if it was activated)
[ RunManager ] 3203 debug: Reset the dark brem process (if it was activated)
[ RunManager ] 3204 debug: Reset the dark brem process (if it was activated)
[ RunManager ] 3205 debug: Reset the dark brem process (if it was activated)
[ RunManager ] 3206 debug: Reset the dark brem process (if it was activated)
[ RunManager ] 3207 debug: Reset the dark brem process (if it was activated)
[ RunManager ] 3208 debug: Reset the dark brem process (if it was activated)
[ RunManager ] 3209 debug: Reset the dark brem process (if it was activated)
[ RunManager ] 3210 debug: Reset the dark brem process (if it was activated)
[ RunManager ] 3211 debug: Reset the dark brem process (if it was activated)
[ RunManager ] 3212 debug: Reset the dark brem process (if it was activated)
[ RunManager ] 3213 debug: Reset the dark brem process (if it was activated)
[ RunManager ] 3214 debug: Reset the dark brem process (if it was activated)
[ RunManager ] 3215 debug: Reset the dark brem process (if it was activated)
[ RunManager ] 3216 debug: Reset the dark brem process (if it was activated)
[ RunManager ] 3217 debug: Reset the dark brem process (if it was activated)
[ RunManager ] 3218 debug: Reset the dark brem process (if it was activated)
[ RunManager ] 3219 debug: Reset the dark brem process (if it was activated)
[ RunManager ] 3220 debug: Reset the dark brem process (if it was activated)
[ RunManager ] 3221 debug: Reset the dark brem process (if it was activated)
[ RunManager ] 3222 debug: Reset the dark brem process (if it was activated)
[ RunManager ] 3223 debug: Reset the dark brem process (if it was activated)
[ RunManager ] 3224 debug: Reset the dark brem process (if it was activated)
[ RunManager ] 3225 debug: Reset the dark brem process (if it was activated)
[ RunManager ] 3226 debug: Reset the dark brem process (if it was activated)
[ RunManager ] 3227 debug: Reset the dark brem process (if it was activated)
[ RunManager ] 3228 debug: Reset the dark brem process (if it was activated)
[ RunManager ] 3229 debug: Reset the dark brem process (if it was activated)
[ RunManager ] 3230 debug: Reset the dark brem process (if it was activated)
[ RunManager ] 3231 debug: Reset the dark brem process (if it was activated)
[ RunManager ] 3232 debug: Reset the dark brem process (if it was activated)
[ RunManager ] 3233 debug: Reset the dark brem process (if it was activated)
[ RunManager ] 3234 debug: Reset the dark brem process (if it was activated)
[ RunManager ] 3235 debug: Reset the dark brem process (if it was activated)
[ RunManager ] 3236 debug: Reset the dark brem process (if it was activated)
[ RunManager ] 3237 debug: Reset the dark brem process (if it was activated)
[ RunManager ] 3238 debug: Reset the dark brem process (if it was activated)
[ RunManager ] 3239 debug: Reset the dark brem process (if it was activated)
[ RunManager ] 3240 debug: Reset the dark brem process (if it was activated)
[ RunManager ] 3241 debug: Reset the dark brem process (if it was activated)
[ RunManager ] 3242 debug: Reset the dark brem process (if it was activated)
[ RunManager ] 3243 debug: Reset the dark brem process (if it was activated)
[ RunManager ] 3244 debug: Reset the dark brem process (if it was activated)
[ RunManager ] 3245 debug: Reset the dark brem process (if it was activated)
[ RunManager ] 3246 debug: Reset the dark brem process (if it was activated)
[ RunManager ] 3247 debug: Reset the dark brem process (if it was activated)
[ RunManager ] 3248 debug: Reset the dark brem process (if it was activated)
[ RunManager ] 3249 debug: Reset the dark brem process (if it was activated)
[ RunManager ] 3250 debug: Reset the dark brem process (if it was activated)
[ RunManager ] 3251 debug: Reset the dark brem process (if it was activated)
[ RunManager ] 3252 debug: Reset the dark brem process (if it was activated)
[ RunManager ] 3253 debug: Reset the dark brem process (if it was activated)
[ RunManager ] 3254 debug: Reset the dark brem process (if it was activated)
[ RunManager ] 3255 debug: Reset the dark brem process (if it was activated)
[ RunManager ] 3256 debug: Reset the dark brem process (if it was activated)
[ RunManager ] 3257 debug: Reset the dark brem process (if it was activated)
[ RunManager ] 3258 debug: Reset the dark brem process (if it was activated)
[ RunManager ] 3259 debug: Reset the dark brem process (if it was activated)
[ RunManager ] 3260 debug: Reset the dark brem process (if it was activated)
[ RunManager ] 3261 debug: Reset the dark brem process (if it was activated)
[ RunManager ] 3262 debug: Reset the dark brem process (if it was activated)
[ RunManager ] 3263 debug: Reset the dark brem process (if it was activated)
[ RunManager ] 3264 debug: Reset the dark brem process (if it was activated)
[ RunManager ] 3265 debug: Reset the dark brem process (if it was activated)
[ RunManager ] 3266 debug: Reset the dark brem process (if it was activated)
[ RunManager ] 3267 debug: Reset the dark brem process (if it was activated)
[ RunManager ] 3268 debug: Reset the dark brem process (if it was activated)
[ RunManager ] 3269 debug: Reset the dark brem process (if it was activated)
[ RunManager ] 3270 debug: Reset the dark brem process (if it was activated)
[ RunManager ] 3271 debug: Reset the dark brem process (if it was activated)
[ RunManager ] 3272 debug: Reset the dark brem process (if it was activated)
[ RunManager ] 3273 debug: Reset the dark brem process (if it was activated)
[ RunManager ] 3274 debug: Reset the dark brem process (if it was activated)
[ RunManager ] 3275 debug: Reset the dark brem process (if it was activated)
[ RunManager ] 3276 debug: Reset the dark brem process (if it was activated)
[ RunManager ] 3277 debug: Reset the dark brem process (if it was activated)
[ RunManager ] 3278 debug: Reset the dark brem process (if it was activated)
[ RunManager ] 3279 debug: Reset the dark brem process (if it was activated)
[ RunManager ] 3280 debug: Reset the dark brem process (if it was activated)
[ RunManager ] 3281 debug: Reset the dark brem process (if it was activated)
[ RunManager ] 3282 debug: Reset the dark brem process (if it was activated)
[ RunManager ] 3283 debug: Reset the dark brem process (if it was activated)
[ RunManager ] 3284 debug: Reset the dark brem process (if it was activated)
[ RunManager ] 3285 debug: Reset the dark brem process (if it was activated)
[ RunManager ] 3286 debug: Reset the dark brem process (if it was activated)
[ RunManager ] 3287 debug: Reset the dark brem process (if it was activated)
[ RunManager ] 3288 debug: Reset the dark brem process (if it was activated)
[ RunManager ] 3289 debug: Reset the dark brem process (if it was activated)
[ RunManager ] 3290 debug: Reset the dark brem process (if it was activated)
[ RunManager ] 3291 debug: Reset the dark brem process (if it was activated)
[ RunManager ] 3292 debug: Reset the dark brem process (if it was activated)
[ RunManager ] 3293 debug: Reset the dark brem process (if it was activated)
[ RunManager ] 3294 debug: Reset the dark brem process (if it was activated)
[ RunManager ] 3295 debug: Reset the dark brem process (if it was activated)
[ RunManager ] 3296 debug: Reset the dark brem process (if it was activated)
[ RunManager ] 3297 debug: Reset the dark brem process (if it was activated)
[ RunManager ] 3298 debug: Reset the dark brem process (if it was activated)
[ RunManager ] 3299 debug: Reset the dark brem process (if it was activated)
[ RunManager ] 3300 debug: Reset the dark brem process (if it was activated)
[ RunManager ] 3301 debug: Reset the dark brem process (if it was activated)
[ RunManager ] 3302 debug: Reset the dark brem process (if it was activated)
[ RunManager ] 3303 debug: Reset the dark brem process (if it was activated)
[ RunManager ] 3304 debug: Reset the dark brem process (if it was activated)
[ RunManager ] 3305 debug: Reset the dark brem process (if it was activated)
[ RunManager ] 3306 debug: Reset the dark brem process (if it was activated)
[ RunManager ] 3307 debug: Reset the dark brem process (if it was activated)
[ RunManager ] 3308 debug: Reset the dark brem process (if it was activated)
[ RunManager ] 3309 debug: Reset the dark brem process (if it was activated)
[ RunManager ] 3310 debug: Reset the dark brem process (if it was activated)
[ RunManager ] 3311 debug: Reset the dark brem process (if it was activated)
[ RunManager ] 3312 debug: Reset the dark brem process (if it was activated)
[ RunManager ] 3313 debug: Reset the dark brem process (if it was activated)
[ RunManager ] 3314 debug: Reset the dark brem process (if it was activated)
[ RunManager ] 3315 debug: Reset the dark brem process (if it was activated)
[ RunManager ] 3316 debug: Reset the dark brem process (if it was activated)
[ RunManager ] 3317 debug: Reset the dark brem process (if it was activated)
[ RunManager ] 3318 debug: Reset the dark brem process (if it was activated)
[ RunManager ] 3319 debug: Reset the dark brem process (if it was activated)
[ RunManager ] 3320 debug: Reset the dark brem process (if it was activated)
[ RunManager ] 3321 debug: Reset the dark brem process (if it was activated)
[ RunManager ] 3322 debug: Reset the dark brem process (if it was activated)
[ RunManager ] 3323 debug: Reset the dark brem process (if it was activated)
[ RunManager ] 3324 debug: Reset the dark brem process (if it was activated)
[ RunManager ] 3325 debug: Reset the dark brem process (if it was activated)
[ RunManager ] 3326 debug: Reset the dark brem process (if it was activated)
[ RunManager ] 3327 debug: Reset the dark brem process (if it was activated)
[ RunManager ] 3328 debug: Reset the dark brem process (if it was activated)
[ RunManager ] 3329 debug: Reset the dark brem process (if it was activated)
[ RunManager ] 3330 debug: Reset the dark brem process (if it was activated)
[ RunManager ] 3331 debug: Reset the dark brem process (if it was activated)
[ RunManager ] 3332 debug: Reset the dark brem process (if it was activated)
[ RunManager ] 3333 debug: Reset the dark brem process (if it was activated)
[ RunManager ] 3334 debug: Reset the dark brem process (if it was activated)
[ RunManager ] 3335 debug: Reset the dark brem process (if it was activated)
[ RunManager ] 3336 debug: Reset the dark brem process (if it was activated)
[ RunManager ] 3337 debug: Reset the dark brem process (if it was activated)
[ RunManager ] 3338 debug: Reset the dark brem process (if it was activated)
[ RunManager ] 3339 debug: Reset the dark brem process (if it was activated)
[ RunManager ] 3340 debug: Reset the dark brem process (if it was activated)
[ RunManager ] 3341 debug: Reset the dark brem process (if it was activated)
[ RunManager ] 3342 debug: Reset the dark brem process (if it was activated)
[ RunManager ] 3343 debug: Reset the dark brem process (if it was activated)
[ RunManager ] 3344 debug: Reset the dark brem process (if it was activated)
[ RunManager ] 3345 debug: Reset the dark brem process (if it was activated)
[ RunManager ] 3346 debug: Reset the dark brem process (if it was activated)
[ RunManager ] 3347 debug: Reset the dark brem process (if it was activated)
[ RunManager ] 3348 debug: Reset the dark brem process (if it was activated)
[ RunManager ] 3349 debug: Reset the dark brem process (if it was activated)
[ RunManager ] 3350 debug: Reset the dark brem process (if it was activated)
[ RunManager ] 3351 debug: Reset the dark brem process (if it was activated)
[ RunManager ] 3352 debug: Reset the dark brem process (if it was activated)
[ RunManager ] 3353 debug: Reset the dark brem process (if it was activated)
[ RunManager ] 3354 debug: Reset the dark brem process (if it was activated)
[ RunManager ] 3355 debug: Reset the dark brem process (if it was activated)
[ RunManager ] 3356 debug: Reset the dark brem process (if it was activated)
[ RunManager ] 3357 debug: Reset the dark brem process (if it was activated)
[ RunManager ] 3358 debug: Reset the dark brem process (if it was activated)
[ RunManager ] 3359 debug: Reset the dark brem process (if it was activated)
[ RunManager ] 3360 debug: Reset the dark brem process (if it was activated)
[ RunManager ] 3361 debug: Reset the dark brem process (if it was activated)
[ RunManager ] 3362 debug: Reset the dark brem process (if it was activated)
[ RunManager ] 3363 debug: Reset the dark brem process (if it was activated)
[ RunManager ] 3364 debug: Reset the dark brem process (if it was activated)
[ RunManager ] 3365 debug: Reset the dark brem process (if it was activated)
[ RunManager ] 3366 debug: Reset the dark brem process (if it was activated)
[ RunManager ] 3367 debug: Reset the dark brem process (if it was activated)
[ RunManager ] 3368 debug: Reset the dark brem process (if it was activated)
[ RunManager ] 3369 debug: Reset the dark brem process (if it was activated)
[ RunManager ] 3370 debug: Reset the dark brem process (if it was activated)
[ RunManager ] 3371 debug: Reset the dark brem process (if it was activated)
[ RunManager ] 3372 debug: Reset the dark brem process (if it was activated)
[ RunManager ] 3373 debug: Reset the dark brem process (if it was activated)
[ RunManager ] 3374 debug: Reset the dark brem process (if it was activated)
[ RunManager ] 3375 debug: Reset the dark brem process (if it was activated)
[ RunManager ] 3376 debug: Reset the dark brem process (if it was activated)
[ RunManager ] 3377 debug: Reset the dark brem process (if it was activated)
[ RunManager ] 3378 debug: Reset the dark brem process (if it was activated)
[ RunManager ] 3379 debug: Reset the dark brem process (if it was activated)
[ RunManager ] 3380 debug: Reset the dark brem process (if it was activated)
[ RunManager ] 3381 debug: Reset the dark brem process (if it was activated)
[ RunManager ] 3382 debug: Reset the dark brem process (if it was activated)
[ RunManager ] 3383 debug: Reset the dark brem process (if it was activated)
[ RunManager ] 3384 debug: Reset the dark brem process (if it was activated)
[ RunManager ] 3385 debug: Reset the dark brem process (if it was activated)
[ RunManager ] 3386 debug: Reset the dark brem process (if it was activated)
[ RunManager ] 3387 debug: Reset the dark brem process (if it was activated)
[ RunManager ] 3388 debug: Reset the dark brem process (if it was activated)
[ RunManager ] 3389 debug: Reset the dark brem process (if it was activated)
[ RunManager ] 3390 debug: Reset the dark brem process (if it was activated)
[ RunManager ] 3391 debug: Reset the dark brem process (if it was activated)
[ RunManager ] 3392 debug: Reset the dark brem process (if it was activated)
[ RunManager ] 3393 debug: Reset the dark brem process (if it was activated)
[ RunManager ] 3394 debug: Reset the dark brem process (if it was activated)
[ RunManager ] 3395 debug: Reset the dark brem process (if it was activated)
[ RunManager ] 3396 debug: Reset the dark brem process (if it was activated)
[ RunManager ] 3397 debug: Reset the dark brem process (if it was activated)
[ RunManager ] 3398 debug: Reset the dark brem process (if it was activated)
[ RunManager ] 3399 debug: Reset the dark brem process (if it was activated)
[ RunManager ] 3400 debug: Reset the dark brem process (if it was activated)
[ RunManager ] 3401 debug: Reset the dark brem process (if it was activated)
[ RunManager ] 3402 debug: Reset the dark brem process (if it was activated)
[ RunManager ] 3403 debug: Reset the dark brem process (if it was activated)
[ RunManager ] 3404 debug: Reset the dark brem process (if it was activated)
[ RunManager ] 3405 debug: Reset the dark brem process (if it was activated)
[ RunManager ] 3406 debug: Reset the dark brem process (if it was activated)
[ RunManager ] 3407 debug: Reset the dark brem process (if it was activated)
[ RunManager ] 3408 debug: Reset the dark brem process (if it was activated)
[ RunManager ] 3409 debug: Reset the dark brem process (if it was activated)
[ RunManager ] 3410 debug: Reset the dark brem process (if it was activated)
[ RunManager ] 3411 debug: Reset the dark brem process (if it was activated)
[ RunManager ] 3412 debug: Reset the dark brem process (if it was activated)
[ RunManager ] 3413 debug: Reset the dark brem process (if it was activated)
[ RunManager ] 3414 debug: Reset the dark brem process (if it was activated)
[ RunManager ] 3415 debug: Reset the dark brem process (if it was activated)
[ RunManager ] 3416 debug: Reset the dark brem process (if it was activated)
[ RunManager ] 3417 debug: Reset the dark brem process (if it was activated)
[ RunManager ] 3418 debug: Reset the dark brem process (if it was activated)
[ RunManager ] 3419 debug: Reset the dark brem process (if it was activated)
[ RunManager ] 3420 debug: Reset the dark brem process (if it was activated)
[ RunManager ] 3421 debug: Reset the dark brem process (if it was activated)
[ RunManager ] 3422 debug: Reset the dark brem process (if it was activated)
[ RunManager ] 3423 debug: Reset the dark brem process (if it was activated)
[ RunManager ] 3424 debug: Reset the dark brem process (if it was activated)
[ RunManager ] 3425 debug: Reset the dark brem process (if it was activated)
[ RunManager ] 3426 debug: Reset the dark brem process (if it was activated)
[ RunManager ] 3427 debug: Reset the dark brem process (if it was activated)
[ RunManager ] 3428 debug: Reset the dark brem process (if it was activated)
[ RunManager ] 3429 debug: Reset the dark brem process (if it was activated)
[ RunManager ] 3430 debug: Reset the dark brem process (if it was activated)
[ RunManager ] 3431 debug: Reset the dark brem process (if it was activated)
[ RunManager ] 3432 debug: Reset the dark brem process (if it was activated)
[ RunManager ] 3433 debug: Reset the dark brem process (if it was activated)
[ RunManager ] 3434 debug: Reset the dark brem process (if it was activated)
[ RunManager ] 3435 debug: Reset the dark brem process (if it was activated)
[ RunManager ] 3436 debug: Reset the dark brem process (if it was activated)
[ RunManager ] 3437 debug: Reset the dark brem process (if it was activated)
[ RunManager ] 3438 debug: Reset the dark brem process (if it was activated)
[ RunManager ] 3439 debug: Reset the dark brem process (if it was activated)
[ RunManager ] 3440 debug: Reset the dark brem process (if it was activated)
[ RunManager ] 3441 debug: Reset the dark brem process (if it was activated)
[ RunManager ] 3442 debug: Reset the dark brem process (if it was activated)
[ RunManager ] 3443 debug: Reset the dark brem process (if it was activated)
[ RunManager ] 3444 debug: Reset the dark brem process (if it was activated)
[ RunManager ] 3445 debug: Reset the dark brem process (if it was activated)
[ RunManager ] 3446 debug: Reset the dark brem process (if it was activated)
[ RunManager ] 3447 debug: Reset the dark brem process (if it was activated)
[ RunManager ] 3448 debug: Reset the dark brem process (if it was activated)
[ RunManager ] 3449 debug: Reset the dark brem process (if it was activated)
[ RunManager ] 3450 debug: Reset the dark brem process (if it was activated)
[ RunManager ] 3451 debug: Reset the dark brem process (if it was activated)
[ RunManager ] 3452 debug: Reset the dark brem process (if it was activated)
[ RunManager ] 3453 debug: Reset the dark brem process (if it was activated)
[ RunManager ] 3454 debug: Reset the dark brem process (if it was activated)
[ RunManager ] 3455 debug: Reset the dark brem process (if it was activated)
[ RunManager ] 3456 debug: Reset the dark brem process (if it was activated)
[ RunManager ] 3457 debug: Reset the dark brem process (if it was activated)
[ RunManager ] 3458 debug: Reset the dark brem process (if it was activated)
[ RunManager ] 3459 debug: Reset the dark brem process (if it was activated)
[ RunManager ] 3460 debug: Reset the dark brem process (if it was activated)
[ RunManager ] 3461 debug: Reset the dark brem process (if it was activated)
[ RunManager ] 3462 debug: Reset the dark brem process (if it was activated)
[ RunManager ] 3463 debug: Reset the dark brem process (if it was activated)
[ RunManager ] 3464 debug: Reset the dark brem process (if it was activated)
[ RunManager ] 3465 debug: Reset the dark brem process (if it was activated)
[ RunManager ] 3466 debug: Reset the dark brem process (if it was activated)
[ RunManager ] 3467 debug: Reset the dark brem process (if it was activated)
[ RunManager ] 3468 debug: Reset the dark brem process (if it was activated)
[ RunManager ] 3469 debug: Reset the dark brem process (if it was activated)
[ RunManager ] 3470 debug: Reset the dark brem process (if it was activated)
[ RunManager ] 3471 debug: Reset the dark brem process (if it was activated)
[ RunManager ] 3472 debug: Reset the dark brem process (if it was activated)
[ RunManager ] 3473 debug: Reset the dark brem process (if it was activated)
[ RunManager ] 3474 debug: Reset the dark brem process (if it was activated)
[ RunManager ] 3475 debug: Reset the dark brem process (if it was activated)
[ RunManager ] 3476 debug: Reset the dark brem process (if it was activated)
[ RunManager ] 3477 debug: Reset the dark brem process (if it was activated)
[ RunManager ] 3478 debug: Reset the dark brem process (if it was activated)
[ RunManager ] 3479 debug: Reset the dark brem process (if it was activated)
[ RunManager ] 3480 debug: Reset the dark brem process (if it was activated)
[ RunManager ] 3481 debug: Reset the dark brem process (if it was activated)
[ RunManager ] 3482 debug: Reset the dark brem process (if it was activated)
[ RunManager ] 3483 debug: Reset the dark brem process (if it was activated)
[ RunManager ] 3484 debug: Reset the dark brem process (if it was activated)
[ RunManager ] 3485 debug: Reset the dark brem process (if it was activated)
[ RunManager ] 3486 debug: Reset the dark brem process (if it was activated)
[ RunManager ] 3487 debug: Reset the dark brem process (if it was activated)
[ RunManager ] 3488 debug: Reset the dark brem process (if it was activated)
[ RunManager ] 3489 debug: Reset the dark brem process (if it was activated)
[ RunManager ] 3490 debug: Reset the dark brem process (if it was activated)
[ RunManager ] 3491 debug: Reset the dark brem process (if it was activated)
[ RunManager ] 3492 debug: Reset the dark brem process (if it was activated)
[ RunManager ] 3493 debug: Reset the dark brem process (if it was activated)
[ RunManager ] 3494 debug: Reset the dark brem process (if it was activated)
[ RunManager ] 3495 debug: Reset the dark brem process (if it was activated)
[ RunManager ] 3496 debug: Reset the dark brem process (if it was activated)
[ RunManager ] 3497 debug: Reset the dark brem process (if it was activated)
[ RunManager ] 3498 debug: Reset the dark brem process (if it was activated)
[ RunManager ] 3499 debug: Reset the dark brem process (if it was activated)
[ RunManager ] 3500 debug: Reset the dark brem process (if it was activated)
[ RunManager ] 3501 debug: Reset the dark brem process (if it was activated)
[ RunManager ] 3502 debug: Reset the dark brem process (if it was activated)
[ RunManager ] 3503 debug: Reset the dark brem process (if it was activated)
[ RunManager ] 3504 debug: Reset the dark brem process (if it was activated)
[ RunManager ] 3505 debug: Reset the dark brem process (if it was activated)
[ RunManager ] 3506 debug: Reset the dark brem process (if it was activated)
[ RunManager ] 3507 debug: Reset the dark brem process (if it was activated)
[ RunManager ] 3508 debug: Reset the dark brem process (if it was activated)
[ RunManager ] 3509 debug: Reset the dark brem process (if it was activated)
[ RunManager ] 3510 debug: Reset the dark brem process (if it was activated)
[ RunManager ] 3511 debug: Reset the dark brem process (if it was activated)
[ RunManager ] 3512 debug: Reset the dark brem process (if it was activated)
[ RunManager ] 3513 debug: Reset the dark brem process (if it was activated)
[ RunManager ] 3514 debug: Reset the dark brem process (if it was activated)
[ RunManager ] 3515 debug: Reset the dark brem process (if it was activated)
[ RunManager ] 3516 debug: Reset the dark brem process (if it was activated)
[ RunManager ] 3517 debug: Reset the dark brem process (if it was activated)
[ RunManager ] 3518 debug: Reset the dark brem process (if it was activated)
[ RunManager ] 3519 debug: Reset the dark brem process (if it was activated)
[ RunManager ] 3520 debug: Reset the dark brem process (if it was activated)
[ RunManager ] 3521 debug: Reset the dark brem process (if it was activated)
[ RunManager ] 3522 debug: Reset the dark brem process (if it was activated)
[ RunManager ] 3523 debug: Reset the dark brem process (if it was activated)
[ RunManager ] 3524 debug: Reset the dark brem process (if it was activated)
[ RunManager ] 3525 debug: Reset the dark brem process (if it was activated)
[ RunManager ] 3526 debug: Reset the dark brem process (if it was activated)
[ RunManager ] 3527 debug: Reset the dark brem process (if it was activated)
[ RunManager ] 3528 debug: Reset the dark brem process (if it was activated)
[ RunManager ] 3529 debug: Reset the dark brem process (if it was activated)
[ RunManager ] 3530 debug: Reset the dark brem process (if it was activated)
[ RunManager ] 3531 debug: Reset the dark brem process (if it was activated)
[ RunManager ] 3532 debug: Reset the dark brem process (if it was activated)
[ RunManager ] 3533 debug: Reset the dark brem process (if it was activated)
[ RunManager ] 3534 debug: Reset the dark brem process (if it was activated)
[ RunManager ] 3535 debug: Reset the dark brem process (if it was activated)
[ RunManager ] 3536 debug: Reset the dark brem process (if it was activated)
[ RunManager ] 3537 debug: Reset the dark brem process (if it was activated)
[ RunManager ] 3538 debug: Reset the dark brem process (if it was activated)
[ RunManager ] 3539 debug: Reset the dark brem process (if it was activated)
[ RunManager ] 3540 debug: Reset the dark brem process (if it was activated)
[ RunManager ] 3541 debug: Reset the dark brem process (if it was activated)
[ RunManager ] 3542 debug: Reset the dark brem process (if it was activated)
[ RunManager ] 3543 debug: Reset the dark brem process (if it was activated)
[ RunManager ] 3544 debug: Reset the dark brem process (if it was activated)
[ RunManager ] 3545 debug: Reset the dark brem process (if it was activated)
[ RunManager ] 3546 debug: Reset the dark brem process (if it was activated)
[ RunManager ] 3547 debug: Reset the dark brem process (if it was activated)
[ RunManager ] 3548 debug: Reset the dark brem process (if it was activated)
[ RunManager ] 3549 debug: Reset the dark brem process (if it was activated)
[ RunManager ] 3550 debug: Reset the dark brem process (if it was activated)
[ RunManager ] 3551 debug: Reset the dark brem process (if it was activated)
[ RunManager ] 3552 debug: Reset the dark brem process (if it was activated)
[ RunManager ] 3553 debug: Reset the dark brem process (if it was activated)
[ RunManager ] 3554 debug: Reset the dark brem process (if it was activated)
[ RunManager ] 3555 debug: Reset the dark brem process (if it was activated)
[ RunManager ] 3556 debug: Reset the dark brem process (if it was activated)
[ RunManager ] 3557 debug: Reset the dark brem process (if it was activated)
[ RunManager ] 3558 debug: Reset the dark brem process (if it was activated)
[ RunManager ] 3559 debug: Reset the dark brem process (if it was activated)
[ RunManager ] 3560 debug: Reset the dark brem process (if it was activated)
[ RunManager ] 3561 debug: Reset the dark brem process (if it was activated)
[ RunManager ] 3562 debug: Reset the dark brem process (if it was activated)
[ RunManager ] 3563 debug: Reset the dark brem process (if it was activated)
[ RunManager ] 3564 debug: Reset the dark brem process (if it was activated)
[ RunManager ] 3565 debug: Reset the dark brem process (if it was activated)
[ RunManager ] 3566 debug: Reset the dark brem process (if it was activated)
[ RunManager ] 3567 debug: Reset the dark brem process (if it was activated)
[ RunManager ] 3568 debug: Reset the dark brem process (if it was activated)
[ RunManager ] 3569 debug: Reset the dark brem process (if it was activated)
[ RunManager ] 3570 debug: Reset the dark brem process (if it was activated)
[ RunManager ] 3571 debug: Reset the dark brem process (if it was activated)
[ RunManager ] 3572 debug: Reset the dark brem process (if it was activated)
[ RunManager ] 3573 debug: Reset the dark brem process (if it was activated)
[ RunManager ] 3574 debug: Reset the dark brem process (if it was activated)
[ RunManager ] 3575 debug: Reset the dark brem process (if it was activated)
[ RunManager ] 3576 debug: Reset the dark brem process (if it was activated)
[ RunManager ] 3577 debug: Reset the dark brem process (if it was activated)
[ RunManager ] 3578 debug: Reset the dark brem process (if it was activated)
[ RunManager ] 3579 debug: Reset the dark brem process (if it was activated)
[ RunManager ] 3580 debug: Reset the dark brem process (if it was activated)
[ RunManager ] 3581 debug: Reset the dark brem process (if it was activated)
[ RunManager ] 3582 debug: Reset the dark brem process (if it was activated)
[ RunManager ] 3583 debug: Reset the dark brem process (if it was activated)
[ RunManager ] 3584 debug: Reset the dark brem process (if it was activated)
[ RunManager ] 3585 debug: Reset the dark brem process (if it was activated)
[ RunManager ] 3586 debug: Reset the dark brem process (if it was activated)
[ RunManager ] 3587 debug: Reset the dark brem process (if it was activated)
[ RunManager ] 3588 debug: Reset the dark brem process (if it was activated)
[ RunManager ] 3589 debug: Reset the dark brem process (if it was activated)
[ RunManager ] 3590 debug: Reset the dark brem process (if it was activated)
[ RunManager ] 3591 debug: Reset the dark brem process (if it was activated)
[ RunManager ] 3592 debug: Reset the dark brem process (if it was activated)
[ RunManager ] 3593 debug: Reset the dark brem process (if it was activated)
[ RunManager ] 3594 debug: Reset the dark brem process (if it was activated)
[ RunManager ] 3595 debug: Reset the dark brem process (if it was activated)
[ RunManager ] 3596 debug: Reset the dark brem process (if it was activated)
[ RunManager ] 3597 debug: Reset the dark brem process (if it was activated)
[ RunManager ] 3598 debug: Reset the dark brem process (if it was activated)
[ RunManager ] 3599 debug: Reset the dark brem process (if it was activated)
[ RunManager ] 3600 debug: Reset the dark brem process (if it was activated)
[ RunManager ] 3601 debug: Reset the dark brem process (if it was activated)
[ RunManager ] 3602 debug: Reset the dark brem process (if it was activated)
[ RunManager ] 3603 debug: Reset the dark brem process (if it was activated)
[ RunManager ] 3604 debug: Reset the dark brem process (if it was activated)
[ RunManager ] 3605 debug: Reset the dark brem process (if it was activated)
[ RunManager ] 3606 debug: Reset the dark brem process (if it was activated)
[ RunManager ] 3607 debug: Reset the dark brem process (if it was activated)
[ RunManager ] 3608 debug: Reset the dark brem process (if it was activated)
[ RunManager ] 3609 debug: Reset the dark brem process (if it was activated)
[ RunManager ] 3610 debug: Reset the dark brem process (if it was activated)
[ RunManager ] 3611 debug: Reset the dark brem process (if it was activated)
[ RunManager ] 3612 debug: Reset the dark brem process (if it was activated)
[ RunManager ] 3613 debug: Reset the dark brem process (if it was activated)
[ RunManager ] 3614 debug: Reset the dark brem process (if it was activated)
[ RunManager ] 3615 debug: Reset the dark brem process (if it was activated)
[ RunManager ] 3616 debug: Reset the dark brem process (if it was activated)
[ RunManager ] 3617 debug: Reset the dark brem process (if it was activated)
[ RunManager ] 3618 debug: Reset the dark brem process (if it was activated)
[ RunManager ] 3619 debug: Reset the dark brem process (if it was activated)
[ RunManager ] 3620 debug: Reset the dark brem process (if it was activated)
[ RunManager ] 3621 debug: Reset the dark brem process (if it was activated)
[ RunManager ] 3622 debug: Reset the dark brem process (if it was activated)
[ RunManager ] 3623 debug: Reset the dark brem process (if it was activated)
[ RunManager ] 3624 debug: Reset the dark brem process (if it was activated)
[ RunManager ] 3625 debug: Reset the dark brem process (if it was activated)
[ RunManager ] 3626 debug: Reset the dark brem process (if it was activated)
[ RunManager ] 3627 debug: Reset the dark brem process (if it was activated)
[ RunManager ] 3628 debug: Reset the dark brem process (if it was activated)
[ RunManager ] 3629 debug: Reset the dark brem process (if it was activated)
[ RunManager ] 3630 debug: Reset the dark brem process (if it was activated)
[ RunManager ] 3631 debug: Reset the dark brem process (if it was activated)
[ RunManager ] 3632 debug: Reset the dark brem process (if it was activated)
[ RunManager ] 3633 debug: Reset the dark brem process (if it was activated)
[ RunManager ] 3634 debug: Reset the dark brem process (if it was activated)
[ RunManager ] 3635 debug: Reset the dark brem process (if it was activated)
[ RunManager ] 3636 debug: Reset the dark brem process (if it was activated)
[ RunManager ] 3637 debug: Reset the dark brem process (if it was activated)
[ RunManager ] 3638 debug: Reset the dark brem process (if it was activated)
[ RunManager ] 3639 debug: Reset the dark brem process (if it was activated)
[ RunManager ] 3640 debug: Reset the dark brem process (if it was activated)
[ RunManager ] 3641 debug: Reset the dark brem process (if it was activated)
[ RunManager ] 3642 debug: Reset the dark brem process (if it was activated)
[ RunManager ] 3643 debug: Reset the dark brem process (if it was activated)
[ RunManager ] 3644 debug: Reset the dark brem process (if it was activated)
[ RunManager ] 3645 debug: Reset the dark brem process (if it was activated)
[ RunManager ] 3646 debug: Reset the dark brem process (if it was activated)
[ RunManager ] 3647 debug: Reset the dark brem process (if it was activated)
[ RunManager ] 3648 debug: Reset the dark brem process (if it was activated)
[ RunManager ] 3649 debug: Reset the dark brem process (if it was activated)
[ RunManager ] 3650 debug: Reset the dark brem process (if it was activated)
[ RunManager ] 3651 debug: Reset the dark brem process (if it was activated)
[ RunManager ] 3652 debug: Reset the dark brem process (if it was activated)
[ RunManager ] 3653 debug: Reset the dark brem process (if it was activated)
[ RunManager ] 3654 debug: Reset the dark brem process (if it was activated)
[ RunManager ] 3655 debug: Reset the dark brem process (if it was activated)
[ RunManager ] 3656 debug: Reset the dark brem process (if it was activated)
[ RunManager ] 3657 debug: Reset the dark brem process (if it was activated)
[ RunManager ] 3658 debug: Reset the dark brem process (if it was activated)
[ RunManager ] 3659 debug: Reset the dark brem process (if it was activated)
[ RunManager ] 3660 debug: Reset the dark brem process (if it was activated)
[ RunManager ] 3661 debug: Reset the dark brem process (if it was activated)
[ RunManager ] 3662 debug: Reset the dark brem process (if it was activated)
[ RunManager ] 3663 debug: Reset the dark brem process (if it was activated)
[ RunManager ] 3664 debug: Reset the dark brem process (if it was activated)
[ RunManager ] 3665 debug: Reset the dark brem process (if it was activated)
[ RunManager ] 3666 debug: Reset the dark brem process (if it was activated)
[ RunManager ] 3667 debug: Reset the dark brem process (if it was activated)
[ RunManager ] 3668 debug: Reset the dark brem process (if it was activated)
[ RunManager ] 3669 debug: Reset the dark brem process (if it was activated)
[ RunManager ] 3670 debug: Reset the dark brem process (if it was activated)
[ RunManager ] 3671 debug: Reset the dark brem process (if it was activated)
[ RunManager ] 3672 debug: Reset the dark brem process (if it was activated)
[ RunManager ] 3673 debug: Reset the dark brem process (if it was activated)
[ RunManager ] 3674 debug: Reset the dark brem process (if it was activated)
[ RunManager ] 3675 debug: Reset the dark brem process (if it was activated)
[ RunManager ] 3676 debug: Reset the dark brem process (if it was activated)
[ RunManager ] 3677 debug: Reset the dark brem process (if it was activated)
[ RunManager ] 3678 debug: Reset the dark brem process (if it was activated)
[ RunManager ] 3679 debug: Reset the dark brem process (if it was activated)
[ RunManager ] 3680 debug: Reset the dark brem process (if it was activated)
[ RunManager ] 3681 debug: Reset the dark brem process (if it was activated)
[ RunManager ] 3682 debug: Reset the dark brem process (if it was activated)
[ RunManager ] 3683 debug: Reset the dark brem process (if it was activated)
[ RunManager ] 3684 debug: Reset the dark brem process (if it was activated)
[ RunManager ] 3685 debug: Reset the dark brem process (if it was activated)
[ RunManager ] 3686 debug: Reset the dark brem process (if it was activated)
[ RunManager ] 3687 debug: Reset the dark brem process (if it was activated)
[ RunManager ] 3688 debug: Reset the dark brem process (if it was activated)
[ RunManager ] 3689 debug: Reset the dark brem process (if it was activated)
[ RunManager ] 3690 debug: Reset the dark brem process (if it was activated)
[ RunManager ] 3691 debug: Reset the dark brem process (if it was activated)
[ RunManager ] 3692 debug: Reset the dark brem process (if it was activated)
[ RunManager ] 3693 debug: Reset the dark brem process (if it was activated)
[ RunManager ] 3694 debug: Reset the dark brem process (if it was activated)
[ RunManager ] 3695 debug: Reset the dark brem process (if it was activated)
[ RunManager ] 3696 debug: Reset the dark brem process (if it was activated)
[ RunManager ] 3697 debug: Reset the dark brem process (if it was activated)
[ RunManager ] 3698 debug: Reset the dark brem process (if it was activated)
[ RunManager ] 3699 debug: Reset the dark brem process (if it was activated)
[ RunManager ] 3700 debug: Reset the dark brem process (if it was activated)
[ RunManager ] 3701 debug: Reset the dark brem process (if it was activated)
[ RunManager ] 3702 debug: Reset the dark brem process (if it was activated)
[ RunManager ] 3703 debug: Reset the dark brem process (if it was activated)
[ RunManager ] 3704 debug: Reset the dark brem process (if it was activated)
[ RunManager ] 3705 debug: Reset the dark brem process (if it was activated)
[ RunManager ] 3706 debug: Reset the dark brem process (if it was activated)
[ RunManager ] 3707 debug: Reset the dark brem process (if it was activated)
[ RunManager ] 3708 debug: Reset the dark brem process (if it was activated)
[ RunManager ] 3709 debug: Reset the dark brem process (if it was activated)
[ RunManager ] 3710 debug: Reset the dark brem process (if it was activated)
[ RunManager ] 3711 debug: Reset the dark brem process (if it was activated)
[ RunManager ] 3712 debug: Reset the dark brem process (if it was activated)
[ RunManager ] 3713 debug: Reset the dark brem process (if it was activated)
[ RunManager ] 3714 debug: Reset the dark brem process (if it was activated)
[ RunManager ] 3715 debug: Reset the dark brem process (if it was activated)
[ RunManager ] 3716 debug: Reset the dark brem process (if it was activated)
[ RunManager ] 3717 debug: Reset the dark brem process (if it was activated)
[ RunManager ] 3718 debug: Reset the dark brem process (if it was activated)
[ RunManager ] 3719 debug: Reset the dark brem process (if it was activated)
[ RunManager ] 3720 debug: Reset the dark brem process (if it was activated)
[ RunManager ] 3721 debug: Reset the dark brem process (if it was activated)
[ RunManager ] 3722 debug: Reset the dark brem process (if it was activated)
[ RunManager ] 3723 debug: Reset the dark brem process (if it was activated)
[ RunManager ] 3724 debug: Reset the dark brem process (if it was activated)
[ RunManager ] 3725 debug: Reset the dark brem process (if it was activated)
[ RunManager ] 3726 debug: Reset the dark brem process (if it was activated)
[ RunManager ] 3727 debug: Reset the dark brem process (if it was activated)
[ RunManager ] 3728 debug: Reset the dark brem process (if it was activated)
[ RunManager ] 3729 debug: Reset the dark brem process (if it was activated)
[ RunManager ] 3730 debug: Reset the dark brem process (if it was activated)
[ RunManager ] 3731 debug: Reset the dark brem process (if it was activated)
[ RunManager ] 3732 debug: Reset the dark brem process (if it was activated)
[ RunManager ] 3733 debug: Reset the dark brem process (if it was activated)
[ RunManager ] 3734 debug: Reset the dark brem process (if it was activated)
[ RunManager ] 3735 debug: Reset the dark brem process (if it was activated)
[ RunManager ] 3736 debug: Reset the dark brem process (if it was activated)
[ RunManager ] 3737 debug: Reset the dark brem process (if it was activated)
[ RunManager ] 3738 debug: Reset the dark brem process (if it was activated)
[ RunManager ] 3739 debug: Reset the dark brem process (if it was activated)
[ RunManager ] 3740 debug: Reset the dark brem process (if it was activated)
[ RunManager ] 3741 debug: Reset the dark brem process (if it was activated)
[ RunManager ] 3742 debug: Reset the dark brem process (if it was activated)
[ RunManager ] 3743 debug: Reset the dark brem process (if it was activated)
[ RunManager ] 3744 debug: Reset the dark brem process (if it was activated)
[ RunManager ] 3745 debug: Reset the dark brem process (if it was activated)
[ RunManager ] 3746 debug: Reset the dark brem process (if it was activated)
[ RunManager ] 3747 debug: Reset the dark brem process (if it was activated)
[ RunManager ] 3748 debug: Reset the dark brem process (if it was activated)
[ RunManager ] 3749 debug: Reset the dark brem process (if it was activated)
[ RunManager ] 3750 debug: Reset the dark brem process (if it was activated)
[ RunManager ] 3751 debug: Reset the dark brem process (if it was activated)
[ RunManager ] 3752 debug: Reset the dark brem process (if it was activated)
[ RunManager ] 3753 debug: Reset the dark brem process (if it was activated)
[ RunManager ] 3754 debug: Reset the dark brem process (if it was activated)
[ RunManager ] 3755 debug: Reset the dark brem process (if it was activated)
[ RunManager ] 3756 debug: Reset the dark brem process (if it was activated)
[ RunManager ] 3757 debug: Reset the dark brem process (if it was activated)
[ RunManager ] 3758 debug: Reset the dark brem process (if it was activated)
[ RunManager ] 3759 debug: Reset the dark brem process (if it was activated)
[ RunManager ] 3760 debug: Reset the dark brem process (if it was activated)
[ RunManager ] 3761 debug: Reset the dark brem process (if it was activated)
[ RunManager ] 3762 debug: Reset the dark brem process (if it was activated)
[ RunManager ] 3763 debug: Reset the dark brem process (if it was activated)
[ RunManager ] 3764 debug: Reset the dark brem process (if it was activated)
[ RunManager ] 3765 debug: Reset the dark brem process (if it was activated)
[ RunManager ] 3766 debug: Reset the dark brem process (if it was activated)
[ RunManager ] 3767 debug: Reset the dark brem process (if it was activated)
[ RunManager ] 3768 debug: Reset the dark brem process (if it was activated)
[ RunManager ] 3769 debug: Reset the dark brem process (if it was activated)
[ RunManager ] 3770 debug: Reset the dark brem process (if it was activated)
[ RunManager ] 3771 debug: Reset the dark brem process (if it was activated)
[ RunManager ] 3772 debug: Reset the dark brem process (if it was activated)
[ RunManager ] 3773 debug: Reset the dark brem process (if it was activated)
[ RunManager ] 3774 debug: Reset the dark brem process (if it was activated)
[ RunManager ] 3775 debug: Reset the dark brem process (if it was activated)
[ RunManager ] 3776 debug: Reset the dark brem process (if it was activated)
[ RunManager ] 3777 debug: Reset the dark brem process (if it was activated)
[ RunManager ] 3778 debug: Reset the dark brem process (if it was activated)
[ RunManager ] 3779 debug: Reset the dark brem process (if it was activated)
[ RunManager ] 3780 debug: Reset the dark brem process (if it was activated)
[ RunManager ] 3781 debug: Reset the dark brem process (if it was activated)
[ RunManager ] 3782 debug: Reset the dark brem process (if it was activated)
[ RunManager ] 3783 debug: Reset the dark brem process (if it was activated)
[ RunManager ] 3784 debug: Reset the dark brem process (if it was activated)
[ RunManager ] 3785 debug: Reset the dark brem process (if it was activated)
[ RunManager ] 3786 debug: Reset the dark brem process (if it was activated)
[ RunManager ] 3787 debug: Reset the dark brem process (if it was activated)
[ RunManager ] 3788 debug: Reset the dark brem process (if it was activated)
[ RunManager ] 3789 debug: Reset the dark brem process (if it was activated)
[ RunManager ] 3790 debug: Reset the dark brem process (if it was activated)
[ RunManager ] 3791 debug: Reset the dark brem process (if it was activated)
[ RunManager ] 3792 debug: Reset the dark brem process (if it was activated)
[ RunManager ] 3793 debug: Reset the dark brem process (if it was activated)
[ RunManager ] 3794 debug: Reset the dark brem process (if it was activated)
[ RunManager ] 3795 debug: Reset the dark brem process (if it was activated)
[ RunManager ] 3796 debug: Reset the dark brem process (if it was activated)
[ RunManager ] 3797 debug: Reset the dark brem process (if it was activated)
[ RunManager ] 3798 debug: Reset the dark brem process (if it was activated)
[ RunManager ] 3799 debug: Reset the dark brem process (if it was activated)
[ RunManager ] 3800 debug: Reset the dark brem process (if it was activated)
[ RunManager ] 3801 debug: Reset the dark brem process (if it was activated)
[ RunManager ] 3802 debug: Reset the dark brem process (if it was activated)
[ RunManager ] 3803 debug: Reset the dark brem process (if it was activated)
[ RunManager ] 3804 debug: Reset the dark brem process (if it was activated)
[ RunManager ] 3805 debug: Reset the dark brem process (if it was activated)
[ RunManager ] 3806 debug: Reset the dark brem process (if it was activated)
[ RunManager ] 3807 debug: Reset the dark brem process (if it was activated)
[ RunManager ] 3808 debug: Reset the dark brem process (if it was activated)
[ RunManager ] 3809 debug: Reset the dark brem process (if it was activated)
[ RunManager ] 3810 debug: Reset the dark brem process (if it was activated)
[ RunManager ] 3811 debug: Reset the dark brem process (if it was activated)
[ RunManager ] 3812 debug: Reset the dark brem process (if it was activated)
[ RunManager ] 3813 debug: Reset the dark brem process (if it was activated)
[ RunManager ] 3814 debug: Reset the dark brem process (if it was activated)
[ RunManager ] 3815 debug: Reset the dark brem process (if it was activated)
[ RunManager ] 3816 debug: Reset the dark brem process (if it was activated)
[ RunManager ] 3817 debug: Reset the dark brem process (if it was activated)
[ RunManager ] 3818 debug: Reset the dark brem process (if it was activated)
[ RunManager ] 3819 debug: Reset the dark brem process (if it was activated)
[ RunManager ] 3820 debug: Reset the dark brem process (if it was activated)
[ RunManager ] 3821 debug: Reset the dark brem process (if it was activated)
[ RunManager ] 3822 debug: Reset the dark brem process (if it was activated)
[ RunManager ] 3823 debug: Reset the dark brem process (if it was activated)
[ RunManager ] 3824 debug: Reset the dark brem process (if it was activated)
[ RunManager ] 3825 debug: Reset the dark brem process (if it was activated)
[ RunManager ] 3826 debug: Reset the dark brem process (if it was activated)
[ RunManager ] 3827 debug: Reset the dark brem process (if it was activated)
[ RunManager ] 3828 debug: Reset the dark brem process (if it was activated)
[ RunManager ] 3829 debug: Reset the dark brem process (if it was activated)
[ RunManager ] 3830 debug: Reset the dark brem process (if it was activated)
[ RunManager ] 3831 debug: Reset the dark brem process (if it was activated)
[ RunManager ] 3832 debug: Reset the dark brem process (if it was activated)
[ RunManager ] 3833 debug: Reset the dark brem process (if it was activated)
[ RunManager ] 3834 debug: Reset the dark brem process (if it was activated)
[ RunManager ] 3835 debug: Reset the dark brem process (if it was activated)
[ RunManager ] 3836 debug: Reset the dark brem process (if it was activated)
[ RunManager ] 3837 debug: Reset the dark brem process (if it was activated)
[ RunManager ] 3838 debug: Reset the dark brem process (if it was activated)
[ RunManager ] 3839 debug: Reset the dark brem process (if it was activated)
[ RunManager ] 3840 debug: Reset the dark brem process (if it was activated)
[ RunManager ] 3841 debug: Reset the dark brem process (if it was activated)
[ RunManager ] 3842 debug: Reset the dark brem process (if it was activated)
[ RunManager ] 3843 debug: Reset the dark brem process (if it was activated)
[ RunManager ] 3844 debug: Reset the dark brem process (if it was activated)
[ RunManager ] 3845 debug: Reset the dark brem process (if it was activated)
[ RunManager ] 3846 debug: Reset the dark brem process (if it was activated)
[ RunManager ] 3847 debug: Reset the dark brem process (if it was activated)
[ RunManager ] 3848 debug: Reset the dark brem process (if it was activated)
[ RunManager ] 3849 debug: Reset the dark brem process (if it was activated)
[ RunManager ] 3850 debug: Reset the dark brem process (if it was activated)
[ RunManager ] 3851 debug: Reset the dark brem process (if it was activated)
[ RunManager ] 3852 debug: Reset the dark brem process (if it was activated)
[ RunManager ] 3853 debug: Reset the dark brem process (if it was activated)
[ RunManager ] 3854 debug: Reset the dark brem process (if it was activated)
[ RunManager ] 3855 debug: Reset the dark brem process (if it was activated)
[ RunManager ] 3856 debug: Reset the dark brem process (if it was activated)
[ RunManager ] 3857 debug: Reset the dark brem process (if it was activated)
[ RunManager ] 3858 debug: Reset the dark brem process (if it was activated)
[ RunManager ] 3859 debug: Reset the dark brem process (if it was activated)
[ RunManager ] 3860 debug: Reset the dark brem process (if it was activated)
[ RunManager ] 3861 debug: Reset the dark brem process (if it was activated)
[ RunManager ] 3862 debug: Reset the dark brem process (if it was activated)
[ RunManager ] 3863 debug: Reset the dark brem process (if it was activated)
[ RunManager ] 3864 debug: Reset the dark brem process (if it was activated)
[ RunManager ] 3865 debug: Reset the dark brem process (if it was activated)
[ RunManager ] 3866 debug: Reset the dark brem process (if it was activated)
[ RunManager ] 3867 debug: Reset the dark brem process (if it was activated)
[ RunManager ] 3868 debug: Reset the dark brem process (if it was activated)
[ RunManager ] 3869 debug: Reset the dark brem process (if it was activated)
[ RunManager ] 3870 debug: Reset the dark brem process (if it was activated)
[ RunManager ] 3871 debug: Reset the dark brem process (if it was activated)
[ RunManager ] 3872 debug: Reset the dark brem process (if it was activated)
[ RunManager ] 3873 debug: Reset the dark brem process (if it was activated)
[ RunManager ] 3874 debug: Reset the dark brem process (if it was activated)
[ RunManager ] 3875 debug: Reset the dark brem process (if it was activated)
[ RunManager ] 3876 debug: Reset the dark brem process (if it was activated)
[ RunManager ] 3877 debug: Reset the dark brem process (if it was activated)
[ RunManager ] 3878 debug: Reset the dark brem process (if it was activated)
[ RunManager ] 3879 debug: Reset the dark brem process (if it was activated)
[ RunManager ] 3880 debug: Reset the dark brem process (if it was activated)
[ RunManager ] 3881 debug: Reset the dark brem process (if it was activated)
[ RunManager ] 3882 debug: Reset the dark brem process (if it was activated)
[ RunManager ] 3883 debug: Reset the dark brem process (if it was activated)
[ RunManager ] 3884 debug: Reset the dark brem process (if it was activated)
[ RunManager ] 3885 debug: Reset the dark brem process (if it was activated)
[ RunManager ] 3886 debug: Reset the dark brem process (if it was activated)
[ RunManager ] 3887 debug: Reset the dark brem process (if it was activated)
[ RunManager ] 3888 debug: Reset the dark brem process (if it was activated)
[ RunManager ] 3889 debug: Reset the dark brem process (if it was activated)
[ RunManager ] 3890 debug: Reset the dark brem process (if it was activated)
[ RunManager ] 3891 debug: Reset the dark brem process (if it was activated)
[ RunManager ] 3892 debug: Reset the dark brem process (if it was activated)
[ RunManager ] 3893 debug: Reset the dark brem process (if it was activated)
[ RunManager ] 3894 debug: Reset the dark brem process (if it was activated)
[ RunManager ] 3895 debug: Reset the dark brem process (if it was activated)
[ RunManager ] 3896 debug: Reset the dark brem process (if it was activated)
[ RunManager ] 3897 debug: Reset the dark brem process (if it was activated)
[ RunManager ] 3898 debug: Reset the dark brem process (if it was activated)
[ RunManager ] 3899 debug: Reset the dark brem process (if it was activated)
[ RunManager ] 3900 debug: Reset the dark brem process (if it was activated)
[ RunManager ] 3901 debug: Reset the dark brem process (if it was activated)
[ RunManager ] 3902 debug: Reset the dark brem process (if it was activated)
[ RunManager ] 3903 debug: Reset the dark brem process (if it was activated)
[ RunManager ] 3904 debug: Reset the dark brem process (if it was activated)
[ RunManager ] 3905 debug: Reset the dark brem process (if it was activated)
[ RunManager ] 3906 debug: Reset the dark brem process (if it was activated)
[ RunManager ] 3907 debug: Reset the dark brem process (if it was activated)
[ RunManager ] 3908 debug: Reset the dark brem process (if it was activated)
[ RunManager ] 3909 debug: Reset the dark brem process (if it was activated)
[ RunManager ] 3910 debug: Reset the dark brem process (if it was activated)
[ RunManager ] 3911 debug: Reset the dark brem process (if it was activated)
[ RunManager ] 3912 debug: Reset the dark brem process (if it was activated)
[ RunManager ] 3913 debug: Reset the dark brem process (if it was activated)
[ RunManager ] 3914 debug: Reset the dark brem process (if it was activated)
[ RunManager ] 3915 debug: Reset the dark brem process (if it was activated)
[ RunManager ] 3916 debug: Reset the dark brem process (if it was activated)
[ RunManager ] 3917 debug: Reset the dark brem process (if it was activated)
[ RunManager ] 3918 debug: Reset the dark brem process (if it was activated)
[ RunManager ] 3919 debug: Reset the dark brem process (if it was activated)
[ RunManager ] 3920 debug: Reset the dark brem process (if it was activated)
[ RunManager ] 3921 debug: Reset the dark brem process (if it was activated)
[ RunManager ] 3922 debug: Reset the dark brem process (if it was activated)
[ RunManager ] 3923 debug: Reset the dark brem process (if it was activated)
[ RunManager ] 3924 debug: Reset the dark brem process (if it was activated)
[ RunManager ] 3925 debug: Reset the dark brem process (if it was activated)
[ RunManager ] 3926 debug: Reset the dark brem process (if it was activated)
[ RunManager ] 3927 debug: Reset the dark brem process (if it was activated)
[ RunManager ] 3928 debug: Reset the dark brem process (if it was activated)
[ RunManager ] 3929 debug: Reset the dark brem process (if it was activated)
[ RunManager ] 3930 debug: Reset the dark brem process (if it was activated)
[ RunManager ] 3931 debug: Reset the dark brem process (if it was activated)
[ RunManager ] 3932 debug: Reset the dark brem process (if it was activated)
[ RunManager ] 3933 debug: Reset the dark brem process (if it was activated)
[ RunManager ] 3934 debug: Reset the dark brem process (if it was activated)
[ RunManager ] 3935 debug: Reset the dark brem process (if it was activated)
[ RunManager ] 3936 debug: Reset the dark brem process (if it was activated)
[ RunManager ] 3937 debug: Reset the dark brem process (if it was activated)
[ RunManager ] 3938 debug: Reset the dark brem process (if it was activated)
[ RunManager ] 3939 debug: Reset the dark brem process (if it was activated)
[ RunManager ] 3940 debug: Reset the dark brem process (if it was activated)
[ RunManager ] 3941 debug: Reset the dark brem process (if it was activated)
[ RunManager ] 3942 debug: Reset the dark brem process (if it was activated)
[ RunManager ] 3943 debug: Reset the dark brem process (if it was activated)
[ RunManager ] 3944 debug: Reset the dark brem process (if it was activated)
[ RunManager ] 3945 debug: Reset the dark brem process (if it was activated)
[ RunManager ] 3946 debug: Reset the dark brem process (if it was activated)
[ RunManager ] 3947 debug: Reset the dark brem process (if it was activated)
[ RunManager ] 3948 debug: Reset the dark brem process (if it was activated)
[ RunManager ] 3949 debug: Reset the dark brem process (if it was activated)
[ RunManager ] 3950 debug: Reset the dark brem process (if it was activated)
[ RunManager ] 3951 debug: Reset the dark brem process (if it was activated)
[ RunManager ] 3952 debug: Reset the dark brem process (if it was activated)
[ RunManager ] 3953 debug: Reset the dark brem process (if it was activated)
[ RunManager ] 3954 debug: Reset the dark brem process (if it was activated)
[ RunManager ] 3955 debug: Reset the dark brem process (if it was activated)
[ RunManager ] 3956 debug: Reset the dark brem process (if it was activated)
[ RunManager ] 3957 debug: Reset the dark brem process (if it was activated)
[ RunManager ] 3958 debug: Reset the dark brem process (if it was activated)
[ RunManager ] 3959 debug: Reset the dark brem process (if it was activated)
[ RunManager ] 3960 debug: Reset the dark brem process (if it was activated)
[ RunManager ] 3961 debug: Reset the dark brem process (if it was activated)
[ RunManager ] 3962 debug: Reset the dark brem process (if it was activated)
[ RunManager ] 3963 debug: Reset the dark brem process (if it was activated)
[ RunManager ] 3964 debug: Reset the dark brem process (if it was activated)
[ RunManager ] 3965 debug: Reset the dark brem process (if it was activated)
[ RunManager ] 3966 debug: Reset the dark brem process (if it was activated)
[ RunManager ] 3967 debug: Reset the dark brem process (if it was activated)
[ RunManager ] 3968 debug: Reset the dark brem process (if it was activated)
[ RunManager ] 3969 debug: Reset the dark brem process (if it was activated)
[ RunManager ] 3970 debug: Reset the dark brem process (if it was activated)
[ RunManager ] 3971 debug: Reset the dark brem process (if it was activated)
[ RunManager ] 3972 debug: Reset the dark brem process (if it was activated)
[ RunManager ] 3973 debug: Reset the dark brem process (if it was activated)
[ RunManager ] 3974 debug: Reset the dark brem process (if it was activated)
[ RunManager ] 3975 debug: Reset the dark brem process (if it was activated)
[ RunManager ] 3976 debug: Reset the dark brem process (if it was activated)
[ RunManager ] 3977 debug: Reset the dark brem process (if it was activated)
[ RunManager ] 3978 debug: Reset the dark brem process (if it was activated)
[ RunManager ] 3979 debug: Reset the dark brem process (if it was activated)
[ RunManager ] 3980 debug: Reset the dark brem process (if it was activated)
[ RunManager ] 3981 debug: Reset the dark brem process (if it was activated)
[ RunManager ] 3982 debug: Reset the dark brem process (if it was activated)
[ RunManager ] 3983 debug: Reset the dark brem process (if it was activated)
[ RunManager ] 3984 debug: Reset the dark brem process (if it was activated)
[ RunManager ] 3985 debug: Reset the dark brem process (if it was activated)
[ RunManager ] 3986 debug: Reset the dark brem process (if it was activated)
[ RunManager ] 3987 debug: Reset the dark brem process (if it was activated)
[ RunManager ] 3988 debug: Reset the dark brem process (if it was activated)
[ RunManager ] 3989 debug: Reset the dark brem process (if it was activated)
[ RunManager ] 3990 debug: Reset the dark brem process (if it was activated)
[ RunManager ] 3991 debug: Reset the dark brem process (if it was activated)
[ RunManager ] 3992 debug: Reset the dark brem process (if it was activated)
[ RunManager ] 3993 debug: Reset the dark brem process (if it was activated)
[ RunManager ] 3994 debug: Reset the dark brem process (if it was activated)
[ RunManager ] 3995 debug: Reset the dark brem process (if it was activated)
[ RunManager ] 3996 debug: Reset the dark brem process (if it was activated)
[ RunManager ] 3997 debug: Reset the dark brem process (if it was activated)
[ RunManager ] 3998 debug: Reset the dark brem process (if it was activated)
[ RunManager ] 3999 debug: Reset the dark brem process (if it was activated)
[ RunManager ] 4000 debug: Reset the dark brem process (if it was activated)
[ RunManager ] 4001 debug: Reset the dark brem process (if it was activated)
[ RunManager ] 4002 debug: Reset the dark brem process (if it was activated)
[ RunManager ] 4003 debug: Reset the dark brem process (if it was activated)
[ RunManager ] 4004 debug: Reset the dark brem process (if it was activated)
[ RunManager ] 4005 debug: Reset the dark brem process (if it was activated)
[ RunManager ] 4006 debug: Reset the dark brem process (if it was activated)
[ RunManager ] 4007 debug: Reset the dark brem process (if it was activated)
[ RunManager ] 4008 debug: Reset the dark brem process (if it was activated)
[ RunManager ] 4009 debug: Reset the dark brem process (if it was activated)
[ RunManager ] 4010 debug: Reset the dark brem process (if it was activated)
[ RunManager ] 4011 debug: Reset the dark brem process (if it was activated)
[ RunManager ] 4012 debug: Reset the dark brem process (if it was activated)
[ RunManager ] 4013 debug: Reset the dark brem process (if it was activated)
[ RunManager ] 4014 debug: Reset the dark brem process (if it was activated)
[ RunManager ] 4015 debug: Reset the dark brem process (if it was activated)
[ RunManager ] 4016 debug: Reset the dark brem process (if it was activated)
[ RunManager ] 4017 debug: Reset the dark brem process (if it was activated)
[ RunManager ] 4018 debug: Reset the dark brem process (if it was activated)
[ RunManager ] 4019 debug: Reset the dark brem process (if it was activated)
[ RunManager ] 4020 debug: Reset the dark brem process (if it was activated)
[ RunManager ] 4021 debug: Reset the dark brem process (if it was activated)
[ RunManager ] 4022 debug: Reset the dark brem process (if it was activated)
[ RunManager ] 4023 debug: Reset the dark brem process (if it was activated)
[ RunManager ] 4024 debug: Reset the dark brem process (if it was activated)
[ RunManager ] 4025 debug: Reset the dark brem process (if it was activated)
[ RunManager ] 4026 debug: Reset the dark brem process (if it was activated)
[ RunManager ] 4027 debug: Reset the dark brem process (if it was activated)
[ RunManager ] 4028 debug: Reset the dark brem process (if it was activated)
[ RunManager ] 4029 debug: Reset the dark brem process (if it was activated)
[ RunManager ] 4030 debug: Reset the dark brem process (if it was activated)
[ RunManager ] 4031 debug: Reset the dark brem process (if it was activated)
[ RunManager ] 4032 debug: Reset the dark brem process (if it was activated)
[ RunManager ] 4033 debug: Reset the dark brem process (if it was activated)
[ RunManager ] 4034 debug: Reset the dark brem process (if it was activated)
[ RunManager ] 4035 debug: Reset the dark brem process (if it was activated)
[ RunManager ] 4036 debug: Reset the dark brem process (if it was activated)
[ RunManager ] 4037 debug: Reset the dark brem process (if it was activated)
[ RunManager ] 4038 debug: Reset the dark brem process (if it was activated)
[ RunManager ] 4039 debug: Reset the dark brem process (if it was activated)
[ RunManager ] 4040 debug: Reset the dark brem process (if it was activated)
[ RunManager ] 4041 debug: Reset the dark brem process (if it was activated)
[ RunManager ] 4042 debug: Reset the dark brem process (if it was activated)
[ RunManager ] 4043 debug: Reset the dark brem process (if it was activated)
[ RunManager ] 4044 debug: Reset the dark brem process (if it was activated)
[ RunManager ] 4045 debug: Reset the dark brem process (if it was activated)
[ RunManager ] 4046 debug: Reset the dark brem process (if it was activated)
[ RunManager ] 4047 debug: Reset the dark brem process (if it was activated)
[ RunManager ] 4048 debug: Reset the dark brem process (if it was activated)
[ RunManager ] 4049 debug: Reset the dark brem process (if it was activated)
[ RunManager ] 4050 debug: Reset the dark brem process (if it was activated)
[ RunManager ] 4051 debug: Reset the dark brem process (if it was activated)
[ RunManager ] 4052 debug: Reset the dark brem process (if it was activated)
[ RunManager ] 4053 debug: Reset the dark brem process (if it was activated)
[ RunManager ] 4054 debug: Reset the dark brem process (if it was activated)
[ RunManager ] 4055 debug: Reset the dark brem process (if it was activated)
[ RunManager ] 4056 debug: Reset the dark brem process (if it was activated)
[ RunManager ] 4057 debug: Reset the dark brem process (if it was activated)
[ RunManager ] 4058 debug: Reset the dark brem process (if it was activated)
[ RunManager ] 4059 debug: Reset the dark brem process (if it was activated)
[ RunManager ] 4060 debug: Reset the dark brem process (if it was activated)
[ RunManager ] 4061 debug: Reset the dark brem process (if it was activated)
[ RunManager ] 4062 debug: Reset the dark brem process (if it was activated)
[ RunManager ] 4063 debug: Reset the dark brem process (if it was activated)
[ RunManager ] 4064 debug: Reset the dark brem process (if it was activated)
[ RunManager ] 4065 debug: Reset the dark brem process (if it was activated)
[ RunManager ] 4066 debug: Reset the dark brem process (if it was activated)
[ RunManager ] 4067 debug: Reset the dark brem process (if it was activated)
[ RunManager ] 4068 debug: Reset the dark brem process (if it was activated)
[ RunManager ] 4069 debug: Reset the dark brem process (if it was activated)
[ RunManager ] 4070 debug: Reset the dark brem process (if it was activated)
[ RunManager ] 4071 debug: Reset the dark brem process (if it was activated)
[ RunManager ] 4072 debug: Reset the dark brem process (if it was activated)
[ RunManager ] 4073 debug: Reset the dark brem process (if it was activated)
[ RunManager ] 4074 debug: Reset the dark brem process (if it was activated)
[ RunManager ] 4075 debug: Reset the dark brem process (if it was activated)
[ RunManager ] 4076 debug: Reset the dark brem process (if it was activated)
[ RunManager ] 4077 debug: Reset the dark brem process (if it was activated)
[ RunManager ] 4078 debug: Reset the dark brem process (if it was activated)
[ RunManager ] 4079 debug: Reset the dark brem process (if it was activated)
[ RunManager ] 4080 debug: Reset the dark brem process (if it was activated)
[ RunManager ] 4081 debug: Reset the dark brem process (if it was activated)
[ RunManager ] 4082 debug: Reset the dark brem process (if it was activated)
[ RunManager ] 4083 debug: Reset the dark brem process (if it was activated)
[ RunManager ] 4084 debug: Reset the dark brem process (if it was activated)
[ RunManager ] 4085 debug: Reset the dark brem process (if it was activated)
[ RunManager ] 4086 debug: Reset the dark brem process (if it was activated)
[ RunManager ] 4087 debug: Reset the dark brem process (if it was activated)
[ RunManager ] 4088 debug: Reset the dark brem process (if it was activated)
[ RunManager ] 4089 debug: Reset the dark brem process (if it was activated)
[ RunManager ] 4090 debug: Reset the dark brem process (if it was activated)
[ RunManager ] 4091 debug: Reset the dark brem process (if it was activated)
[ RunManager ] 4092 debug: Reset the dark brem process (if it was activated)
[ RunManager ] 4093 debug: Reset the dark brem process (if it was activated)
[ RunManager ] 4094 debug: Reset the dark brem process (if it was activated)
[ RunManager ] 4095 debug: Reset the dark brem process (if it was activated)
[ RunManager ] 4096 debug: Reset the dark brem process (if it was activated)
[ RunManager ] 4097 debug: Reset the dark brem process (if it was activated)
[ RunManager ] 4098 debug: Reset the dark brem process (if it was activated)
[ RunManager ] 4099 debug: Reset the dark brem process (if it was activated)
[ RunManager ] 4100 debug: Reset the dark brem process (if it was activated)
[ RunManager ] 4101 debug: Reset the dark brem process (if it was activated)
[ RunManager ] 4102 debug: Reset the dark brem process (if it was activated)
[ RunManager ] 4103 debug: Reset the dark brem process (if it was activated)
[ RunManager ] 4104 debug: Reset the dark brem process (if it was activated)
[ RunManager ] 4105 debug: Reset the dark brem process (if it was activated)
[ RunManager ] 4106 debug: Reset the dark brem process (if it was activated)
[ RunManager ] 4107 debug: Reset the dark brem process (if it was activated)
[ RunManager ] 4108 debug: Reset the dark brem process (if it was activated)
[ RunManager ] 4109 debug: Reset the dark brem process (if it was activated)
[ RunManager ] 4110 debug: Reset the dark brem process (if it was activated)
[ RunManager ] 4111 debug: Reset the dark brem process (if it was activated)
[ RunManager ] 4112 debug: Reset the dark brem process (if it was activated)
[ RunManager ] 4113 debug: Reset the dark brem process (if it was activated)
[ RunManager ] 4114 debug: Reset the dark brem process (if it was activated)
[ RunManager ] 4115 debug: Reset the dark brem process (if it was activated)
[ RunManager ] 4116 debug: Reset the dark brem process (if it was activated)
[ RunManager ] 4117 debug: Reset the dark brem process (if it was activated)
[ RunManager ] 4118 debug: Reset the dark brem process (if it was activated)
[ RunManager ] 4119 debug: Reset the dark brem process (if it was activated)
[ RunManager ] 4120 debug: Reset the dark brem process (if it was activated)
[ RunManager ] 4121 debug: Reset the dark brem process (if it was activated)
[ RunManager ] 4122 debug: Reset the dark brem process (if it was activated)
[ RunManager ] 4123 debug: Reset the dark brem process (if it was activated)
[ RunManager ] 4124 debug: Reset the dark brem process (if it was activated)
[ RunManager ] 4125 debug: Reset the dark brem process (if it was activated)
[ RunManager ] 4126 debug: Reset the dark brem process (if it was activated)
[ RunManager ] 4127 debug: Reset the dark brem process (if it was activated)
[ RunManager ] 4128 debug: Reset the dark brem process (if it was activated)
[ RunManager ] 4129 debug: Reset the dark brem process (if it was activated)
[ RunManager ] 4130 debug: Reset the dark brem process (if it was activated)
[ RunManager ] 4131 debug: Reset the dark brem process (if it was activated)
[ RunManager ] 4132 debug: Reset the dark brem process (if it was activated)
[ RunManager ] 4133 debug: Reset the dark brem process (if it was activated)
[ RunManager ] 4134 debug: Reset the dark brem process (if it was activated)
[ RunManager ] 4135 debug: Reset the dark brem process (if it was activated)
[ RunManager ] 4136 debug: Reset the dark brem process (if it was activated)
[ RunManager ] 4137 debug: Reset the dark brem process (if it was activated)
[ RunManager ] 4138 debug: Reset the dark brem process (if it was activated)
[ RunManager ] 4139 debug: Reset the dark brem process (if it was activated)
[ RunManager ] 4140 debug: Reset the dark brem process (if it was activated)
[ RunManager ] 4141 debug: Reset the dark brem process (if it was activated)
[ RunManager ] 4142 debug: Reset the dark brem process (if it was activated)
[ RunManager ] 4143 debug: Reset the dark brem process (if it was activated)
[ RunManager ] 4144 debug: Reset the dark brem process (if it was activated)
[ RunManager ] 4145 debug: Reset the dark brem process (if it was activated)
[ RunManager ] 4146 debug: Reset the dark brem process (if it was activated)
[ RunManager ] 4147 debug: Reset the dark brem process (if it was activated)
[ RunManager ] 4148 debug: Reset the dark brem process (if it was activated)
[ RunManager ] 4149 debug: Reset the dark brem process (if it was activated)
[ RunManager ] 4150 debug: Reset the dark brem process (if it was activated)
[ RunManager ] 4151 debug: Reset the dark brem process (if it was activated)
[ RunManager ] 4152 debug: Reset the dark brem process (if it was activated)
[ RunManager ] 4153 debug: Reset the dark brem process (if it was activated)
[ RunManager ] 4154 debug: Reset the dark brem process (if it was activated)
[ RunManager ] 4155 debug: Reset the dark brem process (if it was activated)
[ RunManager ] 4156 debug: Reset the dark brem process (if it was activated)
[ RunManager ] 4157 debug: Reset the dark brem process (if it was activated)
[ RunManager ] 4158 debug: Reset the dark brem process (if it was activated)
[ RunManager ] 4159 debug: Reset the dark brem process (if it was activated)
[ RunManager ] 4160 debug: Reset the dark brem process (if it was activated)
[ RunManager ] 4161 debug: Reset the dark brem process (if it was activated)
[ RunManager ] 4162 debug: Reset the dark brem process (if it was activated)
[ RunManager ] 4163 debug: Reset the dark brem process (if it was activated)
[ RunManager ] 4164 debug: Reset the dark brem process (if it was activated)
[ RunManager ] 4165 debug: Reset the dark brem process (if it was activated)
[ RunManager ] 4166 debug: Reset the dark brem process (if it was activated)
[ RunManager ] 4167 debug: Reset the dark brem process (if it was activated)
[ RunManager ] 4168 debug: Reset the dark brem process (if it was activated)
[ RunManager ] 4169 debug: Reset the dark brem process (if it was activated)
[ RunManager ] 4170 debug: Reset the dark brem process (if it was activated)
[ RunManager ] 4171 debug: Reset the dark brem process (if it was activated)
[ RunManager ] 4172 debug: Reset the dark brem process (if it was activated)
[ RunManager ] 4173 debug: Reset the dark brem process (if it was activated)
[ RunManager ] 4174 debug: Reset the dark brem process (if it was activated)
[ RunManager ] 4175 debug: Reset the dark brem process (if it was activated)
[ RunManager ] 4176 debug: Reset the dark brem process (if it was activated)
[ RunManager ] 4177 debug: Reset the dark brem process (if it was activated)
[ RunManager ] 4178 debug: Reset the dark brem process (if it was activated)
[ RunManager ] 4179 debug: Reset the dark brem process (if it was activated)
[ RunManager ] 4180 debug: Reset the dark brem process (if it was activated)
[ RunManager ] 4181 debug: Reset the dark brem process (if it was activated)
[ RunManager ] 4182 debug: Reset the dark brem process (if it was activated)
[ RunManager ] 4183 debug: Reset the dark brem process (if it was activated)
[ RunManager ] 4184 debug: Reset the dark brem process (if it was activated)
[ RunManager ] 4185 debug: Reset the dark brem process (if it was activated)
[ RunManager ] 4186 debug: Reset the dark brem process (if it was activated)
[ RunManager ] 4187 debug: Reset the dark brem process (if it was activated)
[ RunManager ] 4188 debug: Reset the dark brem process (if it was activated)
[ RunManager ] 4189 debug: Reset the dark brem process (if it was activated)
[ RunManager ] 4190 debug: Reset the dark brem process (if it was activated)
[ RunManager ] 4191 debug: Reset the dark brem process (if it was activated)
[ RunManager ] 4192 debug: Reset the dark brem process (if it was activated)
[ RunManager ] 4193 debug: Reset the dark brem process (if it was activated)
[ RunManager ] 4194 debug: Reset the dark brem process (if it was activated)
[ RunManager ] 4195 debug: Reset the dark brem process (if it was activated)
[ RunManager ] 4196 debug: Reset the dark brem process (if it was activated)
[ RunManager ] 4197 debug: Reset the dark brem process (if it was activated)
[ RunManager ] 4198 debug: Reset the dark brem process (if it was activated)
[ RunManager ] 4199 debug: Reset the dark brem process (if it was activated)
[ RunManager ] 4200 debug: Reset the dark brem process (if it was activated)
[ RunManager ] 4201 debug: Reset the dark brem process (if it was activated)
[ RunManager ] 4202 debug: Reset the dark brem process (if it was activated)
[ RunManager ] 4203 debug: Reset the dark brem process (if it was activated)
[ RunManager ] 4204 debug: Reset the dark brem process (if it was activated)
[ RunManager ] 4205 debug: Reset the dark brem process (if it was activated)
[ RunManager ] 4206 debug: Reset the dark brem process (if it was activated)
[ RunManager ] 4207 debug: Reset the dark brem process (if it was activated)
[ RunManager ] 4208 debug: Reset the dark brem process (if it was activated)
[ RunManager ] 4209 debug: Reset the dark brem process (if it was activated)
[ RunManager ] 4210 debug: Reset the dark brem process (if it was activated)
[ RunManager ] 4211 debug: Reset the dark brem process (if it was activated)
[ RunManager ] 4212 debug: Reset the dark brem process (if it was activated)
[ RunManager ] 4213 debug: Reset the dark brem process (if it was activated)
[ RunManager ] 4214 debug: Reset the dark brem process (if it was activated)
[ RunManager ] 4215 debug: Reset the dark brem process (if it was activated)
[ RunManager ] 4216 debug: Reset the dark brem process (if it was activated)
[ RunManager ] 4217 debug: Reset the dark brem process (if it was activated)
[ RunManager ] 4218 debug: Reset the dark brem process (if it was activated)
[ RunManager ] 4219 debug: Reset the dark brem process (if it was activated)
[ RunManager ] 4220 debug: Reset the dark brem process (if it was activated)
[ RunManager ] 4221 debug: Reset the dark brem process (if it was activated)
[ RunManager ] 4222 debug: Reset the dark brem process (if it was activated)
[ RunManager ] 4223 debug: Reset the dark brem process (if it was activated)
[ RunManager ] 4224 debug: Reset the dark brem process (if it was activated)
[ RunManager ] 4225 debug: Reset the dark brem process (if it was activated)
[ RunManager ] 4226 debug: Reset the dark brem process (if it was activated)
[ RunManager ] 4227 debug: Reset the dark brem process (if it was activated)
[ RunManager ] 4228 debug: Reset the dark brem process (if it was activated)
[ RunManager ] 4229 debug: Reset the dark brem process (if it was activated)
[ RunManager ] 4230 debug: Reset the dark brem process (if it was activated)
[ RunManager ] 4231 debug: Reset the dark brem process (if it was activated)
[ RunManager ] 4232 debug: Reset the dark brem process (if it was activated)
[ RunManager ] 4233 debug: Reset the dark brem process (if it was activated)
[ RunManager ] 4234 debug: Reset the dark brem process (if it was activated)
[ RunManager ] 4235 debug: Reset the dark brem process (if it was activated)
[ RunManager ] 4236 debug: Reset the dark brem process (if it was activated)
[ RunManager ] 4237 debug: Reset the dark brem process (if it was activated)
[ RunManager ] 4238 debug: Reset the dark brem process (if it was activated)
[ RunManager ] 4239 debug: Reset the dark brem process (if it was activated)
[ RunManager ] 4240 debug: Reset the dark brem process (if it was activated)
[ RunManager ] 4241 debug: Reset the dark brem process (if it was activated)
[ RunManager ] 4242 debug: Reset the dark brem process (if it was activated)
[ RunManager ] 4243 debug: Reset the dark brem process (if it was activated)
[ RunManager ] 4244 debug: Reset the dark brem process (if it was activated)
[ RunManager ] 4245 debug: Reset the dark brem process (if it was activated)
[ RunManager ] 4246 debug: Reset the dark brem process (if it was activated)
[ RunManager ] 4247 debug: Reset the dark brem process (if it was activated)
[ RunManager ] 4248 debug: Reset the dark brem process (if it was activated)
[ RunManager ] 4249 debug: Reset the dark brem process (if it was activated)
[ RunManager ] 4250 debug: Reset the dark brem process (if it was activated)
[ RunManager ] 4251 debug: Reset the dark brem process (if it was activated)
[ RunManager ] 4252 debug: Reset the dark brem process (if it was activated)
[ RunManager ] 4253 debug: Reset the dark brem process (if it was activated)
[ RunManager ] 4254 debug: Reset the dark brem process (if it was activated)
[ RunManager ] 4255 debug: Reset the dark brem process (if it was activated)
[ RunManager ] 4256 debug: Reset the dark brem process (if it was activated)
[ RunManager ] 4257 debug: Reset the dark brem process (if it was activated)
[ RunManager ] 4258 debug: Reset the dark brem process (if it was activated)
[ RunManager ] 4259 debug: Reset the dark brem process (if it was activated)
[ RunManager ] 4260 debug: Reset the dark brem process (if it was activated)
[ RunManager ] 4261 debug: Reset the dark brem process (if it was activated)
[ RunManager ] 4262 debug: Reset the dark brem process (if it was activated)
[ RunManager ] 4263 debug: Reset the dark brem process (if it was activated)
[ RunManager ] 4264 debug: Reset the dark brem process (if it was activated)
[ RunManager ] 4265 debug: Reset the dark brem process (if it was activated)
[ RunManager ] 4266 debug: Reset the dark brem process (if it was activated)
[ RunManager ] 4267 debug: Reset the dark brem process (if it was activated)
[ RunManager ] 4268 debug: Reset the dark brem process (if it was activated)
[ RunManager ] 4269 debug: Reset the dark brem process (if it was activated)
[ RunManager ] 4270 debug: Reset the dark brem process (if it was activated)
[ RunManager ] 4271 debug: Reset the dark brem process (if it was activated)
[ RunManager ] 4272 debug: Reset the dark brem process (if it was activated)
[ RunManager ] 4273 debug: Reset the dark brem process (if it was activated)
[ RunManager ] 4274 debug: Reset the dark brem process (if it was activated)
[ RunManager ] 4275 debug: Reset the dark brem process (if it was activated)
[ RunManager ] 4276 debug: Reset the dark brem process (if it was activated)
[ RunManager ] 4277 debug: Reset the dark brem process (if it was activated)
[ RunManager ] 4278 debug: Reset the dark brem process (if it was activated)
[ RunManager ] 4279 debug: Reset the dark brem process (if it was activated)
[ RunManager ] 4280 debug: Reset the dark brem process (if it was activated)
[ RunManager ] 4281 debug: Reset the dark brem process (if it was activated)
[ RunManager ] 4282 debug: Reset the dark brem process (if it was activated)
[ RunManager ] 4283 debug: Reset the dark brem process (if it was activated)
[ RunManager ] 4284 debug: Reset the dark brem process (if it was activated)
[ RunManager ] 4285 debug: Reset the dark brem process (if it was activated)
[ RunManager ] 4286 debug: Reset the dark brem process (if it was activated)
[ RunManager ] 4287 debug: Reset the dark brem process (if it was activated)
[ RunManager ] 4288 debug: Reset the dark brem process (if it was activated)
[ RunManager ] 4289 debug: Reset the dark brem process (if it was activated)
[ RunManager ] 4290 debug: Reset the dark brem process (if it was activated)
[ RunManager ] 4291 debug: Reset the dark brem process (if it was activated)
[ RunManager ] 4292 debug: Reset the dark brem process (if it was activated)
[ RunManager ] 4293 debug: Reset the dark brem process (if it was activated)
[ RunManager ] 4294 debug: Reset the dark brem process (if it was activated)
[ RunManager ] 4295 debug: Reset the dark brem process (if it was activated)
[ RunManager ] 4296 debug: Reset the dark brem process (if it was activated)
[ RunManager ] 4297 debug: Reset the dark brem process (if it was activated)
[ RunManager ] 4298 debug: Reset the dark brem process (if it was activated)
[ RunManager ] 4299 debug: Reset the dark brem process (if it was activated)
[ RunManager ] 4300 debug: Reset the dark brem process (if it was activated)
[ RunManager ] 4301 debug: Reset the dark brem process (if it was activated)
[ RunManager ] 4302 debug: Reset the dark brem process (if it was activated)
[ RunManager ] 4303 debug: Reset the dark brem process (if it was activated)
[ RunManager ] 4304 debug: Reset the dark brem process (if it was activated)
[ RunManager ] 4305 debug: Reset the dark brem process (if it was activated)
[ RunManager ] 4306 debug: Reset the dark brem process (if it was activated)
[ RunManager ] 4307 debug: Reset the dark brem process (if it was activated)
[ RunManager ] 4308 debug: Reset the dark brem process (if it was activated)
[ RunManager ] 4309 debug: Reset the dark brem process (if it was activated)
[ RunManager ] 4310 debug: Reset the dark brem process (if it was activated)
[ RunManager ] 4311 debug: Reset the dark brem process (if it was activated)
[ RunManager ] 4312 debug: Reset the dark brem process (if it was activated)
[ RunManager ] 4313 debug: Reset the dark brem process (if it was activated)
[ RunManager ] 4314 debug: Reset the dark brem process (if it was activated)
[ RunManager ] 4315 debug: Reset the dark brem process (if it was activated)
[ RunManager ] 4316 debug: Reset the dark brem process (if it was activated)
[ RunManager ] 4317 debug: Reset the dark brem process (if it was activated)
[ RunManager ] 4318 debug: Reset the dark brem process (if it was activated)
[ RunManager ] 4319 debug: Reset the dark brem process (if it was activated)
[ RunManager ] 4320 debug: Reset the dark brem process (if it was activated)
[ RunManager ] 4321 debug: Reset the dark brem process (if it was activated)
[ RunManager ] 4322 debug: Reset the dark brem process (if it was activated)
[ RunManager ] 4323 debug: Reset the dark brem process (if it was activated)
[ RunManager ] 4324 debug: Reset the dark brem process (if it was activated)
[ RunManager ] 4325 debug: Reset the dark brem process (if it was activated)
[ RunManager ] 4326 debug: Reset the dark brem process (if it was activated)
[ RunManager ] 4327 debug: Reset the dark brem process (if it was activated)
[ RunManager ] 4328 debug: Reset the dark brem process (if it was activated)
[ RunManager ] 4329 debug: Reset the dark brem process (if it was activated)
[ RunManager ] 4330 debug: Reset the dark brem process (if it was activated)
[ RunManager ] 4331 debug: Reset the dark brem process (if it was activated)
[ RunManager ] 4332 debug: Reset the dark brem process (if it was activated)
[ RunManager ] 4333 debug: Reset the dark brem process (if it was activated)
[ RunManager ] 4334 debug: Reset the dark brem process (if it was activated)
[ RunManager ] 4335 debug: Reset the dark brem process (if it was activated)
[ RunManager ] 4336 debug: Reset the dark brem process (if it was activated)
[ RunManager ] 4337 debug: Reset the dark brem process (if it was activated)
[ RunManager ] 4338 debug: Reset the dark brem process (if it was activated)
[ RunManager ] 4339 debug: Reset the dark brem process (if it was activated)
[ RunManager ] 4340 debug: Reset the dark brem process (if it was activated)
[ RunManager ] 4341 debug: Reset the dark brem process (if it was activated)
[ RunManager ] 4342 debug: Reset the dark brem process (if it was activated)
[ RunManager ] 4343 debug: Reset the dark brem process (if it was activated)
[ RunManager ] 4344 debug: Reset the dark brem process (if it was activated)
[ RunManager ] 4345 debug: Reset the dark brem process (if it was activated)
[ RunManager ] 4346 debug: Reset the dark brem process (if it was activated)
[ RunManager ] 4347 debug: Reset the dark brem process (if it was activated)
[ RunManager ] 4348 debug: Reset the dark brem process (if it was activated)
[ RunManager ] 4349 debug: Reset the dark brem process (if it was activated)
[ RunManager ] 4350 debug: Reset the dark brem process (if it was activated)
[ RunManager ] 4351 debug: Reset the dark brem process (if it was activated)
[ RunManager ] 4352 debug: Reset the dark brem process (if it was activated)
[ RunManager ] 4353 debug: Reset the dark brem process (if it was activated)
[ RunManager ] 4354 debug: Reset the dark brem process (if it was activated)
[ RunManager ] 4355 debug: Reset the dark brem process (if it was activated)
[ RunManager ] 4356 debug: Reset the dark brem process (if it was activated)
[ RunManager ] 4357 debug: Reset the dark brem process (if it was activated)
[ RunManager ] 4358 debug: Reset the dark brem process (if it was activated)
[ RunManager ] 4359 debug: Reset the dark brem process (if it was activated)
[ RunManager ] 4360 debug: Reset the dark brem process (if it was activated)
[ RunManager ] 4361 debug: Reset the dark brem process (if it was activated)
[ RunManager ] 4362 debug: Reset the dark brem process (if it was activated)
[ RunManager ] 4363 debug: Reset the dark brem process (if it was activated)
[ RunManager ] 4364 debug: Reset the dark brem process (if it was activated)
[ RunManager ] 4365 debug: Reset the dark brem process (if it was activated)
[ RunManager ] 4366 debug: Reset the dark brem process (if it was activated)
[ RunManager ] 4367 debug: Reset the dark brem process (if it was activated)
[ RunManager ] 4368 debug: Reset the dark brem process (if it was activated)
[ RunManager ] 4369 debug: Reset the dark brem process (if it was activated)
[ RunManager ] 4370 debug: Reset the dark brem process (if it was activated)
[ RunManager ] 4371 debug: Reset the dark brem process (if it was activated)
[ RunManager ] 4372 debug: Reset the dark brem process (if it was activated)
[ RunManager ] 4373 debug: Reset the dark brem process (if it was activated)
[ RunManager ] 4374 debug: Reset the dark brem process (if it was activated)
[ RunManager ] 4375 debug: Reset the dark brem process (if it was activated)
[ RunManager ] 4376 debug: Reset the dark brem process (if it was activated)
[ RunManager ] 4377 debug: Reset the dark brem process (if it was activated)
[ RunManager ] 4378 debug: Reset the dark brem process (if it was activated)
[ RunManager ] 4379 debug: Reset the dark brem process (if it was activated)
[ RunManager ] 4380 debug: Reset the dark brem process (if it was activated)
[ RunManager ] 4381 debug: Reset the dark brem process (if it was activated)
[ RunManager ] 4382 debug: Reset the dark brem process (if it was activated)
[ RunManager ] 4383 debug: Reset the dark brem process (if it was activated)
[ RunManager ] 4384 debug: Reset the dark brem process (if it was activated)
[ RunManager ] 4385 debug: Reset the dark brem process (if it was activated)
[ RunManager ] 4386 debug: Reset the dark brem process (if it was activated)
[ RunManager ] 4387 debug: Reset the dark brem process (if it was activated)
[ RunManager ] 4388 debug: Reset the dark brem process (if it was activated)
[ RunManager ] 4389 debug: Reset the dark brem process (if it was activated)
[ RunManager ] 4390 debug: Reset the dark brem process (if it was activated)
[ RunManager ] 4391 debug: Reset the dark brem process (if it was activated)
[ RunManager ] 4392 debug: Reset the dark brem process (if it was activated)
[ RunManager ] 4393 debug: Reset the dark brem process (if it was activated)
[ RunManager ] 4394 debug: Reset the dark brem process (if it was activated)
[ RunManager ] 4395 debug: Reset the dark brem process (if it was activated)
[ RunManager ] 4396 debug: Reset the dark brem process (if it was activated)
[ RunManager ] 4397 debug: Reset the dark brem process (if it was activated)
[ RunManager ] 4398 debug: Reset the dark brem process (if it was activated)
[ RunManager ] 4399 debug: Reset the dark brem process (if it was activated)
[ RunManager ] 4400 debug: Reset the dark brem process (if it was activated)
[ RunManager ] 4401 debug: Reset the dark brem process (if it was activated)
[ RunManager ] 4402 debug: Reset the dark brem process (if it was activated)
[ RunManager ] 4403 debug: Reset the dark brem process (if it was activated)
[ RunManager ] 4404 debug: Reset the dark brem process (if it was activated)
[ RunManager ] 4405 debug: Reset the dark brem process (if it was activated)
[ RunManager ] 4406 debug: Reset the dark brem process (if it was activated)
[ RunManager ] 4407 debug: Reset the dark brem process (if it was activated)
[ RunManager ] 4408 debug: Reset the dark brem process (if it was activated)
[ RunManager ] 4409 debug: Reset the dark brem process (if it was activated)
[ RunManager ] 4410 debug: Reset the dark brem process (if it was activated)
[ RunManager ] 4411 debug: Reset the dark brem process (if it was activated)
[ RunManager ] 4412 debug: Reset the dark brem process (if it was activated)
[ RunManager ] 4413 debug: Reset the dark brem process (if it was activated)
[ RunManager ] 4414 debug: Reset the dark brem process (if it was activated)
[ RunManager ] 4415 debug: Reset the dark brem process (if it was activated)
[ RunManager ] 4416 debug: Reset the dark brem process (if it was activated)
[ RunManager ] 4417 debug: Reset the dark brem process (if it was activated)
[ RunManager ] 4418 debug: Reset the dark brem process (if it was activated)
[ RunManager ] 4419 debug: Reset the dark brem process (if it was activated)
[ RunManager ] 4420 debug: Reset the dark brem process (if it was activated)
[ RunManager ] 4421 debug: Reset the dark brem process (if it was activated)
[ RunManager ] 4422 debug: Reset the dark brem process (if it was activated)
[ RunManager ] 4423 debug: Reset the dark brem process (if it was activated)
[ RunManager ] 4424 debug: Reset the dark brem process (if it was activated)
[ RunManager ] 4425 debug: Reset the dark brem process (if it was activated)
[ RunManager ] 4426 debug: Reset the dark brem process (if it was activated)
[ RunManager ] 4427 debug: Reset the dark brem process (if it was activated)
[ RunManager ] 4428 debug: Reset the dark brem process (if it was activated)
[ RunManager ] 4429 debug: Reset the dark brem process (if it was activated)
[ RunManager ] 4430 debug: Reset the dark brem process (if it was activated)
[ RunManager ] 4431 debug: Reset the dark brem process (if it was activated)
[ RunManager ] 4432 debug: Reset the dark brem process (if it was activated)
[ RunManager ] 4433 debug: Reset the dark brem process (if it was activated)
[ RunManager ] 4434 debug: Reset the dark brem process (if it was activated)
[ RunManager ] 4435 debug: Reset the dark brem process (if it was activated)
[ RunManager ] 4436 debug: Reset the dark brem process (if it was activated)
[ RunManager ] 4437 debug: Reset the dark brem process (if it was activated)
[ RunManager ] 4438 debug: Reset the dark brem process (if it was activated)
[ RunManager ] 4439 debug: Reset the dark brem process (if it was activated)
[ RunManager ] 4440 debug: Reset the dark brem process (if it was activated)
[ RunManager ] 4441 debug: Reset the dark brem process (if it was activated)
[ RunManager ] 4442 debug: Reset the dark brem process (if it was activated)
[ RunManager ] 4443 debug: Reset the dark brem process (if it was activated)
[ RunManager ] 4444 debug: Reset the dark brem process (if it was activated)
[ RunManager ] 4445 debug: Reset the dark brem process (if it was activated)
[ RunManager ] 4446 debug: Reset the dark brem process (if it was activated)
[ RunManager ] 4447 debug: Reset the dark brem process (if it was activated)
[ RunManager ] 4448 debug: Reset the dark brem process (if it was activated)
[ RunManager ] 4449 debug: Reset the dark brem process (if it was activated)
[ RunManager ] 4450 debug: Reset the dark brem process (if it was activated)
[ RunManager ] 4451 debug: Reset the dark brem process (if it was activated)
[ RunManager ] 4452 debug: Reset the dark brem process (if it was activated)
[ RunManager ] 4453 debug: Reset the dark brem process (if it was activated)
[ RunManager ] 4454 debug: Reset the dark brem process (if it was activated)
[ RunManager ] 4455 debug: Reset the dark brem process (if it was activated)
[ RunManager ] 4456 debug: Reset the dark brem process (if it was activated)
[ RunManager ] 4457 debug: Reset the dark brem process (if it was activated)
[ RunManager ] 4458 debug: Reset the dark brem process (if it was activated)
[ RunManager ] 4459 debug: Reset the dark brem process (if it was activated)
[ RunManager ] 4460 debug: Reset the dark brem process (if it was activated)
[ RunManager ] 4461 debug: Reset the dark brem process (if it was activated)
[ RunManager ] 4462 debug: Reset the dark brem process (if it was activated)
[ RunManager ] 4463 debug: Reset the dark brem process (if it was activated)
[ RunManager ] 4464 debug: Reset the dark brem process (if it was activated)
[ RunManager ] 4465 debug: Reset the dark brem process (if it was activated)
[ RunManager ] 4466 debug: Reset the dark brem process (if it was activated)
[ RunManager ] 4467 debug: Reset the dark brem process (if it was activated)
[ RunManager ] 4468 debug: Reset the dark brem process (if it was activated)
[ RunManager ] 4469 debug: Reset the dark brem process (if it was activated)
[ RunManager ] 4470 debug: Reset the dark brem process (if it was activated)
[ RunManager ] 4471 debug: Reset the dark brem process (if it was activated)
[ RunManager ] 4472 debug: Reset the dark brem process (if it was activated)
[ RunManager ] 4473 debug: Reset the dark brem process (if it was activated)
[ RunManager ] 4474 debug: Reset the dark brem process (if it was activated)
[ RunManager ] 4475 debug: Reset the dark brem process (if it was activated)
[ RunManager ] 4476 debug: Reset the dark brem process (if it was activated)
[ RunManager ] 4477 debug: Reset the dark brem process (if it was activated)
[ RunManager ] 4478 debug: Reset the dark brem process (if it was activated)
[ RunManager ] 4479 debug: Reset the dark brem process (if it was activated)
[ RunManager ] 4480 debug: Reset the dark brem process (if it was activated)
[ RunManager ] 4481 debug: Reset the dark brem process (if it was activated)
[ RunManager ] 4482 debug: Reset the dark brem process (if it was activated)
[ RunManager ] 4483 debug: Reset the dark brem process (if it was activated)
[ RunManager ] 4484 debug: Reset the dark brem process (if it was activated)
[ RunManager ] 4485 debug: Reset the dark brem process (if it was activated)
[ RunManager ] 4486 debug: Reset the dark brem process (if it was activated)
[ RunManager ] 4487 debug: Reset the dark brem process (if it was activated)
[ RunManager ] 4488 debug: Reset the dark brem process (if it was activated)
[ RunManager ] 4489 debug: Reset the dark brem process (if it was activated)
[ RunManager ] 4490 debug: Reset the dark brem process (if it was activated)
[ RunManager ] 4491 debug: Reset the dark brem process (if it was activated)
[ RunManager ] 4492 debug: Reset the dark brem process (if it was activated)
[ RunManager ] 4493 debug: Reset the dark brem process (if it was activated)
[ RunManager ] 4494 debug: Reset the dark brem process (if it was activated)
[ RunManager ] 4495 debug: Reset the dark brem process (if it was activated)
[ RunManager ] 4496 debug: Reset the dark brem process (if it was activated)
[ RunManager ] 4497 debug: Reset the dark brem process (if it was activated)
[ RunManager ] 4498 debug: Reset the dark brem process (if it was activated)
[ RunManager ] 4499 debug: Reset the dark brem process (if it was activated)
[ RunManager ] 4500 debug: Reset the dark brem process (if it was activated)
[ RunManager ] 4501 debug: Reset the dark brem process (if it was activated)
[ RunManager ] 4502 debug: Reset the dark brem process (if it was activated)
[ RunManager ] 4503 debug: Reset the dark brem process (if it was activated)
[ RunManager ] 4504 debug: Reset the dark brem process (if it was activated)
[ RunManager ] 4505 debug: Reset the dark brem process (if it was activated)
[ RunManager ] 4506 debug: Reset the dark brem process (if it was activated)
[ RunManager ] 4507 debug: Reset the dark brem process (if it was activated)
[ RunManager ] 4508 debug: Reset the dark brem process (if it was activated)
[ RunManager ] 4509 debug: Reset the dark brem process (if it was activated)
[ RunManager ] 4510 debug: Reset the dark brem process (if it was activated)
[ RunManager ] 4511 debug: Reset the dark brem process (if it was activated)
[ RunManager ] 4512 debug: Reset the dark brem process (if it was activated)
[ RunManager ] 4513 debug: Reset the dark brem process (if it was activated)
[ RunManager ] 4514 debug: Reset the dark brem process (if it was activated)
[ RunManager ] 4515 debug: Reset the dark brem process (if it was activated)
[ RunManager ] 4516 debug: Reset the dark brem process (if it was activated)
[ RunManager ] 4517 debug: Reset the dark brem process (if it was activated)
[ RunManager ] 4518 debug: Reset the dark brem process (if it was activated)
[ RunManager ] 4519 debug: Reset the dark brem process (if it was activated)
[ RunManager ] 4520 debug: Reset the dark brem process (if it was activated)
[ RunManager ] 4521 debug: Reset the dark brem process (if it was activated)
[ RunManager ] 4522 debug: Reset the dark brem process (if it was activated)
[ RunManager ] 4523 debug: Reset the dark brem process (if it was activated)
[ RunManager ] 4524 debug: Reset the dark brem process (if it was activated)
[ RunManager ] 4525 debug: Reset the dark brem process (if it was activated)
[ RunManager ] 4526 debug: Reset the dark brem process (if it was activated)
[ RunManager ] 4527 debug: Reset the dark brem process (if it was activated)
[ RunManager ] 4528 debug: Reset the dark brem process (if it was activated)
[ RunManager ] 4529 debug: Reset the dark brem process (if it was activated)
[ RunManager ] 4530 debug: Reset the dark brem process (if it was activated)
[ RunManager ] 4531 debug: Reset the dark brem process (if it was activated)
[ RunManager ] 4532 debug: Reset the dark brem process (if it was activated)
[ RunManager ] 4533 debug: Reset the dark brem process (if it was activated)
[ RunManager ] 4534 debug: Reset the dark brem process (if it was activated)
[ RunManager ] 4535 debug: Reset the dark brem process (if it was activated)
[ RunManager ] 4536 debug: Reset the dark brem process (if it was activated)
[ RunManager ] 4537 debug: Reset the dark brem process (if it was activated)
[ RunManager ] 4538 debug: Reset the dark brem process (if it was activated)
[ RunManager ] 4539 debug: Reset the dark brem process (if it was activated)
[ RunManager ] 4540 debug: Reset the dark brem process (if it was activated)
[ RunManager ] 4541 debug: Reset the dark brem process (if it was activated)
[ RunManager ] 4542 debug: Reset the dark brem process (if it was activated)
[ RunManager ] 4543 debug: Reset the dark brem process (if it was activated)
[ RunManager ] 4544 debug: Reset the dark brem process (if it was activated)
[ RunManager ] 4545 debug: Reset the dark brem process (if it was activated)
[ RunManager ] 4546 debug: Reset the dark brem process (if it was activated)
[ RunManager ] 4547 debug: Reset the dark brem process (if it was activated)
[ RunManager ] 4548 debug: Reset the dark brem process (if it was activated)
[ RunManager ] 4549 debug: Reset the dark brem process (if it was activated)
[ RunManager ] 4550 debug: Reset the dark brem process (if it was activated)
[ RunManager ] 4551 debug: Reset the dark brem process (if it was activated)
[ RunManager ] 4552 debug: Reset the dark brem process (if it was activated)
[ RunManager ] 4553 debug: Reset the dark brem process (if it was activated)
[ RunManager ] 4554 debug: Reset the dark brem process (if it was activated)
[ RunManager ] 4555 debug: Reset the dark brem process (if it was activated)
[ RunManager ] 4556 debug: Reset the dark brem process (if it was activated)
[ RunManager ] 4557 debug: Reset the dark brem process (if it was activated)
[ RunManager ] 4558 debug: Reset the dark brem process (if it was activated)
[ RunManager ] 4559 debug: Reset the dark brem process (if it was activated)
[ RunManager ] 4560 debug: Reset the dark brem process (if it was activated)
[ RunManager ] 4561 debug: Reset the dark brem process (if it was activated)
[ RunManager ] 4562 debug: Reset the dark brem process (if it was activated)
[ RunManager ] 4563 debug: Reset the dark brem process (if it was activated)
[ RunManager ] 4564 debug: Reset the dark brem process (if it was activated)
[ RunManager ] 4565 debug: Reset the dark brem process (if it was activated)
[ RunManager ] 4566 debug: Reset the dark brem process (if it was activated)
[ RunManager ] 4567 debug: Reset the dark brem process (if it was activated)
[ RunManager ] 4568 debug: Reset the dark brem process (if it was activated)
[ RunManager ] 4569 debug: Reset the dark brem process (if it was activated)
[ RunManager ] 4570 debug: Reset the dark brem process (if it was activated)
[ RunManager ] 4571 debug: Reset the dark brem process (if it was activated)
[ RunManager ] 4572 debug: Reset the dark brem process (if it was activated)
[ RunManager ] 4573 debug: Reset the dark brem process (if it was activated)
[ RunManager ] 4574 debug: Reset the dark brem process (if it was activated)
[ RunManager ] 4575 debug: Reset the dark brem process (if it was activated)
[ RunManager ] 4576 debug: Reset the dark brem process (if it was activated)
[ RunManager ] 4577 debug: Reset the dark brem process (if it was activated)
[ RunManager ] 4578 debug: Reset the dark brem process (if it was activated)
[ RunManager ] 4579 debug: Reset the dark brem process (if it was activated)
[ RunManager ] 4580 debug: Reset the dark brem process (if it was activated)
[ RunManager ] 4581 debug: Reset the dark brem process (if it was activated)
[ RunManager ] 4582 debug: Reset the dark brem process (if it was activated)
[ RunManager ] 4583 debug: Reset the dark brem process (if it was activated)
[ RunManager ] 4584 debug: Reset the dark brem process (if it was activated)
[ RunManager ] 4585 debug: Reset the dark brem process (if it was activated)
[ RunManager ] 4586 debug: Reset the dark brem process (if it was activated)
[ RunManager ] 4587 debug: Reset the dark brem process (if it was activated)
[ RunManager ] 4588 debug: Reset the dark brem process (if it was activated)
[ RunManager ] 4589 debug: Reset the dark brem process (if it was activated)
[ RunManager ] 4590 debug: Reset the dark brem process (if it was activated)
[ RunManager ] 4591 debug: Reset the dark brem process (if it was activated)
[ RunManager ] 4592 debug: Reset the dark brem process (if it was activated)
[ RunManager ] 4593 debug: Reset the dark brem process (if it was activated)
[ RunManager ] 4594 debug: Reset the dark brem process (if it was activated)
[ RunManager ] 4595 debug: Reset the dark brem process (if it was activated)
[ RunManager ] 4596 debug: Reset the dark brem process (if it was activated)
[ RunManager ] 4597 debug: Reset the dark brem process (if it was activated)
[ RunManager ] 4598 debug: Reset the dark brem process (if it was activated)
[ RunManager ] 4599 debug: Reset the dark brem process (if it was activated)
[ RunManager ] 4600 debug: Reset the dark brem process (if it was activated)
[ RunManager ] 4601 debug: Reset the dark brem process (if it was activated)
[ RunManager ] 4602 debug: Reset the dark brem process (if it was activated)
[ RunManager ] 4603 debug: Reset the dark brem process (if it was activated)
[ RunManager ] 4604 debug: Reset the dark brem process (if it was activated)
[ RunManager ] 4605 debug: Reset the dark brem process (if it was activated)
[ RunManager ] 4606 debug: Reset the dark brem process (if it was activated)
[ RunManager ] 4607 debug: Reset the dark brem process (if it was activated)
[ RunManager ] 4608 debug: Reset the dark brem process (if it was activated)
[ RunManager ] 4609 debug: Reset the dark brem process (if it was activated)
[ RunManager ] 4610 debug: Reset the dark brem process (if it was activated)
[ RunManager ] 4611 debug: Reset the dark brem process (if it was activated)
[ RunManager ] 4612 debug: Reset the dark brem process (if it was activated)
[ RunManager ] 4613 debug: Reset the dark brem process (if it was activated)
[ RunManager ] 4614 debug: Reset the dark brem process (if it was activated)
[ RunManager ] 4615 debug: Reset the dark brem process (if it was activated)
[ RunManager ] 4616 debug: Reset the dark brem process (if it was activated)
[ RunManager ] 4617 debug: Reset the dark brem process (if it was activated)
[ RunManager ] 4618 debug: Reset the dark brem process (if it was activated)
[ RunManager ] 4619 debug: Reset the dark brem process (if it was activated)
[ RunManager ] 4620 debug: Reset the dark brem process (if it was activated)
[ RunManager ] 4621 debug: Reset the dark brem process (if it was activated)
[ RunManager ] 4622 debug: Reset the dark brem process (if it was activated)
[ RunManager ] 4623 debug: Reset the dark brem process (if it was activated)
[ RunManager ] 4624 debug: Reset the dark brem process (if it was activated)
[ RunManager ] 4625 debug: Reset the dark brem process (if it was activated)
[ RunManager ] 4626 debug: Reset the dark brem process (if it was activated)
[ RunManager ] 4627 debug: Reset the dark brem process (if it was activated)
[ RunManager ] 4628 debug: Reset the dark brem process (if it was activated)
[ RunManager ] 4629 debug: Reset the dark brem process (if it was activated)
[ RunManager ] 4630 debug: Reset the dark brem process (if it was activated)
[ RunManager ] 4631 debug: Reset the dark brem process (if it was activated)
[ RunManager ] 4632 debug: Reset the dark brem process (if it was activated)
[ RunManager ] 4633 debug: Reset the dark brem process (if it was activated)
[ RunManager ] 4634 debug: Reset the dark brem process (if it was activated)
[ RunManager ] 4635 debug: Reset the dark brem process (if it was activated)
[ RunManager ] 4636 debug: Reset the dark brem process (if it was activated)
[ RunManager ] 4637 debug: Reset the dark brem process (if it was activated)
[ RunManager ] 4638 debug: Reset the dark brem process (if it was activated)
[ RunManager ] 4639 debug: Reset the dark brem process (if it was activated)
[ RunManager ] 4640 debug: Reset the dark brem process (if it was activated)
[ RunManager ] 4641 debug: Reset the dark brem process (if it was activated)
[ RunManager ] 4642 debug: Reset the dark brem process (if it was activated)
[ RunManager ] 4643 debug: Reset the dark brem process (if it was activated)
[ RunManager ] 4644 debug: Reset the dark brem process (if it was activated)
[ RunManager ] 4645 debug: Reset the dark brem process (if it was activated)
[ RunManager ] 4646 debug: Reset the dark brem process (if it was activated)
[ RunManager ] 4647 debug: Reset the dark brem process (if it was activated)
[ RunManager ] 4648 debug: Reset the dark brem process (if it was activated)
[ RunManager ] 4649 debug: Reset the dark brem process (if it was activated)
[ RunManager ] 4650 debug: Reset the dark brem process (if it was activated)
[ RunManager ] 4651 debug: Reset the dark brem process (if it was activated)
[ RunManager ] 4652 debug: Reset the dark brem process (if it was activated)
[ RunManager ] 4653 debug: Reset the dark brem process (if it was activated)
[ RunManager ] 4654 debug: Reset the dark brem process (if it was activated)
[ RunManager ] 4655 debug: Reset the dark brem process (if it was activated)
[ RunManager ] 4656 debug: Reset the dark brem process (if it was activated)
[ RunManager ] 4657 debug: Reset the dark brem process (if it was activated)
[ RunManager ] 4658 debug: Reset the dark brem process (if it was activated)
[ RunManager ] 4659 debug: Reset the dark brem process (if it was activated)
[ RunManager ] 4660 debug: Reset the dark brem process (if it was activated)
[ RunManager ] 4661 debug: Reset the dark brem process (if it was activated)
[ RunManager ] 4662 debug: Reset the dark brem process (if it was activated)
[ RunManager ] 4663 debug: Reset the dark brem process (if it was activated)
[ RunManager ] 4664 debug: Reset the dark brem process (if it was activated)
[ RunManager ] 4665 debug: Reset the dark brem process (if it was activated)
[ RunManager ] 4666 debug: Reset the dark brem process (if it was activated)
[ RunManager ] 4667 debug: Reset the dark brem process (if it was activated)
[ RunManager ] 4668 debug: Reset the dark brem process (if it was activated)
[ RunManager ] 4669 debug: Reset the dark brem process (if it was activated)
[ RunManager ] 4670 debug: Reset the dark brem process (if it was activated)
[ RunManager ] 4671 debug: Reset the dark brem process (if it was activated)
[ RunManager ] 4672 debug: Reset the dark brem process (if it was activated)
[ RunManager ] 4673 debug: Reset the dark brem process (if it was activated)
[ RunManager ] 4674 debug: Reset the dark brem process (if it was activated)
[ RunManager ] 4675 debug: Reset the dark brem process (if it was activated)
[ RunManager ] 4676 debug: Reset the dark brem process (if it was activated)
[ RunManager ] 4677 debug: Reset the dark brem process (if it was activated)
[ RunManager ] 4678 debug: Reset the dark brem process (if it was activated)
[ RunManager ] 4679 debug: Reset the dark brem process (if it was activated)
[ RunManager ] 4680 debug: Reset the dark brem process (if it was activated)
[ RunManager ] 4681 debug: Reset the dark brem process (if it was activated)
[ RunManager ] 4682 debug: Reset the dark brem process (if it was activated)
[ RunManager ] 4683 debug: Reset the dark brem process (if it was activated)
[ RunManager ] 4684 debug: Reset the dark brem process (if it was activated)
[ RunManager ] 4685 debug: Reset the dark brem process (if it was activated)
[ RunManager ] 4686 debug: Reset the dark brem process (if it was activated)
[ RunManager ] 4687 debug: Reset the dark brem process (if it was activated)
[ RunManager ] 4688 debug: Reset the dark brem process (if it was activated)
[ RunManager ] 4689 debug: Reset the dark brem process (if it was activated)
[ RunManager ] 4690 debug: Reset the dark brem process (if it was activated)
[ RunManager ] 4691 debug: Reset the dark brem process (if it was activated)
[ RunManager ] 4692 debug: Reset the dark brem process (if it was activated)
[ RunManager ] 4693 debug: Reset the dark brem process (if it was activated)
[ RunManager ] 4694 debug: Reset the dark brem process (if it was activated)
[ RunManager ] 4695 debug: Reset the dark brem process (if it was activated)
[ RunManager ] 4696 debug: Reset the dark brem process (if it was activated)
[ RunManager ] 4697 debug: Reset the dark brem process (if it was activated)
[ RunManager ] 4698 debug: Reset the dark brem process (if it was activated)
[ RunManager ] 4699 debug: Reset the dark brem process (if it was activated)
[ RunManager ] 4700 debug: Reset the dark brem process (if it was activated)
[ RunManager ] 4701 debug: Reset the dark brem process (if it was activated)
[ RunManager ] 4702 debug: Reset the dark brem process (if it was activated)
[ RunManager ] 4703 debug: Reset the dark brem process (if it was activated)
[ RunManager ] 4704 debug: Reset the dark brem process (if it was activated)
[ RunManager ] 4705 debug: Reset the dark brem process (if it was activated)
[ RunManager ] 4706 debug: Reset the dark brem process (if it was activated)
[ RunManager ] 4707 debug: Reset the dark brem process (if it was activated)
[ RunManager ] 4708 debug: Reset the dark brem process (if it was activated)
[ RunManager ] 4709 debug: Reset the dark brem process (if it was activated)
[ RunManager ] 4710 debug: Reset the dark brem process (if it was activated)
[ RunManager ] 4711 debug: Reset the dark brem process (if it was activated)
[ RunManager ] 4712 debug: Reset the dark brem process (if it was activated)
[ RunManager ] 4713 debug: Reset the dark brem process (if it was activated)
[ RunManager ] 4714 debug: Reset the dark brem process (if it was activated)
[ RunManager ] 4715 debug: Reset the dark brem process (if it was activated)
[ RunManager ] 4716 debug: Reset the dark brem process (if it was activated)
[ RunManager ] 4717 debug: Reset the dark brem process (if it was activated)
[ RunManager ] 4718 debug: Reset the dark brem process (if it was activated)
[ RunManager ] 4719 debug: Reset the dark brem process (if it was activated)
[ RunManager ] 4720 debug: Reset the dark brem process (if it was activated)
[ RunManager ] 4721 debug: Reset the dark brem process (if it was activated)
[ RunManager ] 4722 debug: Reset the dark brem process (if it was activated)
[ RunManager ] 4723 debug: Reset the dark brem process (if it was activated)
[ RunManager ] 4724 debug: Reset the dark brem process (if it was activated)
[ RunManager ] 4725 debug: Reset the dark brem process (if it was activated)
[ RunManager ] 4726 debug: Reset the dark brem process (if it was activated)
[ RunManager ] 4727 debug: Reset the dark brem process (if it was activated)
[ RunManager ] 4728 debug: Reset the dark brem process (if it was activated)
[ RunManager ] 4729 debug: Reset the dark brem process (if it was activated)
[ RunManager ] 4730 debug: Reset the dark brem process (if it was activated)
[ RunManager ] 4731 debug: Reset the dark brem process (if it was activated)
[ RunManager ] 4732 debug: Reset the dark brem process (if it was activated)
[ RunManager ] 4733 debug: Reset the dark brem process (if it was activated)
[ RunManager ] 4734 debug: Reset the dark brem process (if it was activated)
[ RunManager ] 4735 debug: Reset the dark brem process (if it was activated)
[ RunManager ] 4736 debug: Reset the dark brem process (if it was activated)
[ RunManager ] 4737 debug: Reset the dark brem process (if it was activated)
[ RunManager ] 4738 debug: Reset the dark brem process (if it was activated)
[ RunManager ] 4739 debug: Reset the dark brem process (if it was activated)
[ RunManager ] 4740 debug: Reset the dark brem process (if it was activated)
[ RunManager ] 4741 debug: Reset the dark brem process (if it was activated)
[ RunManager ] 4742 debug: Reset the dark brem process (if it was activated)
[ RunManager ] 4743 debug: Reset the dark brem process (if it was activated)
[ RunManager ] 4744 debug: Reset the dark brem process (if it was activated)
[ RunManager ] 4745 debug: Reset the dark brem process (if it was activated)
[ RunManager ] 4746 debug: Reset the dark brem process (if it was activated)
[ RunManager ] 4747 debug: Reset the dark brem process (if it was activated)
[ RunManager ] 4748 debug: Reset the dark brem process (if it was activated)
[ RunManager ] 4749 debug: Reset the dark brem process (if it was activated)
[ RunManager ] 4750 debug: Reset the dark brem process (if it was activated)
[ RunManager ] 4751 debug: Reset the dark brem process (if it was activated)
[ RunManager ] 4752 debug: Reset the dark brem process (if it was activated)
[ RunManager ] 4753 debug: Reset the dark brem process (if it was activated)
[ RunManager ] 4754 debug: Reset the dark brem process (if it was activated)
[ RunManager ] 4755 debug: Reset the dark brem process (if it was activated)
[ RunManager ] 4756 debug: Reset the dark brem process (if it was activated)
[ RunManager ] 4757 debug: Reset the dark brem process (if it was activated)
[ RunManager ] 4758 debug: Reset the dark brem process (if it was activated)
[ RunManager ] 4759 debug: Reset the dark brem process (if it was activated)
[ RunManager ] 4760 debug: Reset the dark brem process (if it was activated)
[ RunManager ] 4761 debug: Reset the dark brem process (if it was activated)
[ RunManager ] 4762 debug: Reset the dark brem process (if it was activated)
[ RunManager ] 4763 debug: Reset the dark brem process (if it was activated)
[ RunManager ] 4764 debug: Reset the dark brem process (if it was activated)
[ RunManager ] 4765 debug: Reset the dark brem process (if it was activated)
[ RunManager ] 4766 debug: Reset the dark brem process (if it was activated)
[ RunManager ] 4767 debug: Reset the dark brem process (if it was activated)
[ RunManager ] 4768 debug: Reset the dark brem process (if it was activated)
[ RunManager ] 4769 debug: Reset the dark brem process (if it was activated)
[ RunManager ] 4770 debug: Reset the dark brem process (if it was activated)
[ RunManager ] 4771 debug: Reset the dark brem process (if it was activated)
[ RunManager ] 4772 debug: Reset the dark brem process (if it was activated)
[ RunManager ] 4773 debug: Reset the dark brem process (if it was activated)
[ RunManager ] 4774 debug: Reset the dark brem process (if it was activated)
[ RunManager ] 4775 debug: Reset the dark brem process (if it was activated)
[ RunManager ] 4776 debug: Reset the dark brem process (if it was activated)
[ RunManager ] 4777 debug: Reset the dark brem process (if it was activated)
[ RunManager ] 4778 debug: Reset the dark brem process (if it was activated)
[ RunManager ] 4779 debug: Reset the dark brem process (if it was activated)
[ RunManager ] 4780 debug: Reset the dark brem process (if it was activated)
[ RunManager ] 4781 debug: Reset the dark brem process (if it was activated)
[ RunManager ] 4782 debug: Reset the dark brem process (if it was activated)
[ RunManager ] 4783 debug: Reset the dark brem process (if it was activated)
[ RunManager ] 4784 debug: Reset the dark brem process (if it was activated)
[ RunManager ] 4785 debug: Reset the dark brem process (if it was activated)
[ RunManager ] 4786 debug: Reset the dark brem process (if it was activated)
[ RunManager ] 4787 debug: Reset the dark brem process (if it was activated)
[ RunManager ] 4788 debug: Reset the dark brem process (if it was activated)
[ RunManager ] 4789 debug: Reset the dark brem process (if it was activated)
[ RunManager ] 4790 debug: Reset the dark brem process (if it was activated)
[ RunManager ] 4791 debug: Reset the dark brem process (if it was activated)
[ RunManager ] 4792 debug: Reset the dark brem process (if it was activated)
[ RunManager ] 4793 debug: Reset the dark brem process (if it was activated)
[ RunManager ] 4794 debug: Reset the dark brem process (if it was activated)
[ RunManager ] 4795 debug: Reset the dark brem process (if it was activated)
[ RunManager ] 4796 debug: Reset the dark brem process (if it was activated)
[ RunManager ] 4797 debug: Reset the dark brem process (if it was activated)
[ RunManager ] 4798 debug: Reset the dark brem process (if it was activated)
[ RunManager ] 4799 debug: Reset the dark brem process (if it was activated)
[ RunManager ] 4800 debug: Reset the dark brem process (if it was activated)
[ RunManager ] 4801 debug: Reset the dark brem process (if it was activated)
[ RunManager ] 4802 debug: Reset the dark brem process (if it was activated)
[ RunManager ] 4803 debug: Reset the dark brem process (if it was activated)
[ RunManager ] 4804 debug: Reset the dark brem process (if it was activated)
[ RunManager ] 4805 debug: Reset the dark brem process (if it was activated)
[ RunManager ] 4806 debug: Reset the dark brem process (if it was activated)
[ RunManager ] 4807 debug: Reset the dark brem process (if it was activated)
[ RunManager ] 4808 debug: Reset the dark brem process (if it was activated)
[ RunManager ] 4809 debug: Reset the dark brem process (if it was activated)
[ RunManager ] 4810 debug: Reset the dark brem process (if it was activated)
[ RunManager ] 4811 debug: Reset the dark brem process (if it was activated)
[ RunManager ] 4812 debug: Reset the dark brem process (if it was activated)
[ RunManager ] 4813 debug: Reset the dark brem process (if it was activated)
[ RunManager ] 4814 debug: Reset the dark brem process (if it was activated)
[ RunManager ] 4815 debug: Reset the dark brem process (if it was activated)
[ RunManager ] 4816 debug: Reset the dark brem process (if it was activated)
[ RunManager ] 4817 debug: Reset the dark brem process (if it was activated)
[ RunManager ] 4818 debug: Reset the dark brem process (if it was activated)
[ RunManager ] 4819 debug: Reset the dark brem process (if it was activated)
[ RunManager ] 4820 debug: Reset the dark brem process (if it was activated)
[ RunManager ] 4821 debug: Reset the dark brem process (if it was activated)
[ RunManager ] 4822 debug: Reset the dark brem process (if it was activated)
[ RunManager ] 4823 debug: Reset the dark brem process (if it was activated)
[ RunManager ] 4824 debug: Reset the dark brem process (if it was activated)
[ RunManager ] 4825 debug: Reset the dark brem process (if it was activated)
[ RunManager ] 4826 debug: Reset the dark brem process (if it was activated)
[ RunManager ] 4827 debug: Reset the dark brem process (if it was activated)
[ RunManager ] 4828 debug: Reset the dark brem process (if it was activated)
[ RunManager ] 4829 debug: Reset the dark brem process (if it was activated)
[ RunManager ] 4830 debug: Reset the dark brem process (if it was activated)
[ RunManager ] 4831 debug: Reset the dark brem process (if it was activated)
[ RunManager ] 4832 debug: Reset the dark brem process (if it was activated)
[ RunManager ] 4833 debug: Reset the dark brem process (if it was activated)
[ RunManager ] 4834 debug: Reset the dark brem process (if it was activated)
[ RunManager ] 4835 debug: Reset the dark brem process (if it was activated)
[ RunManager ] 4836 debug: Reset the dark brem process (if it was activated)
[ RunManager ] 4837 debug: Reset the dark brem process (if it was activated)
[ RunManager ] 4838 debug: Reset the dark brem process (if it was activated)
[ RunManager ] 4839 debug: Reset the dark brem process (if it was activated)
[ RunManager ] 4840 debug: Reset the dark brem process (if it was activated)
[ RunManager ] 4841 debug: Reset the dark brem process (if it was activated)
[ RunManager ] 4842 debug: Reset the dark brem process (if it was activated)
[ RunManager ] 4843 debug: Reset the dark brem process (if it was activated)
[ RunManager ] 4844 debug: Reset the dark brem process (if it was activated)
[ RunManager ] 4845 debug: Reset the dark brem process (if it was activated)
[ RunManager ] 4846 debug: Reset the dark brem process (if it was activated)
[ RunManager ] 4847 debug: Reset the dark brem process (if it was activated)
[ RunManager ] 4848 debug: Reset the dark brem process (if it was activated)
[ RunManager ] 4849 debug: Reset the dark brem process (if it was activated)
[ RunManager ] 4850 debug: Reset the dark brem process (if it was activated)
[ RunManager ] 4851 debug: Reset the dark brem process (if it was activated)
[ RunManager ] 4852 debug: Reset the dark brem process (if it was activated)
[ RunManager ] 4853 debug: Reset the dark brem process (if it was activated)
[ RunManager ] 4854 debug: Reset the dark brem process (if it was activated)
[ RunManager ] 4855 debug: Reset the dark brem process (if it was activated)
[ RunManager ] 4856 debug: Reset the dark brem process (if it was activated)
[ RunManager ] 4857 debug: Reset the dark brem process (if it was activated)
[ RunManager ] 4858 debug: Reset the dark brem process (if it was activated)
[ RunManager ] 4859 debug: Reset the dark brem process (if it was activated)
[ RunManager ] 4860 debug: Reset the dark brem process (if it was activated)
[ RunManager ] 4861 debug: Reset the dark brem process (if it was activated)
[ RunManager ] 4862 debug: Reset the dark brem process (if it was activated)
[ RunManager ] 4863 debug: Reset the dark brem process (if it was activated)
[ RunManager ] 4864 debug: Reset the dark brem process (if it was activated)
[ RunManager ] 4865 debug: Reset the dark brem process (if it was activated)
[ RunManager ] 4866 debug: Reset the dark brem process (if it was activated)
[ RunManager ] 4867 debug: Reset the dark brem process (if it was activated)
[ RunManager ] 4868 debug: Reset the dark brem process (if it was activated)
[ RunManager ] 4869 debug: Reset the dark brem process (if it was activated)
[ RunManager ] 4870 debug: Reset the dark brem process (if it was activated)
[ RunManager ] 4871 debug: Reset the dark brem process (if it was activated)
[ RunManager ] 4872 debug: Reset the dark brem process (if it was activated)
[ RunManager ] 4873 debug: Reset the dark brem process (if it was activated)
[ RunManager ] 4874 debug: Reset the dark brem process (if it was activated)
[ RunManager ] 4875 debug: Reset the dark brem process (if it was activated)
[ RunManager ] 4876 debug: Reset the dark brem process (if it was activated)
[ RunManager ] 4877 debug: Reset the dark brem process (if it was activated)
[ RunManager ] 4878 debug: Reset the dark brem process (if it was activated)
[ RunManager ] 4879 debug: Reset the dark brem process (if it was activated)
[ RunManager ] 4880 debug: Reset the dark brem process (if it was activated)
[ RunManager ] 4881 debug: Reset the dark brem process (if it was activated)
[ RunManager ] 4882 debug: Reset the dark brem process (if it was activated)
[ RunManager ] 4883 debug: Reset the dark brem process (if it was activated)
[ RunManager ] 4884 debug: Reset the dark brem process (if it was activated)
[ RunManager ] 4885 debug: Reset the dark brem process (if it was activated)
[ RunManager ] 4886 debug: Reset the dark brem process (if it was activated)
[ RunManager ] 4887 debug: Reset the dark brem process (if it was activated)
[ RunManager ] 4888 debug: Reset the dark brem process (if it was activated)
[ RunManager ] 4889 debug: Reset the dark brem process (if it was activated)
[ RunManager ] 4890 debug: Reset the dark brem process (if it was activated)
[ RunManager ] 4891 debug: Reset the dark brem process (if it was activated)
[ RunManager ] 4892 debug: Reset the dark brem process (if it was activated)
[ RunManager ] 4893 debug: Reset the dark brem process (if it was activated)
[ RunManager ] 4894 debug: Reset the dark brem process (if it was activated)
[ RunManager ] 4895 debug: Reset the dark brem process (if it was activated)
[ RunManager ] 4896 debug: Reset the dark brem process (if it was activated)
[ RunManager ] 4897 debug: Reset the dark brem process (if it was activated)
[ RunManager ] 4898 debug: Reset the dark brem process (if it was activated)
[ RunManager ] 4899 debug: Reset the dark brem process (if it was activated)
[ RunManager ] 4900 debug: Reset the dark brem process (if it was activated)
[ RunManager ] 4901 debug: Reset the dark brem process (if it was activated)
[ RunManager ] 4902 debug: Reset the dark brem process (if it was activated)
[ RunManager ] 4903 debug: Reset the dark brem process (if it was activated)
[ RunManager ] 4904 debug: Reset the dark brem process (if it was activated)
[ RunManager ] 4905 debug: Reset the dark brem process (if it was activated)
[ RunManager ] 4906 debug: Reset the dark brem process (if it was activated)
[ RunManager ] 4907 debug: Reset the dark brem process (if it was activated)
[ RunManager ] 4908 debug: Reset the dark brem process (if it was activated)
[ RunManager ] 4909 debug: Reset the dark brem process (if it was activated)
[ RunManager ] 4910 debug: Reset the dark brem process (if it was activated)
[ RunManager ] 4911 debug: Reset the dark brem process (if it was activated)
[ RunManager ] 4912 debug: Reset the dark brem process (if it was activated)
[ RunManager ] 4913 debug: Reset the dark brem process (if it was activated)
[ RunManager ] 4914 debug: Reset the dark brem process (if it was activated)
[ RunManager ] 4915 debug: Reset the dark brem process (if it was activated)
[ RunManager ] 4916 debug: Reset the dark brem process (if it was activated)
[ RunManager ] 4917 debug: Reset the dark brem process (if it was activated)
[ RunManager ] 4918 debug: Reset the dark brem process (if it was activated)
[ RunManager ] 4919 debug: Reset the dark brem process (if it was activated)
[ RunManager ] 4920 debug: Reset the dark brem process (if it was activated)
[ RunManager ] 4921 debug: Reset the dark brem process (if it was activated)
[ RunManager ] 4922 debug: Reset the dark brem process (if it was activated)
[ RunManager ] 4923 debug: Reset the dark brem process (if it was activated)
[ RunManager ] 4924 debug: Reset the dark brem process (if it was activated)
[ RunManager ] 4925 debug: Reset the dark brem process (if it was activated)
[ RunManager ] 4926 debug: Reset the dark brem process (if it was activated)
[ RunManager ] 4927 debug: Reset the dark brem process (if it was activated)
[ RunManager ] 4928 debug: Reset the dark brem process (if it was activated)
[ RunManager ] 4929 debug: Reset the dark brem process (if it was activated)
[ RunManager ] 4930 debug: Reset the dark brem process (if it was activated)
[ RunManager ] 4931 debug: Reset the dark brem process (if it was activated)
[ RunManager ] 4932 debug: Reset the dark brem process (if it was activated)
[ RunManager ] 4933 debug: Reset the dark brem process (if it was activated)
[ RunManager ] 4934 debug: Reset the dark brem process (if it was activated)
[ RunManager ] 4935 debug: Reset the dark brem process (if it was activated)
[ RunManager ] 4936 debug: Reset the dark brem process (if it was activated)
[ RunManager ] 4937 debug: Reset the dark brem process (if it was activated)
[ RunManager ] 4938 debug: Reset the dark brem process (if it was activated)
[ RunManager ] 4939 debug: Reset the dark brem process (if it was activated)
[ RunManager ] 4940 debug: Reset the dark brem process (if it was activated)
[ RunManager ] 4941 debug: Reset the dark brem process (if it was activated)
[ RunManager ] 4942 debug: Reset the dark brem process (if it was activated)
[ RunManager ] 4943 debug: Reset the dark brem process (if it was activated)
[ RunManager ] 4944 debug: Reset the dark brem process (if it was activated)
[ RunManager ] 4945 debug: Reset the dark brem process (if it was activated)
[ RunManager ] 4946 debug: Reset the dark brem process (if it was activated)
[ RunManager ] 4947 debug: Reset the dark brem process (if it was activated)
[ RunManager ] 4948 debug: Reset the dark brem process (if it was activated)
[ RunManager ] 4949 debug: Reset the dark brem process (if it was activated)
[ RunManager ] 4950 debug: Reset the dark brem process (if it was activated)
[ RunManager ] 4951 debug: Reset the dark brem process (if it was activated)
[ RunManager ] 4952 debug: Reset the dark brem process (if it was activated)
[ RunManager ] 4953 debug: Reset the dark brem process (if it was activated)
[ RunManager ] 4954 debug: Reset the dark brem process (if it was activated)
[ RunManager ] 4955 debug: Reset the dark brem process (if it was activated)
[ RunManager ] 4956 debug: Reset the dark brem process (if it was activated)
[ RunManager ] 4957 debug: Reset the dark brem process (if it was activated)
[ RunManager ] 4958 debug: Reset the dark brem process (if it was activated)
[ RunManager ] 4959 debug: Reset the dark brem process (if it was activated)
[ RunManager ] 4960 debug: Reset the dark brem process (if it was activated)
[ RunManager ] 4961 debug: Reset the dark brem process (if it was activated)
[ RunManager ] 4962 debug: Reset the dark brem process (if it was activated)
[ RunManager ] 4963 debug: Reset the dark brem process (if it was activated)
[ RunManager ] 4964 debug: Reset the dark brem process (if it was activated)
[ RunManager ] 4965 debug: Reset the dark brem process (if it was activated)
[ RunManager ] 4966 debug: Reset the dark brem process (if it was activated)
[ RunManager ] 4967 debug: Reset the dark brem process (if it was activated)
[ RunManager ] 4968 debug: Reset the dark brem process (if it was activated)
[ RunManager ] 4969 debug: Reset the dark brem process (if it was activated)
[ RunManager ] 4970 debug: Reset the dark brem process (if it was activated)
[ RunManager ] 4971 debug: Reset the dark brem process (if it was activated)
[ RunManager ] 4972 debug: Reset the dark brem process (if it was activated)
[ RunManager ] 4973 debug: Reset the dark brem process (if it was activated)
[ RunManager ] 4974 debug: Reset the dark brem process (if it was activated)
[ RunManager ] 4975 debug: Reset the dark brem process (if it was activated)
[ RunManager ] 4976 debug: Reset the dark brem process (if it was activated)
[ RunManager ] 4977 debug: Reset the dark brem process (if it was activated)
[ RunManager ] 4978 debug: Reset the dark brem process (if it was activated)
[ RunManager ] 4979 debug: Reset the dark brem process (if it was activated)
[ RunManager ] 4980 debug: Reset the dark brem process (if it was activated)
[ RunManager ] 4981 debug: Reset the dark brem process (if it was activated)
[ RunManager ] 4982 debug: Reset the dark brem process (if it was activated)
[ RunManager ] 4983 debug: Reset the dark brem process (if it was activated)
[ RunManager ] 4984 debug: Reset the dark brem process (if it was activated)
[ RunManager ] 4985 debug: Reset the dark brem process (if it was activated)
[ RunManager ] 4986 debug: Reset the dark brem process (if it was activated)
[ RunManager ] 4987 debug: Reset the dark brem process (if it was activated)
[ RunManager ] 4988 debug: Reset the dark brem process (if it was activated)
[ RunManager ] 4989 debug: Reset the dark brem process (if it was activated)
[ RunManager ] 4990 debug: Reset the dark brem process (if it was activated)
[ RunManager ] 4991 debug: Reset the dark brem process (if it was activated)
[ RunManager ] 4992 debug: Reset the dark brem process (if it was activated)
[ RunManager ] 4993 debug: Reset the dark brem process (if it was activated)
[ RunManager ] 4994 debug: Reset the dark brem process (if it was activated)
[ RunManager ] 4995 debug: Reset the dark brem process (if it was activated)
[ RunManager ] 4996 debug: Reset the dark brem process (if it was activated)
[ RunManager ] 4997 debug: Reset the dark brem process (if it was activated)
[ RunManager ] 4998 debug: Reset the dark brem process (if it was activated)
[ RunManager ] 4999 debug: Reset the dark brem process (if it was activated)
[ RunManager ] 5000 debug: Reset the dark brem process (if it was activated)
[ RunManager ] 5001 debug: Reset the dark brem process (if it was activated)
[ RunManager ] 5002 debug: Reset the dark brem process (if it was activated)
[ RunManager ] 5003 debug: Reset the dark brem process (if it was activated)
[ RunManager ] 5004 debug: Reset the dark brem process (if it was activated)
[ RunManager ] 5005 debug: Reset the dark brem process (if it was activated)
[ RunManager ] 5006 debug: Reset the dark brem process (if it was activated)
[ RunManager ] 5007 debug: Reset the dark brem process (if it was activated)
[ RunManager ] 5008 debug: Reset the dark brem process (if it was activated)
[ RunManager ] 5009 debug: Reset the dark brem process (if it was activated)
[ RunManager ] 5010 debug: Reset the dark brem process (if it was activated)
[ RunManager ] 5011 debug: Reset the dark brem process (if it was activated)
[ RunManager ] 5012 debug: Reset the dark brem process (if it was activated)
[ RunManager ] 5013 debug: Reset the dark brem process (if it was activated)
[ RunManager ] 5014 debug: Reset the dark brem process (if it was activated)
[ RunManager ] 5015 debug: Reset the dark brem process (if it was activated)
[ RunManager ] 5016 debug: Reset the dark brem process (if it was activated)
[ RunManager ] 5017 debug: Reset the dark brem process (if it was activated)
[ RunManager ] 5018 debug: Reset the dark brem process (if it was activated)
[ RunManager ] 5019 debug: Reset the dark brem process (if it was activated)
[ RunManager ] 5020 debug: Reset the dark brem process (if it was activated)
[ RunManager ] 5021 debug: Reset the dark brem process (if it was activated)
[ RunManager ] 5022 debug: Reset the dark brem process (if it was activated)
[ RunManager ] 5023 debug: Reset the dark brem process (if it was activated)
[ RunManager ] 5024 debug: Reset the dark brem process (if it was activated)
[ RunManager ] 5025 debug: Reset the dark brem process (if it was activated)
[ RunManager ] 5026 debug: Reset the dark brem process (if it was activated)
[ RunManager ] 5027 debug: Reset the dark brem process (if it was activated)
[ RunManager ] 5028 debug: Reset the dark brem process (if it was activated)
[ RunManager ] 5029 debug: Reset the dark brem process (if it was activated)
[ RunManager ] 5030 debug: Reset the dark brem process (if it was activated)
[ RunManager ] 5031 debug: Reset the dark brem process (if it was activated)
[ RunManager ] 5032 debug: Reset the dark brem process (if it was activated)
[ RunManager ] 5033 debug: Reset the dark brem process (if it was activated)
[ RunManager ] 5034 debug: Reset the dark brem process (if it was activated)
[ RunManager ] 5035 debug: Reset the dark brem process (if it was activated)
[ RunManager ] 5036 debug: Reset the dark brem process (if it was activated)
[ RunManager ] 5037 debug: Reset the dark brem process (if it was activated)
[ RunManager ] 5038 debug: Reset the dark brem process (if it was activated)
[ RunManager ] 5039 debug: Reset the dark brem process (if it was activated)
[ RunManager ] 5040 debug: Reset the dark brem process (if it was activated)
[ RunManager ] 5041 debug: Reset the dark brem process (if it was activated)
[ RunManager ] 5042 debug: Reset the dark brem process (if it was activated)
[ RunManager ] 5043 debug: Reset the dark brem process (if it was activated)
[ RunManager ] 5044 debug: Reset the dark brem process (if it was activated)
[ RunManager ] 5045 debug: Reset the dark brem process (if it was activated)
[ RunManager ] 5046 debug: Reset the dark brem process (if it was activated)
[ RunManager ] 5047 debug: Reset the dark brem process (if it was activated)
[ RunManager ] 5048 debug: Reset the dark brem process (if it was activated)
[ RunManager ] 5049 debug: Reset the dark brem process (if it was activated)
[ RunManager ] 5050 debug: Reset the dark brem process (if it was activated)
[ RunManager ] 5051 debug: Reset the dark brem process (if it was activated)
[ RunManager ] 5052 debug: Reset the dark brem process (if it was activated)
[ RunManager ] 5053 debug: Reset the dark brem process (if it was activated)
[ RunManager ] 5054 debug: Reset the dark brem process (if it was activated)
[ RunManager ] 5055 debug: Reset the dark brem process (if it was activated)
[ RunManager ] 5056 debug: Reset the dark brem process (if it was activated)
[ RunManager ] 5057 debug: Reset the dark brem process (if it was activated)
[ RunManager ] 5058 debug: Reset the dark brem process (if it was activated)
[ RunManager ] 5059 debug: Reset the dark brem process (if it was activated)
[ RunManager ] 5060 debug: Reset the dark brem process (if it was activated)
[ RunManager ] 5061 debug: Reset the dark brem process (if it was activated)
[ RunManager ] 5062 debug: Reset the dark brem process (if it was activated)
[ RunManager ] 5063 debug: Reset the dark brem process (if it was activated)
[ RunManager ] 5064 debug: Reset the dark brem process (if it was activated)
[ RunManager ] 5065 debug: Reset the dark brem process (if it was activated)
[ RunManager ] 5066 debug: Reset the dark brem process (if it was activated)
[ RunManager ] 5067 debug: Reset the dark brem process (if it was activated)
[ RunManager ] 5068 debug: Reset the dark brem process (if it was activated)
[ RunManager ] 5069 debug: Reset the dark brem process (if it was activated)
[ RunManager ] 5070 debug: Reset the dark brem process (if it was activated)
[ RunManager ] 5071 debug: Reset the dark brem process (if it was activated)
[ RunManager ] 5072 debug: Reset the dark brem process (if it was activated)
[ RunManager ] 5073 debug: Reset the dark brem process (if it was activated)
[ RunManager ] 5074 debug: Reset the dark brem process (if it was activated)
[ RunManager ] 5075 debug: Reset the dark brem process (if it was activated)
[ RunManager ] 5076 debug: Reset the dark brem process (if it was activated)
[ RunManager ] 5077 debug: Reset the dark brem process (if it was activated)
[ RunManager ] 5078 debug: Reset the dark brem process (if it was activated)
[ RunManager ] 5079 debug: Reset the dark brem process (if it was activated)
[ RunManager ] 5080 debug: Reset the dark brem process (if it was activated)
[ RunManager ] 5081 debug: Reset the dark brem process (if it was activated)
[ RunManager ] 5082 debug: Reset the dark brem process (if it was activated)
[ RunManager ] 5083 debug: Reset the dark brem process (if it was activated)
[ RunManager ] 5084 debug: Reset the dark brem process (if it was activated)
[ RunManager ] 5085 debug: Reset the dark brem process (if it was activated)
[ RunManager ] 5086 debug: Reset the dark brem process (if it was activated)
[ RunManager ] 5087 debug: Reset the dark brem process (if it was activated)
[ RunManager ] 5088 debug: Reset the dark brem process (if it was activated)
[ RunManager ] 5089 debug: Reset the dark brem process (if it was activated)
[ RunManager ] 5090 debug: Reset the dark brem process (if it was activated)
[ RunManager ] 5091 debug: Reset the dark brem process (if it was activated)
[ RunManager ] 5092 debug: Reset the dark brem process (if it was activated)
[ RunManager ] 5093 debug: Reset the dark brem process (if it was activated)
[ RunManager ] 5094 debug: Reset the dark brem process (if it was activated)
[ RunManager ] 5095 debug: Reset the dark brem process (if it was activated)
[ RunManager ] 5096 debug: Reset the dark brem process (if it was activated)
[ RunManager ] 5097 debug: Reset the dark brem process (if it was activated)
[ RunManager ] 5098 debug: Reset the dark brem process (if it was activated)
[ RunManager ] 5099 debug: Reset the dark brem process (if it was activated)
[ RunManager ] 5100 debug: Reset the dark brem process (if it was activated)
[ RunManager ] 5101 debug: Reset the dark brem process (if it was activated)
[ RunManager ] 5102 debug: Reset the dark brem process (if it was activated)
[ RunManager ] 5103 debug: Reset the dark brem process (if it was activated)
[ RunManager ] 5104 debug: Reset the dark brem process (if it was activated)
[ RunManager ] 5105 debug: Reset the dark brem process (if it was activated)
[ RunManager ] 5106 debug: Reset the dark brem process (if it was activated)
[ RunManager ] 5107 debug: Reset the dark brem process (if it was activated)
[ RunManager ] 5108 debug: Reset the dark brem process (if it was activated)
[ RunManager ] 5109 debug: Reset the dark brem process (if it was activated)
[ RunManager ] 5110 debug: Reset the dark brem process (if it was activated)
[ RunManager ] 5111 debug: Reset the dark brem process (if it was activated)
[ RunManager ] 5112 debug: Reset the dark brem process (if it was activated)
[ RunManager ] 5113 debug: Reset the dark brem process (if it was activated)
[ RunManager ] 5114 debug: Reset the dark brem process (if it was activated)
[ RunManager ] 5115 debug: Reset the dark brem process (if it was activated)
[ RunManager ] 5116 debug: Reset the dark brem process (if it was activated)
[ RunManager ] 5117 debug: Reset the dark brem process (if it was activated)
[ RunManager ] 5118 debug: Reset the dark brem process (if it was activated)
[ RunManager ] 5119 debug: Reset the dark brem process (if it was activated)
[ RunManager ] 5120 debug: Reset the dark brem process (if it was activated)
[ RunManager ] 5121 debug: Reset the dark brem process (if it was activated)
[ RunManager ] 5122 debug: Reset the dark brem process (if it was activated)
[ RunManager ] 5123 debug: Reset the dark brem process (if it was activated)
[ RunManager ] 5124 debug: Reset the dark brem process (if it was activated)
[ RunManager ] 5125 debug: Reset the dark brem process (if it was activated)
[ RunManager ] 5126 debug: Reset the dark brem process (if it was activated)
[ RunManager ] 5127 debug: Reset the dark brem process (if it was activated)
[ RunManager ] 5128 debug: Reset the dark brem process (if it was activated)
[ RunManager ] 5129 debug: Reset the dark brem process (if it was activated)
[ RunManager ] 5130 debug: Reset the dark brem process (if it was activated)
[ RunManager ] 5131 debug: Reset the dark brem process (if it was activated)
[ RunManager ] 5132 debug: Reset the dark brem process (if it was activated)
[ RunManager ] 5133 debug: Reset the dark brem process (if it was activated)
[ RunManager ] 5134 debug: Reset the dark brem process (if it was activated)
[ RunManager ] 5135 debug: Reset the dark brem process (if it was activated)
[ RunManager ] 5136 debug: Reset the dark brem process (if it was activated)
[ RunManager ] 5137 debug: Reset the dark brem process (if it was activated)
[ RunManager ] 5138 debug: Reset the dark brem process (if it was activated)
[ RunManager ] 5139 debug: Reset the dark brem process (if it was activated)
[ RunManager ] 5140 debug: Reset the dark brem process (if it was activated)
[ RunManager ] 5141 debug: Reset the dark brem process (if it was activated)
[ RunManager ] 5142 debug: Reset the dark brem process (if it was activated)
[ RunManager ] 5143 debug: Reset the dark brem process (if it was activated)
[ RunManager ] 5144 debug: Reset the dark brem process (if it was activated)
[ RunManager ] 5145 debug: Reset the dark brem process (if it was activated)
[ RunManager ] 5146 debug: Reset the dark brem process (if it was activated)
[ RunManager ] 5147 debug: Reset the dark brem process (if it was activated)
[ RunManager ] 5148 debug: Reset the dark brem process (if it was activated)
[ RunManager ] 5149 debug: Reset the dark brem process (if it was activated)
[ RunManager ] 5150 debug: Reset the dark brem process (if it was activated)
[ RunManager ] 5151 debug: Reset the dark brem process (if it was activated)
[ RunManager ] 5152 debug: Reset the dark brem process (if it was activated)
[ RunManager ] 5153 debug: Reset the dark brem process (if it was activated)
[ RunManager ] 5154 debug: Reset the dark brem process (if it was activated)
[ RunManager ] 5155 debug: Reset the dark brem process (if it was activated)
[ RunManager ] 5156 debug: Reset the dark brem process (if it was activated)
[ RunManager ] 5157 debug: Reset the dark brem process (if it was activated)
[ RunManager ] 5158 debug: Reset the dark brem process (if it was activated)
[ RunManager ] 5159 debug: Reset the dark brem process (if it was activated)
[ RunManager ] 5160 debug: Reset the dark brem process (if it was activated)
[ RunManager ] 5161 debug: Reset the dark brem process (if it was activated)
[ RunManager ] 5162 debug: Reset the dark brem process (if it was activated)
[ RunManager ] 5163 debug: Reset the dark brem process (if it was activated)
[ RunManager ] 5164 debug: Reset the dark brem process (if it was activated)
[ RunManager ] 5165 debug: Reset the dark brem process (if it was activated)
[ RunManager ] 5166 debug: Reset the dark brem process (if it was activated)
[ RunManager ] 5167 debug: Reset the dark brem process (if it was activated)
[ RunManager ] 5168 debug: Reset the dark brem process (if it was activated)
[ RunManager ] 5169 debug: Reset the dark brem process (if it was activated)
[ RunManager ] 5170 debug: Reset the dark brem process (if it was activated)
[ RunManager ] 5171 debug: Reset the dark brem process (if it was activated)
[ RunManager ] 5172 debug: Reset the dark brem process (if it was activated)
[ RunManager ] 5173 debug: Reset the dark brem process (if it was activated)
[ RunManager ] 5174 debug: Reset the dark brem process (if it was activated)
[ RunManager ] 5175 debug: Reset the dark brem process (if it was activated)
[ RunManager ] 5176 debug: Reset the dark brem process (if it was activated)
[ RunManager ] 5177 debug: Reset the dark brem process (if it was activated)
[ RunManager ] 5178 debug: Reset the dark brem process (if it was activated)
[ RunManager ] 5179 debug: Reset the dark brem process (if it was activated)
[ RunManager ] 5180 debug: Reset the dark brem process (if it was activated)
[ RunManager ] 5181 debug: Reset the dark brem process (if it was activated)
[ RunManager ] 5182 debug: Reset the dark brem process (if it was activated)
[ RunManager ] 5183 debug: Reset the dark brem process (if it was activated)
[ RunManager ] 5184 debug: Reset the dark brem process (if it was activated)
[ RunManager ] 5185 debug: Reset the dark brem process (if it was activated)
[ RunManager ] 5186 debug: Reset the dark brem process (if it was activated)
[ RunManager ] 5187 debug: Reset the dark brem process (if it was activated)
[ RunManager ] 5188 debug: Reset the dark brem process (if it was activated)
[ RunManager ] 5189 debug: Reset the dark brem process (if it was activated)
[ RunManager ] 5190 debug: Reset the dark brem process (if it was activated)
[ RunManager ] 5191 debug: Reset the dark brem process (if it was activated)
[ RunManager ] 5192 debug: Reset the dark brem process (if it was activated)
[ RunManager ] 5193 debug: Reset the dark brem process (if it was activated)
[ RunManager ] 5194 debug: Reset the dark brem process (if it was activated)
[ RunManager ] 5195 debug: Reset the dark brem process (if it was activated)
[ RunManager ] 5196 debug: Reset the dark brem process (if it was activated)
[ RunManager ] 5197 debug: Reset the dark brem process (if it was activated)
[ RunManager ] 5198 debug: Reset the dark brem process (if it was activated)
[ RunManager ] 5199 debug: Reset the dark brem process (if it was activated)
[ RunManager ] 5200 debug: Reset the dark brem process (if it was activated)
[ RunManager ] 5201 debug: Reset the dark brem process (if it was activated)
[ RunManager ] 5202 debug: Reset the dark brem process (if it was activated)
[ RunManager ] 5203 debug: Reset the dark brem process (if it was activated)
[ RunManager ] 5204 debug: Reset the dark brem process (if it was activated)
[ RunManager ] 5205 debug: Reset the dark brem process (if it was activated)
[ RunManager ] 5206 debug: Reset the dark brem process (if it was activated)
[ RunManager ] 5207 debug: Reset the dark brem process (if it was activated)
[ RunManager ] 5208 debug: Reset the dark brem process (if it was activated)
[ RunManager ] 5209 debug: Reset the dark brem process (if it was activated)
[ RunManager ] 5210 debug: Reset the dark brem process (if it was activated)
[ RunManager ] 5211 debug: Reset the dark brem process (if it was activated)
[ RunManager ] 5212 debug: Reset the dark brem process (if it was activated)
[ RunManager ] 5213 debug: Reset the dark brem process (if it was activated)
[ RunManager ] 5214 debug: Reset the dark brem process (if it was activated)
[ RunManager ] 5215 debug: Reset the dark brem process (if it was activated)
[ RunManager ] 5216 debug: Reset the dark brem process (if it was activated)
[ RunManager ] 5217 debug: Reset the dark brem process (if it was activated)
[ RunManager ] 5218 debug: Reset the dark brem process (if it was activated)
[ RunManager ] 5219 debug: Reset the dark brem process (if it was activated)
[ RunManager ] 5220 debug: Reset the dark brem process (if it was activated)
[ RunManager ] 5221 debug: Reset the dark brem process (if it was activated)
[ RunManager ] 5222 debug: Reset the dark brem process (if it was activated)
[ RunManager ] 5223 debug: Reset the dark brem process (if it was activated)
[ RunManager ] 5224 debug: Reset the dark brem process (if it was activated)
[ RunManager ] 5225 debug: Reset the dark brem process (if it was activated)
[ RunManager ] 5226 debug: Reset the dark brem process (if it was activated)
[ RunManager ] 5227 debug: Reset the dark brem process (if it was activated)
[ RunManager ] 5228 debug: Reset the dark brem process (if it was activated)
[ RunManager ] 5229 debug: Reset the dark brem process (if it was activated)
[ RunManager ] 5230 debug: Reset the dark brem process (if it was activated)
[ RunManager ] 5231 debug: Reset the dark brem process (if it was activated)
[ RunManager ] 5232 debug: Reset the dark brem process (if it was activated)
[ RunManager ] 5233 debug: Reset the dark brem process (if it was activated)
[ RunManager ] 5234 debug: Reset the dark brem process (if it was activated)
[ RunManager ] 5235 debug: Reset the dark brem process (if it was activated)
[ RunManager ] 5236 debug: Reset the dark brem process (if it was activated)
[ RunManager ] 5237 debug: Reset the dark brem process (if it was activated)
[ RunManager ] 5238 debug: Reset the dark brem process (if it was activated)
[ RunManager ] 5239 debug: Reset the dark brem process (if it was activated)
[ RunManager ] 5240 debug: Reset the dark brem process (if it was activated)
[ RunManager ] 5241 debug: Reset the dark brem process (if it was activated)
[ RunManager ] 5242 debug: Reset the dark brem process (if it was activated)
[ RunManager ] 5243 debug: Reset the dark brem process (if it was activated)
[ RunManager ] 5244 debug: Reset the dark brem process (if it was activated)
[ RunManager ] 5245 debug: Reset the dark brem process (if it was activated)
[ RunManager ] 5246 debug: Reset the dark brem process (if it was activated)
[ RunManager ] 5247 debug: Reset the dark brem process (if it was activated)
[ RunManager ] 5248 debug: Reset the dark brem process (if it was activated)
[ RunManager ] 5249 debug: Reset the dark brem process (if it was activated)
[ RunManager ] 5250 debug: Reset the dark brem process (if it was activated)
[ RunManager ] 5251 debug: Reset the dark brem process (if it was activated)
[ RunManager ] 5252 debug: Reset the dark brem process (if it was activated)
[ RunManager ] 5253 debug: Reset the dark brem process (if it was activated)
[ RunManager ] 5254 debug: Reset the dark brem process (if it was activated)
[ RunManager ] 5255 debug: Reset the dark brem process (if it was activated)
[ RunManager ] 5256 debug: Reset the dark brem process (if it was activated)
[ RunManager ] 5257 debug: Reset the dark brem process (if it was activated)
[ RunManager ] 5258 debug: Reset the dark brem process (if it was activated)
[ RunManager ] 5259 debug: Reset the dark brem process (if it was activated)
[ RunManager ] 5260 debug: Reset the dark brem process (if it was activated)
[ RunManager ] 5261 debug: Reset the dark brem process (if it was activated)
[ RunManager ] 5262 debug: Reset the dark brem process (if it was activated)
[ RunManager ] 5263 debug: Reset the dark brem process (if it was activated)
[ RunManager ] 5264 debug: Reset the dark brem process (if it was activated)
[ RunManager ] 5265 debug: Reset the dark brem process (if it was activated)
[ RunManager ] 5266 debug: Reset the dark brem process (if it was activated)
[ RunManager ] 5267 debug: Reset the dark brem process (if it was activated)
[ RunManager ] 5268 debug: Reset the dark brem process (if it was activated)
[ RunManager ] 5269 debug: Reset the dark brem process (if it was activated)
[ RunManager ] 5270 debug: Reset the dark brem process (if it was activated)
[ RunManager ] 5271 debug: Reset the dark brem process (if it was activated)
[ RunManager ] 5272 debug: Reset the dark brem process (if it was activated)
[ RunManager ] 5273 debug: Reset the dark brem process (if it was activated)
[ RunManager ] 5274 debug: Reset the dark brem process (if it was activated)
[ RunManager ] 5275 debug: Reset the dark brem process (if it was activated)
[ RunManager ] 5276 debug: Reset the dark brem process (if it was activated)
[ RunManager ] 5277 debug: Reset the dark brem process (if it was activated)
[ RunManager ] 5278 debug: Reset the dark brem process (if it was activated)
[ RunManager ] 5279 debug: Reset the dark brem process (if it was activated)
[ RunManager ] 5280 debug: Reset the dark brem process (if it was activated)
[ RunManager ] 5281 debug: Reset the dark brem process (if it was activated)
[ RunManager ] 5282 debug: Reset the dark brem process (if it was activated)
[ RunManager ] 5283 debug: Reset the dark brem process (if it was activated)
[ RunManager ] 5284 debug: Reset the dark brem process (if it was activated)
[ RunManager ] 5285 debug: Reset the dark brem process (if it was activated)
[ RunManager ] 5286 debug: Reset the dark brem process (if it was activated)
[ RunManager ] 5287 debug: Reset the dark brem process (if it was activated)
[ RunManager ] 5288 debug: Reset the dark brem process (if it was activated)
[ RunManager ] 5289 debug: Reset the dark brem process (if it was activated)
[ RunManager ] 5290 debug: Reset the dark brem process (if it was activated)
[ RunManager ] 5291 debug: Reset the dark brem process (if it was activated)
[ RunManager ] 5292 debug: Reset the dark brem process (if it was activated)
[ RunManager ] 5293 debug: Reset the dark brem process (if it was activated)
[ RunManager ] 5294 debug: Reset the dark brem process (if it was activated)
[ RunManager ] 5295 debug: Reset the dark brem process (if it was activated)
[ RunManager ] 5296 debug: Reset the dark brem process (if it was activated)
[ RunManager ] 5297 debug: Reset the dark brem process (if it was activated)
[ RunManager ] 5298 debug: Reset the dark brem process (if it was activated)
[ RunManager ] 5299 debug: Reset the dark brem process (if it was activated)
[ RunManager ] 5300 debug: Reset the dark brem process (if it was activated)
[ RunManager ] 5301 debug: Reset the dark brem process (if it was activated)
[ RunManager ] 5302 debug: Reset the dark brem process (if it was activated)
[ RunManager ] 5303 debug: Reset the dark brem process (if it was activated)
[ RunManager ] 5304 debug: Reset the dark brem process (if it was activated)
[ RunManager ] 5305 debug: Reset the dark brem process (if it was activated)
[ RunManager ] 5306 debug: Reset the dark brem process (if it was activated)
[ RunManager ] 5307 debug: Reset the dark brem process (if it was activated)
[ RunManager ] 5308 debug: Reset the dark brem process (if it was activated)
[ RunManager ] 5309 debug: Reset the dark brem process (if it was activated)
[ RunManager ] 5310 debug: Reset the dark brem process (if it was activated)
[ RunManager ] 5311 debug: Reset the dark brem process (if it was activated)
[ RunManager ] 5312 debug: Reset the dark brem process (if it was activated)
[ RunManager ] 5313 debug: Reset the dark brem process (if it was activated)
[ RunManager ] 5314 debug: Reset the dark brem process (if it was activated)
[ RunManager ] 5315 debug: Reset the dark brem process (if it was activated)
[ RunManager ] 5316 debug: Reset the dark brem process (if it was activated)
[ RunManager ] 5317 debug: Reset the dark brem process (if it was activated)
[ RunManager ] 5318 debug: Reset the dark brem process (if it was activated)
[ RunManager ] 5319 debug: Reset the dark brem process (if it was activated)
[ RunManager ] 5320 debug: Reset the dark brem process (if it was activated)
[ RunManager ] 5321 debug: Reset the dark brem process (if it was activated)
[ RunManager ] 5322 debug: Reset the dark brem process (if it was activated)
[ RunManager ] 5323 debug: Reset the dark brem process (if it was activated)
[ RunManager ] 5324 debug: Reset the dark brem process (if it was activated)
[ RunManager ] 5325 debug: Reset the dark brem process (if it was activated)
[ RunManager ] 5326 debug: Reset the dark brem process (if it was activated)
[ RunManager ] 5327 debug: Reset the dark brem process (if it was activated)
[ RunManager ] 5328 debug: Reset the dark brem process (if it was activated)
[ RunManager ] 5329 debug: Reset the dark brem process (if it was activated)
[ RunManager ] 5330 debug: Reset the dark brem process (if it was activated)
[ RunManager ] 5331 debug: Reset the dark brem process (if it was activated)
[ RunManager ] 5332 debug: Reset the dark brem process (if it was activated)
[ RunManager ] 5333 debug: Reset the dark brem process (if it was activated)
[ RunManager ] 5334 debug: Reset the dark brem process (if it was activated)
[ RunManager ] 5335 debug: Reset the dark brem process (if it was activated)
[ RunManager ] 5336 debug: Reset the dark brem process (if it was activated)
[ RunManager ] 5337 debug: Reset the dark brem process (if it was activated)
[ RunManager ] 5338 debug: Reset the dark brem process (if it was activated)
[ RunManager ] 5339 debug: Reset the dark brem process (if it was activated)
[ RunManager ] 5340 debug: Reset the dark brem process (if it was activated)
[ RunManager ] 5341 debug: Reset the dark brem process (if it was activated)
[ RunManager ] 5342 debug: Reset the dark brem process (if it was activated)
[ RunManager ] 5343 debug: Reset the dark brem process (if it was activated)
[ RunManager ] 5344 debug: Reset the dark brem process (if it was activated)
[ RunManager ] 5345 debug: Reset the dark brem process (if it was activated)
[ RunManager ] 5346 debug: Reset the dark brem process (if it was activated)
[ RunManager ] 5347 debug: Reset the dark brem process (if it was activated)
[ RunManager ] 5348 debug: Reset the dark brem process (if it was activated)
[ RunManager ] 5349 debug: Reset the dark brem process (if it was activated)
[ RunManager ] 5350 debug: Reset the dark brem process (if it was activated)
[ RunManager ] 5351 debug: Reset the dark brem process (if it was activated)
[ RunManager ] 5352 debug: Reset the dark brem process (if it was activated)
[ RunManager ] 5353 debug: Reset the dark brem process (if it was activated)
[ RunManager ] 5354 debug: Reset the dark brem process (if it was activated)
[ RunManager ] 5355 debug: Reset the dark brem process (if it was activated)
[ RunManager ] 5356 debug: Reset the dark brem process (if it was activated)
[ RunManager ] 5357 debug: Reset the dark brem process (if it was activated)
[ RunManager ] 5358 debug: Reset the dark brem process (if it was activated)
[ RunManager ] 5359 debug: Reset the dark brem process (if it was activated)
[ RunManager ] 5360 debug: Reset the dark brem process (if it was activated)
[ RunManager ] 5361 debug: Reset the dark brem process (if it was activated)
[ RunManager ] 5362 debug: Reset the dark brem process (if it was activated)
[ RunManager ] 5363 debug: Reset the dark brem process (if it was activated)
[ RunManager ] 5364 debug: Reset the dark brem process (if it was activated)
[ RunManager ] 5365 debug: Reset the dark brem process (if it was activated)
[ RunManager ] 5366 debug: Reset the dark brem process (if it was activated)
[ RunManager ] 5367 debug: Reset the dark brem process (if it was activated)
[ RunManager ] 5368 debug: Reset the dark brem process (if it was activated)
[ RunManager ] 5369 debug: Reset the dark brem process (if it was activated)
[ RunManager ] 5370 debug: Reset the dark brem process (if it was activated)
[ RunManager ] 5371 debug: Reset the dark brem process (if it was activated)
[ RunManager ] 5372 debug: Reset the dark brem process (if it was activated)
[ RunManager ] 5373 debug: Reset the dark brem process (if it was activated)
[ RunManager ] 5374 debug: Reset the dark brem process (if it was activated)
[ RunManager ] 5375 debug: Reset the dark brem process (if it was activated)
[ RunManager ] 5376 debug: Reset the dark brem process (if it was activated)
[ RunManager ] 5377 debug: Reset the dark brem process (if it was activated)
[ RunManager ] 5378 debug: Reset the dark brem process (if it was activated)
[ RunManager ] 5379 debug: Reset the dark brem process (if it was activated)
[ RunManager ] 5380 debug: Reset the dark brem process (if it was activated)
[ RunManager ] 5381 debug: Reset the dark brem process (if it was activated)
[ RunManager ] 5382 debug: Reset the dark brem process (if it was activated)
[ RunManager ] 5383 debug: Reset the dark brem process (if it was activated)
[ RunManager ] 5384 debug: Reset the dark brem process (if it was activated)
[ RunManager ] 5385 debug: Reset the dark brem process (if it was activated)
[ RunManager ] 5386 debug: Reset the dark brem process (if it was activated)
[ RunManager ] 5387 debug: Reset the dark brem process (if it was activated)
[ RunManager ] 5388 debug: Reset the dark brem process (if it was activated)
[ RunManager ] 5389 debug: Reset the dark brem process (if it was activated)
[ RunManager ] 5390 debug: Reset the dark brem process (if it was activated)
[ RunManager ] 5391 debug: Reset the dark brem process (if it was activated)
[ RunManager ] 5392 debug: Reset the dark brem process (if it was activated)
[ RunManager ] 5393 debug: Reset the dark brem process (if it was activated)
[ RunManager ] 5394 debug: Reset the dark brem process (if it was activated)
[ RunManager ] 5395 debug: Reset the dark brem process (if it was activated)
[ RunManager ] 5396 debug: Reset the dark brem process (if it was activated)
[ RunManager ] 5397 debug: Reset the dark brem process (if it was activated)
[ RunManager ] 5398 debug: Reset the dark brem process (if it was activated)
[ RunManager ] 5399 debug: Reset the dark brem process (if it was activated)
[ RunManager ] 5400 debug: Reset the dark brem process (if it was activated)
[ RunManager ] 5401 debug: Reset the dark brem process (if it was activated)
[ RunManager ] 5402 debug: Reset the dark brem process (if it was activated)
[ RunManager ] 5403 debug: Reset the dark brem process (if it was activated)
[ RunManager ] 5404 debug: Reset the dark brem process (if it was activated)
[ RunManager ] 5405 debug: Reset the dark brem process (if it was activated)
[ RunManager ] 5406 debug: Reset the dark brem process (if it was activated)
[ RunManager ] 5407 debug: Reset the dark brem process (if it was activated)
[ RunManager ] 5408 debug: Reset the dark brem process (if it was activated)
[ RunManager ] 5409 debug: Reset the dark brem process (if it was activated)
[ RunManager ] 5410 debug: Reset the dark brem process (if it was activated)
[ RunManager ] 5411 debug: Reset the dark brem process (if it was activated)
[ RunManager ] 5412 debug: Reset the dark brem process (if it was activated)
[ RunManager ] 5413 debug: Reset the dark brem process (if it was activated)
[ RunManager ] 5414 debug: Reset the dark brem process (if it was activated)
[ RunManager ] 5415 debug: Reset the dark brem process (if it was activated)
[ RunManager ] 5416 debug: Reset the dark brem process (if it was activated)
[ RunManager ] 5417 debug: Reset the dark brem process (if it was activated)
[ RunManager ] 5418 debug: Reset the dark brem process (if it was activated)
[ RunManager ] 5419 debug: Reset the dark brem process (if it was activated)
[ RunManager ] 5420 debug: Reset the dark brem process (if it was activated)
[ RunManager ] 5421 debug: Reset the dark brem process (if it was activated)
[ RunManager ] 5422 debug: Reset the dark brem process (if it was activated)
[ RunManager ] 5423 debug: Reset the dark brem process (if it was activated)
[ RunManager ] 5424 debug: Reset the dark brem process (if it was activated)
[ RunManager ] 5425 debug: Reset the dark brem process (if it was activated)
[ RunManager ] 5426 debug: Reset the dark brem process (if it was activated)
[ RunManager ] 5427 debug: Reset the dark brem process (if it was activated)
[ RunManager ] 5428 debug: Reset the dark brem process (if it was activated)
[ RunManager ] 5429 debug: Reset the dark brem process (if it was activated)
[ RunManager ] 5430 debug: Reset the dark brem process (if it was activated)
[ RunManager ] 5431 debug: Reset the dark brem process (if it was activated)
[ RunManager ] 5432 debug: Reset the dark brem process (if it was activated)
[ RunManager ] 5433 debug: Reset the dark brem process (if it was activated)
[ RunManager ] 5434 debug: Reset the dark brem process (if it was activated)
[ RunManager ] 5435 debug: Reset the dark brem process (if it was activated)
[ RunManager ] 5436 debug: Reset the dark brem process (if it was activated)
[ RunManager ] 5437 debug: Reset the dark brem process (if it was activated)
[ RunManager ] 5438 debug: Reset the dark brem process (if it was activated)
[ RunManager ] 5439 debug: Reset the dark brem process (if it was activated)
[ RunManager ] 5440 debug: Reset the dark brem process (if it was activated)
[ RunManager ] 5441 debug: Reset the dark brem process (if it was activated)
[ RunManager ] 5442 debug: Reset the dark brem process (if it was activated)
[ RunManager ] 5443 debug: Reset the dark brem process (if it was activated)
[ RunManager ] 5444 debug: Reset the dark brem process (if it was activated)
[ RunManager ] 5445 debug: Reset the dark brem process (if it was activated)
[ RunManager ] 5446 debug: Reset the dark brem process (if it was activated)
[ RunManager ] 5447 debug: Reset the dark brem process (if it was activated)
[ RunManager ] 5448 debug: Reset the dark brem process (if it was activated)
[ RunManager ] 5449 debug: Reset the dark brem process (if it was activated)
[ RunManager ] 5450 debug: Reset the dark brem process (if it was activated)
[ RunManager ] 5451 debug: Reset the dark brem process (if it was activated)
[ RunManager ] 5452 debug: Reset the dark brem process (if it was activated)
[ RunManager ] 5453 debug: Reset the dark brem process (if it was activated)
[ RunManager ] 5454 debug: Reset the dark brem process (if it was activated)
[ RunManager ] 5455 debug: Reset the dark brem process (if it was activated)
[ RunManager ] 5456 debug: Reset the dark brem process (if it was activated)
[ RunManager ] 5457 debug: Reset the dark brem process (if it was activated)
[ RunManager ] 5458 debug: Reset the dark brem process (if it was activated)
[ RunManager ] 5459 debug: Reset the dark brem process (if it was activated)
[ RunManager ] 5460 debug: Reset the dark brem process (if it was activated)
[ RunManager ] 5461 debug: Reset the dark brem process (if it was activated)
[ RunManager ] 5462 debug: Reset the dark brem process (if it was activated)
[ RunManager ] 5463 debug: Reset the dark brem process (if it was activated)
[ RunManager ] 5464 debug: Reset the dark brem process (if it was activated)
[ RunManager ] 5465 debug: Reset the dark brem process (if it was activated)
[ RunManager ] 5466 debug: Reset the dark brem process (if it was activated)
[ RunManager ] 5467 debug: Reset the dark brem process (if it was activated)
[ RunManager ] 5468 debug: Reset the dark brem process (if it was activated)
[ RunManager ] 5469 debug: Reset the dark brem process (if it was activated)
[ RunManager ] 5470 debug: Reset the dark brem process (if it was activated)
[ RunManager ] 5471 debug: Reset the dark brem process (if it was activated)
[ RunManager ] 5472 debug: Reset the dark brem process (if it was activated)
[ RunManager ] 5473 debug: Reset the dark brem process (if it was activated)
[ RunManager ] 5474 debug: Reset the dark brem process (if it was activated)
[ RunManager ] 5475 debug: Reset the dark brem process (if it was activated)
[ RunManager ] 5476 debug: Reset the dark brem process (if it was activated)
[ RunManager ] 5477 debug: Reset the dark brem process (if it was activated)
[ RunManager ] 5478 debug: Reset the dark brem process (if it was activated)
[ RunManager ] 5479 debug: Reset the dark brem process (if it was activated)
[ RunManager ] 5480 debug: Reset the dark brem process (if it was activated)
[ RunManager ] 5481 debug: Reset the dark brem process (if it was activated)
[ RunManager ] 5482 debug: Reset the dark brem process (if it was activated)
[ RunManager ] 5483 debug: Reset the dark brem process (if it was activated)
[ RunManager ] 5484 debug: Reset the dark brem process (if it was activated)
[ RunManager ] 5485 debug: Reset the dark brem process (if it was activated)
[ RunManager ] 5486 debug: Reset the dark brem process (if it was activated)
[ RunManager ] 5487 debug: Reset the dark brem process (if it was activated)
[ RunManager ] 5488 debug: Reset the dark brem process (if it was activated)
[ RunManager ] 5489 debug: Reset the dark brem process (if it was activated)
[ RunManager ] 5490 debug: Reset the dark brem process (if it was activated)
[ RunManager ] 5491 debug: Reset the dark brem process (if it was activated)
[ RunManager ] 5492 debug: Reset the dark brem process (if it was activated)
[ RunManager ] 5493 debug: Reset the dark brem process (if it was activated)
[ RunManager ] 5494 debug: Reset the dark brem process (if it was activated)
[ RunManager ] 5495 debug: Reset the dark brem process (if it was activated)
[ RunManager ] 5496 debug: Reset the dark brem process (if it was activated)
[ RunManager ] 5497 debug: Reset the dark brem process (if it was activated)
[ RunManager ] 5498 debug: Reset the dark brem process (if it was activated)
[ RunManager ] 5499 debug: Reset the dark brem process (if it was activated)
[ RunManager ] 5500 debug: Reset the dark brem process (if it was activated)
[ RunManager ] 5501 debug: Reset the dark brem process (if it was activated)
[ RunManager ] 5502 debug: Reset the dark brem process (if it was activated)
[ RunManager ] 5503 debug: Reset the dark brem process (if it was activated)
[ RunManager ] 5504 debug: Reset the dark brem process (if it was activated)
[ RunManager ] 5505 debug: Reset the dark brem process (if it was activated)
[ RunManager ] 5506 debug: Reset the dark brem process (if it was activated)
[ RunManager ] 5507 debug: Reset the dark brem process (if it was activated)
[ RunManager ] 5508 debug: Reset the dark brem process (if it was activated)
[ RunManager ] 5509 debug: Reset the dark brem process (if it was activated)
[ RunManager ] 5510 debug: Reset the dark brem process (if it was activated)
[ RunManager ] 5511 debug: Reset the dark brem process (if it was activated)
[ RunManager ] 5512 debug: Reset the dark brem process (if it was activated)
[ RunManager ] 5513 debug: Reset the dark brem process (if it was activated)
[ RunManager ] 5514 debug: Reset the dark brem process (if it was activated)
[ RunManager ] 5515 debug: Reset the dark brem process (if it was activated)
[ RunManager ] 5516 debug: Reset the dark brem process (if it was activated)
[ RunManager ] 5517 debug: Reset the dark brem process (if it was activated)
[ RunManager ] 5518 debug: Reset the dark brem process (if it was activated)
[ RunManager ] 5519 debug: Reset the dark brem process (if it was activated)
[ RunManager ] 5520 debug: Reset the dark brem process (if it was activated)
[ RunManager ] 5521 debug: Reset the dark brem process (if it was activated)
[ RunManager ] 5522 debug: Reset the dark brem process (if it was activated)
[ RunManager ] 5523 debug: Reset the dark brem process (if it was activated)
[ RunManager ] 5524 debug: Reset the dark brem process (if it was activated)
[ RunManager ] 5525 debug: Reset the dark brem process (if it was activated)
[ RunManager ] 5526 debug: Reset the dark brem process (if it was activated)
[ RunManager ] 5527 debug: Reset the dark brem process (if it was activated)
[ RunManager ] 5528 debug: Reset the dark brem process (if it was activated)
[ RunManager ] 5529 debug: Reset the dark brem process (if it was activated)
[ RunManager ] 5530 debug: Reset the dark brem process (if it was activated)
[ RunManager ] 5531 debug: Reset the dark brem process (if it was activated)
[ RunManager ] 5532 debug: Reset the dark brem process (if it was activated)
[ RunManager ] 5533 debug: Reset the dark brem process (if it was activated)
[ RunManager ] 5534 debug: Reset the dark brem process (if it was activated)
[ RunManager ] 5535 debug: Reset the dark brem process (if it was activated)
[ RunManager ] 5536 debug: Reset the dark brem process (if it was activated)
[ RunManager ] 5537 debug: Reset the dark brem process (if it was activated)
[ RunManager ] 5538 debug: Reset the dark brem process (if it was activated)
[ RunManager ] 5539 debug: Reset the dark brem process (if it was activated)
[ RunManager ] 5540 debug: Reset the dark brem process (if it was activated)
[ RunManager ] 5541 debug: Reset the dark brem process (if it was activated)
[ RunManager ] 5542 debug: Reset the dark brem process (if it was activated)
[ RunManager ] 5543 debug: Reset the dark brem process (if it was activated)
[ RunManager ] 5544 debug: Reset the dark brem process (if it was activated)
[ RunManager ] 5545 debug: Reset the dark brem process (if it was activated)
[ RunManager ] 5546 debug: Reset the dark brem process (if it was activated)
[ RunManager ] 5547 debug: Reset the dark brem process (if it was activated)
[ RunManager ] 5548 debug: Reset the dark brem process (if it was activated)
[ RunManager ] 5549 debug: Reset the dark brem process (if it was activated)
[ RunManager ] 5550 debug: Reset the dark brem process (if it was activated)
[ RunManager ] 5551 debug: Reset the dark brem process (if it was activated)
[ RunManager ] 5552 debug: Reset the dark brem process (if it was activated)
[ RunManager ] 5553 debug: Reset the dark brem process (if it was activated)
[ RunManager ] 5554 debug: Reset the dark brem process (if it was activated)
[ RunManager ] 5555 debug: Reset the dark brem process (if it was activated)
[ RunManager ] 5556 debug: Reset the dark brem process (if it was activated)
[ RunManager ] 5557 debug: Reset the dark brem process (if it was activated)
[ RunManager ] 5558 debug: Reset the dark brem process (if it was activated)
[ RunManager ] 5559 debug: Reset the dark brem process (if it was activated)
[ RunManager ] 5560 debug: Reset the dark brem process (if it was activated)
[ RunManager ] 5561 debug: Reset the dark brem process (if it was activated)
[ RunManager ] 5562 debug: Reset the dark brem process (if it was activated)
[ RunManager ] 5563 debug: Reset the dark brem process (if it was activated)
[ RunManager ] 5564 debug: Reset the dark brem process (if it was activated)
[ RunManager ] 5565 debug: Reset the dark brem process (if it was activated)
[ RunManager ] 5566 debug: Reset the dark brem process (if it was activated)
[ RunManager ] 5567 debug: Reset the dark brem process (if it was activated)
[ RunManager ] 5568 debug: Reset the dark brem process (if it was activated)
[ RunManager ] 5569 debug: Reset the dark brem process (if it was activated)
[ RunManager ] 5570 debug: Reset the dark brem process (if it was activated)
[ RunManager ] 5571 debug: Reset the dark brem process (if it was activated)
[ RunManager ] 5572 debug: Reset the dark brem process (if it was activated)
[ RunManager ] 5573 debug: Reset the dark brem process (if it was activated)
[ RunManager ] 5574 debug: Reset the dark brem process (if it was activated)
[ RunManager ] 5575 debug: Reset the dark brem process (if it was activated)
[ RunManager ] 5576 debug: Reset the dark brem process (if it was activated)
[ RunManager ] 5577 debug: Reset the dark brem process (if it was activated)
[ RunManager ] 5578 debug: Reset the dark brem process (if it was activated)
[ RunManager ] 5579 debug: Reset the dark brem process (if it was activated)
[ RunManager ] 5580 debug: Reset the dark brem process (if it was activated)
[ RunManager ] 5581 debug: Reset the dark brem process (if it was activated)
[ RunManager ] 5582 debug: Reset the dark brem process (if it was activated)
[ RunManager ] 5583 debug: Reset the dark brem process (if it was activated)
[ RunManager ] 5584 debug: Reset the dark brem process (if it was activated)
[ RunManager ] 5585 debug: Reset the dark brem process (if it was activated)
[ RunManager ] 5586 debug: Reset the dark brem process (if it was activated)
[ RunManager ] 5587 debug: Reset the dark brem process (if it was activated)
[ RunManager ] 5588 debug: Reset the dark brem process (if it was activated)
[ RunManager ] 5589 debug: Reset the dark brem process (if it was activated)
[ RunManager ] 5590 debug: Reset the dark brem process (if it was activated)
[ RunManager ] 5591 debug: Reset the dark brem process (if it was activated)
[ RunManager ] 5592 debug: Reset the dark brem process (if it was activated)
[ RunManager ] 5593 debug: Reset the dark brem process (if it was activated)
[ RunManager ] 5594 debug: Reset the dark brem process (if it was activated)
[ RunManager ] 5595 debug: Reset the dark brem process (if it was activated)
[ RunManager ] 5596 debug: Reset the dark brem process (if it was activated)
[ RunManager ] 5597 debug: Reset the dark brem process (if it was activated)
[ RunManager ] 5598 debug: Reset the dark brem process (if it was activated)
[ RunManager ] 5599 debug: Reset the dark brem process (if it was activated)
[ RunManager ] 5600 debug: Reset the dark brem process (if it was activated)
[ RunManager ] 5601 debug: Reset the dark brem process (if it was activated)
[ RunManager ] 5602 debug: Reset the dark brem process (if it was activated)
[ RunManager ] 5603 debug: Reset the dark brem process (if it was activated)
[ RunManager ] 5604 debug: Reset the dark brem process (if it was activated)
[ RunManager ] 5605 debug: Reset the dark brem process (if it was activated)
[ RunManager ] 5606 debug: Reset the dark brem process (if it was activated)
[ RunManager ] 5607 debug: Reset the dark brem process (if it was activated)
[ RunManager ] 5608 debug: Reset the dark brem process (if it was activated)
[ RunManager ] 5609 debug: Reset the dark brem process (if it was activated)
[ RunManager ] 5610 debug: Reset the dark brem process (if it was activated)
[ RunManager ] 5611 debug: Reset the dark brem process (if it was activated)
[ RunManager ] 5612 debug: Reset the dark brem process (if it was activated)
[ RunManager ] 5613 debug: Reset the dark brem process (if it was activated)
[ RunManager ] 5614 debug: Reset the dark brem process (if it was activated)
[ RunManager ] 5615 debug: Reset the dark brem process (if it was activated)
[ RunManager ] 5616 debug: Reset the dark brem process (if it was activated)
[ RunManager ] 5617 debug: Reset the dark brem process (if it was activated)
[ RunManager ] 5618 debug: Reset the dark brem process (if it was activated)
[ RunManager ] 5619 debug: Reset the dark brem process (if it was activated)
[ RunManager ] 5620 debug: Reset the dark brem process (if it was activated)
[ RunManager ] 5621 debug: Reset the dark brem process (if it was activated)
[ RunManager ] 5622 debug: Reset the dark brem process (if it was activated)
[ RunManager ] 5623 debug: Reset the dark brem process (if it was activated)
[ RunManager ] 5624 debug: Reset the dark brem process (if it was activated)
[ RunManager ] 5625 debug: Reset the dark brem process (if it was activated)
[ RunManager ] 5626 debug: Reset the dark brem process (if it was activated)
[ RunManager ] 5627 debug: Reset the dark brem process (if it was activated)
[ RunManager ] 5628 debug: Reset the dark brem process (if it was activated)
[ RunManager ] 5629 debug: Reset the dark brem process (if it was activated)
[ RunManager ] 5630 debug: Reset the dark brem process (if it was activated)
[ RunManager ] 5631 debug: Reset the dark brem process (if it was activated)
[ RunManager ] 5632 debug: Reset the dark brem process (if it was activated)
[ RunManager ] 5633 debug: Reset the dark brem process (if it was activated)
[ RunManager ] 5634 debug: Reset the dark brem process (if it was activated)
[ RunManager ] 5635 debug: Reset the dark brem process (if it was activated)
[ RunManager ] 5636 debug: Reset the dark brem process (if it was activated)
[ RunManager ] 5637 debug: Reset the dark brem process (if it was activated)
[ RunManager ] 5638 debug: Reset the dark brem process (if it was activated)
[ RunManager ] 5639 debug: Reset the dark brem process (if it was activated)
[ RunManager ] 5640 debug: Reset the dark brem process (if it was activated)
[ RunManager ] 5641 debug: Reset the dark brem process (if it was activated)
[ RunManager ] 5642 debug: Reset the dark brem process (if it was activated)
[ RunManager ] 5643 debug: Reset the dark brem process (if it was activated)
[ RunManager ] 5644 debug: Reset the dark brem process (if it was activated)
[ RunManager ] 5645 debug: Reset the dark brem process (if it was activated)
[ RunManager ] 5646 debug: Reset the dark brem process (if it was activated)
[ RunManager ] 5647 debug: Reset the dark brem process (if it was activated)
[ RunManager ] 5648 debug: Reset the dark brem process (if it was activated)
[ RunManager ] 5649 debug: Reset the dark brem process (if it was activated)
[ RunManager ] 5650 debug: Reset the dark brem process (if it was activated)
[ RunManager ] 5651 debug: Reset the dark brem process (if it was activated)
[ RunManager ] 5652 debug: Reset the dark brem process (if it was activated)
[ RunManager ] 5653 debug: Reset the dark brem process (if it was activated)
[ RunManager ] 5654 debug: Reset the dark brem process (if it was activated)
[ RunManager ] 5655 debug: Reset the dark brem process (if it was activated)
[ RunManager ] 5656 debug: Reset the dark brem process (if it was activated)
[ RunManager ] 5657 debug: Reset the dark brem process (if it was activated)
[ RunManager ] 5658 debug: Reset the dark brem process (if it was activated)
[ RunManager ] 5659 debug: Reset the dark brem process (if it was activated)
[ RunManager ] 5660 debug: Reset the dark brem process (if it was activated)
[ RunManager ] 5661 debug: Reset the dark brem process (if it was activated)
[ RunManager ] 5662 debug: Reset the dark brem process (if it was activated)
[ RunManager ] 5663 debug: Reset the dark brem process (if it was activated)
[ RunManager ] 5664 debug: Reset the dark brem process (if it was activated)
[ RunManager ] 5665 debug: Reset the dark brem process (if it was activated)
[ RunManager ] 5666 debug: Reset the dark brem process (if it was activated)
[ RunManager ] 5667 debug: Reset the dark brem process (if it was activated)
[ RunManager ] 5668 debug: Reset the dark brem process (if it was activated)
[ RunManager ] 5669 debug: Reset the dark brem process (if it was activated)
[ RunManager ] 5670 debug: Reset the dark brem process (if it was activated)
[ RunManager ] 5671 debug: Reset the dark brem process (if it was activated)
[ RunManager ] 5672 debug: Reset the dark brem process (if it was activated)
[ RunManager ] 5673 debug: Reset the dark brem process (if it was activated)
[ RunManager ] 5674 debug: Reset the dark brem process (if it was activated)
[ RunManager ] 5675 debug: Reset the dark brem process (if it was activated)
[ RunManager ] 5676 debug: Reset the dark brem process (if it was activated)
[ RunManager ] 5677 debug: Reset the dark brem process (if it was activated)
[ RunManager ] 5678 debug: Reset the dark brem process (if it was activated)
[ RunManager ] 5679 debug: Reset the dark brem process (if it was activated)
[ RunManager ] 5680 debug: Reset the dark brem process (if it was activated)
[ RunManager ] 5681 debug: Reset the dark brem process (if it was activated)
[ RunManager ] 5682 debug: Reset the dark brem process (if it was activated)
[ RunManager ] 5683 debug: Reset the dark brem process (if it was activated)
[ RunManager ] 5684 debug: Reset the dark brem process (if it was activated)
[ RunManager ] 5685 debug: Reset the dark brem process (if it was activated)
[ RunManager ] 5686 debug: Reset the dark brem process (if it was activated)
[ RunManager ] 5687 debug: Reset the dark brem process (if it was activated)
[ RunManager ] 5688 debug: Reset the dark brem process (if it was activated)
[ RunManager ] 5689 debug: Reset the dark brem process (if it was activated)
[ RunManager ] 5690 debug: Reset the dark brem process (if it was activated)
[ RunManager ] 5691 debug: Reset the dark brem process (if it was activated)
[ RunManager ] 5692 debug: Reset the dark brem process (if it was activated)
[ RunManager ] 5693 debug: Reset the dark brem process (if it was activated)
[ RunManager ] 5694 debug: Reset the dark brem process (if it was activated)
[ RunManager ] 5695 debug: Reset the dark brem process (if it was activated)
[ RunManager ] 5696 debug: Reset the dark brem process (if it was activated)
[ RunManager ] 5697 debug: Reset the dark brem process (if it was activated)
[ RunManager ] 5698 debug: Reset the dark brem process (if it was activated)
[ RunManager ] 5699 debug: Reset the dark brem process (if it was activated)
[ RunManager ] 5700 debug: Reset the dark brem process (if it was activated)
[ RunManager ] 5701 debug: Reset the dark brem process (if it was activated)
[ RunManager ] 5702 debug: Reset the dark brem process (if it was activated)
[ RunManager ] 5703 debug: Reset the dark brem process (if it was activated)
[ RunManager ] 5704 debug: Reset the dark brem process (if it was activated)
[ RunManager ] 5705 debug: Reset the dark brem process (if it was activated)
[ RunManager ] 5706 debug: Reset the dark brem process (if it was activated)
[ RunManager ] 5707 debug: Reset the dark brem process (if it was activated)
[ RunManager ] 5708 debug: Reset the dark brem process (if it was activated)
[ RunManager ] 5709 debug: Reset the dark brem process (if it was activated)
[ RunManager ] 5710 debug: Reset the dark brem process (if it was activated)
[ RunManager ] 5711 debug: Reset the dark brem process (if it was activated)
[ RunManager ] 5712 debug: Reset the dark brem process (if it was activated)
[ RunManager ] 5713 debug: Reset the dark brem process (if it was activated)
[ RunManager ] 5714 debug: Reset the dark brem process (if it was activated)
[ RunManager ] 5715 debug: Reset the dark brem process (if it was activated)
[ RunManager ] 5716 debug: Reset the dark brem process (if it was activated)
[ RunManager ] 5717 debug: Reset the dark brem process (if it was activated)
[ RunManager ] 5718 debug: Reset the dark brem process (if it was activated)
[ RunManager ] 5719 debug: Reset the dark brem process (if it was activated)
[ RunManager ] 5720 debug: Reset the dark brem process (if it was activated)
[ RunManager ] 5721 debug: Reset the dark brem process (if it was activated)
[ RunManager ] 5722 debug: Reset the dark brem process (if it was activated)
[ RunManager ] 5723 debug: Reset the dark brem process (if it was activated)
[ RunManager ] 5724 debug: Reset the dark brem process (if it was activated)
[ RunManager ] 5725 debug: Reset the dark brem process (if it was activated)
[ RunManager ] 5726 debug: Reset the dark brem process (if it was activated)
[ RunManager ] 5727 debug: Reset the dark brem process (if it was activated)
[ RunManager ] 5728 debug: Reset the dark brem process (if it was activated)
[ RunManager ] 5729 debug: Reset the dark brem process (if it was activated)
[ RunManager ] 5730 debug: Reset the dark brem process (if it was activated)
[ RunManager ] 5731 debug: Reset the dark brem process (if it was activated)
[ RunManager ] 5732 debug: Reset the dark brem process (if it was activated)
[ RunManager ] 5733 debug: Reset the dark brem process (if it was activated)
[ RunManager ] 5734 debug: Reset the dark brem process (if it was activated)
[ RunManager ] 5735 debug: Reset the dark brem process (if it was activated)
[ RunManager ] 5736 debug: Reset the dark brem process (if it was activated)
[ RunManager ] 5737 debug: Reset the dark brem process (if it was activated)
[ RunManager ] 5738 debug: Reset the dark brem process (if it was activated)
[ RunManager ] 5739 debug: Reset the dark brem process (if it was activated)
[ RunManager ] 5740 debug: Reset the dark brem process (if it was activated)
[ RunManager ] 5741 debug: Reset the dark brem process (if it was activated)
[ RunManager ] 5742 debug: Reset the dark brem process (if it was activated)
[ RunManager ] 5743 debug: Reset the dark brem process (if it was activated)
[ RunManager ] 5744 debug: Reset the dark brem process (if it was activated)
[ RunManager ] 5745 debug: Reset the dark brem process (if it was activated)
[ RunManager ] 5746 debug: Reset the dark brem process (if it was activated)
[ RunManager ] 5747 debug: Reset the dark brem process (if it was activated)
[ RunManager ] 5748 debug: Reset the dark brem process (if it was activated)
[ RunManager ] 5749 debug: Reset the dark brem process (if it was activated)
[ RunManager ] 5750 debug: Reset the dark brem process (if it was activated)
[ RunManager ] 5751 debug: Reset the dark brem process (if it was activated)
[ RunManager ] 5752 debug: Reset the dark brem process (if it was activated)
[ RunManager ] 5753 debug: Reset the dark brem process (if it was activated)
[ RunManager ] 5754 debug: Reset the dark brem process (if it was activated)
[ RunManager ] 5755 debug: Reset the dark brem process (if it was activated)
[ RunManager ] 5756 debug: Reset the dark brem process (if it was activated)
[ RunManager ] 5757 debug: Reset the dark brem process (if it was activated)
[ RunManager ] 5758 debug: Reset the dark brem process (if it was activated)
[ RunManager ] 5759 debug: Reset the dark brem process (if it was activated)
[ RunManager ] 5760 debug: Reset the dark brem process (if it was activated)
[ RunManager ] 5761 debug: Reset the dark brem process (if it was activated)
[ RunManager ] 5762 debug: Reset the dark brem process (if it was activated)
[ RunManager ] 5763 debug: Reset the dark brem process (if it was activated)
[ RunManager ] 5764 debug: Reset the dark brem process (if it was activated)
[ RunManager ] 5765 debug: Reset the dark brem process (if it was activated)
[ RunManager ] 5766 debug: Reset the dark brem process (if it was activated)
[ RunManager ] 5767 debug: Reset the dark brem process (if it was activated)
[ RunManager ] 5768 debug: Reset the dark brem process (if it was activated)
[ RunManager ] 5769 debug: Reset the dark brem process (if it was activated)
[ RunManager ] 5770 debug: Reset the dark brem process (if it was activated)
[ RunManager ] 5771 debug: Reset the dark brem process (if it was activated)
[ RunManager ] 5772 debug: Reset the dark brem process (if it was activated)
[ RunManager ] 5773 debug: Reset the dark brem process (if it was activated)
[ RunManager ] 5774 debug: Reset the dark brem process (if it was activated)
[ RunManager ] 5775 debug: Reset the dark brem process (if it was activated)
[ RunManager ] 5776 debug: Reset the dark brem process (if it was activated)
[ RunManager ] 5777 debug: Reset the dark brem process (if it was activated)
[ RunManager ] 5778 debug: Reset the dark brem process (if it was activated)
[ RunManager ] 5779 debug: Reset the dark brem process (if it was activated)
[ RunManager ] 5780 debug: Reset the dark brem process (if it was activated)
[ RunManager ] 5781 debug: Reset the dark brem process (if it was activated)
[ RunManager ] 5782 debug: Reset the dark brem process (if it was activated)
[ RunManager ] 5783 debug: Reset the dark brem process (if it was activated)
[ RunManager ] 5784 debug: Reset the dark brem process (if it was activated)
[ RunManager ] 5785 debug: Reset the dark brem process (if it was activated)
[ RunManager ] 5786 debug: Reset the dark brem process (if it was activated)
[ RunManager ] 5787 debug: Reset the dark brem process (if it was activated)
[ RunManager ] 5788 debug: Reset the dark brem process (if it was activated)
[ RunManager ] 5789 debug: Reset the dark brem process (if it was activated)
[ RunManager ] 5790 debug: Reset the dark brem process (if it was activated)
[ RunManager ] 5791 debug: Reset the dark brem process (if it was activated)
[ RunManager ] 5792 debug: Reset the dark brem process (if it was activated)
[ RunManager ] 5793 debug: Reset the dark brem process (if it was activated)
[ RunManager ] 5794 debug: Reset the dark brem process (if it was activated)
[ RunManager ] 5795 debug: Reset the dark brem process (if it was activated)
[ RunManager ] 5796 debug: Reset the dark brem process (if it was activated)
[ RunManager ] 5797 debug: Reset the dark brem process (if it was activated)
[ RunManager ] 5798 debug: Reset the dark brem process (if it was activated)
[ RunManager ] 5799 debug: Reset the dark brem process (if it was activated)
[ RunManager ] 5800 debug: Reset the dark brem process (if it was activated)
[ RunManager ] 5801 debug: Reset the dark brem process (if it was activated)
[ RunManager ] 5802 debug: Reset the dark brem process (if it was activated)
[ RunManager ] 5803 debug: Reset the dark brem process (if it was activated)
[ RunManager ] 5804 debug: Reset the dark brem process (if it was activated)
[ RunManager ] 5805 debug: Reset the dark brem process (if it was activated)
[ RunManager ] 5806 debug: Reset the dark brem process (if it was activated)
[ RunManager ] 5807 debug: Reset the dark brem process (if it was activated)
[ RunManager ] 5808 debug: Reset the dark brem process (if it was activated)
[ RunManager ] 5809 debug: Reset the dark brem process (if it was activated)
[ RunManager ] 5810 debug: Reset the dark brem process (if it was activated)
[ RunManager ] 5811 debug: Reset the dark brem process (if it was activated)
[ RunManager ] 5812 debug: Reset the dark brem process (if it was activated)
[ RunManager ] 5813 debug: Reset the dark brem process (if it was activated)
[ RunManager ] 5814 debug: Reset the dark brem process (if it was activated)
[ RunManager ] 5815 debug: Reset the dark brem process (if it was activated)
[ RunManager ] 5816 debug: Reset the dark brem process (if it was activated)
[ RunManager ] 5817 debug: Reset the dark brem process (if it was activated)
[ RunManager ] 5818 debug: Reset the dark brem process (if it was activated)
[ RunManager ] 5819 debug: Reset the dark brem process (if it was activated)
[ RunManager ] 5820 debug: Reset the dark brem process (if it was activated)
[ RunManager ] 5821 debug: Reset the dark brem process (if it was activated)
[ RunManager ] 5822 debug: Reset the dark brem process (if it was activated)
[ RunManager ] 5823 debug: Reset the dark brem process (if it was activated)
[ RunManager ] 5824 debug: Reset the dark brem process (if it was activated)
[ RunManager ] 5825 debug: Reset the dark brem process (if it was activated)
[ RunManager ] 5826 debug: Reset the dark brem process (if it was activated)
[ RunManager ] 5827 debug: Reset the dark brem process (if it was activated)
[ RunManager ] 5828 debug: Reset the dark brem process (if it was activated)
[ RunManager ] 5829 debug: Reset the dark brem process (if it was activated)
[ RunManager ] 5830 debug: Reset the dark brem process (if it was activated)
[ RunManager ] 5831 debug: Reset the dark brem process (if it was activated)
[ RunManager ] 5832 debug: Reset the dark brem process (if it was activated)
[ RunManager ] 5833 debug: Reset the dark brem process (if it was activated)
[ RunManager ] 5834 debug: Reset the dark brem process (if it was activated)
[ RunManager ] 5835 debug: Reset the dark brem process (if it was activated)
[ RunManager ] 5836 debug: Reset the dark brem process (if it was activated)
[ RunManager ] 5837 debug: Reset the dark brem process (if it was activated)
[ RunManager ] 5838 debug: Reset the dark brem process (if it was activated)
[ RunManager ] 5839 debug: Reset the dark brem process (if it was activated)
[ RunManager ] 5840 debug: Reset the dark brem process (if it was activated)
[ RunManager ] 5841 debug: Reset the dark brem process (if it was activated)
[ RunManager ] 5842 debug: Reset the dark brem process (if it was activated)
[ RunManager ] 5843 debug: Reset the dark brem process (if it was activated)
[ RunManager ] 5844 debug: Reset the dark brem process (if it was activated)
[ RunManager ] 5845 debug: Reset the dark brem process (if it was activated)
[ RunManager ] 5846 debug: Reset the dark brem process (if it was activated)
[ RunManager ] 5847 debug: Reset the dark brem process (if it was activated)
[ RunManager ] 5848 debug: Reset the dark brem process (if it was activated)
[ RunManager ] 5849 debug: Reset the dark brem process (if it was activated)
[ RunManager ] 5850 debug: Reset the dark brem process (if it was activated)
[ RunManager ] 5851 debug: Reset the dark brem process (if it was activated)
[ RunManager ] 5852 debug: Reset the dark brem process (if it was activated)
[ RunManager ] 5853 debug: Reset the dark brem process (if it was activated)
[ RunManager ] 5854 debug: Reset the dark brem process (if it was activated)
[ RunManager ] 5855 debug: Reset the dark brem process (if it was activated)
[ RunManager ] 5856 debug: Reset the dark brem process (if it was activated)
[ RunManager ] 5857 debug: Reset the dark brem process (if it was activated)
[ RunManager ] 5858 debug: Reset the dark brem process (if it was activated)
[ RunManager ] 5859 debug: Reset the dark brem process (if it was activated)
[ RunManager ] 5860 debug: Reset the dark brem process (if it was activated)
[ RunManager ] 5861 debug: Reset the dark brem process (if it was activated)
[ RunManager ] 5862 debug: Reset the dark brem process (if it was activated)
[ RunManager ] 5863 debug: Reset the dark brem process (if it was activated)
[ RunManager ] 5864 debug: Reset the dark brem process (if it was activated)
[ RunManager ] 5865 debug: Reset the dark brem process (if it was activated)
[ RunManager ] 5866 debug: Reset the dark brem process (if it was activated)
[ RunManager ] 5867 debug: Reset the dark brem process (if it was activated)
[ RunManager ] 5868 debug: Reset the dark brem process (if it was activated)
[ RunManager ] 5869 debug: Reset the dark brem process (if it was activated)
[ RunManager ] 5870 debug: Reset the dark brem process (if it was activated)
[ RunManager ] 5871 debug: Reset the dark brem process (if it was activated)
[ RunManager ] 5872 debug: Reset the dark brem process (if it was activated)
[ RunManager ] 5873 debug: Reset the dark brem process (if it was activated)
[ RunManager ] 5874 debug: Reset the dark brem process (if it was activated)
[ RunManager ] 5875 debug: Reset the dark brem process (if it was activated)
[ RunManager ] 5876 debug: Reset the dark brem process (if it was activated)
[ RunManager ] 5877 debug: Reset the dark brem process (if it was activated)
[ RunManager ] 5878 debug: Reset the dark brem process (if it was activated)
[ RunManager ] 5879 debug: Reset the dark brem process (if it was activated)
[ RunManager ] 5880 debug: Reset the dark brem process (if it was activated)
[ RunManager ] 5881 debug: Reset the dark brem process (if it was activated)
[ RunManager ] 5882 debug: Reset the dark brem process (if it was activated)
[ RunManager ] 5883 debug: Reset the dark brem process (if it was activated)
[ RunManager ] 5884 debug: Reset the dark brem process (if it was activated)
[ RunManager ] 5885 debug: Reset the dark brem process (if it was activated)
[ RunManager ] 5886 debug: Reset the dark brem process (if it was activated)
[ RunManager ] 5887 debug: Reset the dark brem process (if it was activated)
[ RunManager ] 5888 debug: Reset the dark brem process (if it was activated)
[ RunManager ] 5889 debug: Reset the dark brem process (if it was activated)
[ RunManager ] 5890 debug: Reset the dark brem process (if it was activated)
[ RunManager ] 5891 debug: Reset the dark brem process (if it was activated)
[ RunManager ] 5892 debug: Reset the dark brem process (if it was activated)
[ RunManager ] 5893 debug: Reset the dark brem process (if it was activated)
[ RunManager ] 5894 debug: Reset the dark brem process (if it was activated)
[ RunManager ] 5895 debug: Reset the dark brem process (if it was activated)
[ RunManager ] 5896 debug: Reset the dark brem process (if it was activated)
[ RunManager ] 5897 debug: Reset the dark brem process (if it was activated)
[ RunManager ] 5898 debug: Reset the dark brem process (if it was activated)
[ RunManager ] 5899 debug: Reset the dark brem process (if it was activated)
[ RunManager ] 5900 debug: Reset the dark brem process (if it was activated)
[ RunManager ] 5901 debug: Reset the dark brem process (if it was activated)
[ RunManager ] 5902 debug: Reset the dark brem process (if it was activated)
[ RunManager ] 5903 debug: Reset the dark brem process (if it was activated)
[ RunManager ] 5904 debug: Reset the dark brem process (if it was activated)
[ RunManager ] 5905 debug: Reset the dark brem process (if it was activated)
[ RunManager ] 5906 debug: Reset the dark brem process (if it was activated)
[ RunManager ] 5907 debug: Reset the dark brem process (if it was activated)
[ RunManager ] 5908 debug: Reset the dark brem process (if it was activated)
[ RunManager ] 5909 debug: Reset the dark brem process (if it was activated)
[ RunManager ] 5910 debug: Reset the dark brem process (if it was activated)
[ RunManager ] 5911 debug: Reset the dark brem process (if it was activated)
[ RunManager ] 5912 debug: Reset the dark brem process (if it was activated)
[ RunManager ] 5913 debug: Reset the dark brem process (if it was activated)
[ RunManager ] 5914 debug: Reset the dark brem process (if it was activated)
[ RunManager ] 5915 debug: Reset the dark brem process (if it was activated)
[ RunManager ] 5916 debug: Reset the dark brem process (if it was activated)
[ RunManager ] 5917 debug: Reset the dark brem process (if it was activated)
[ RunManager ] 5918 debug: Reset the dark brem process (if it was activated)
[ RunManager ] 5919 debug: Reset the dark brem process (if it was activated)
[ RunManager ] 5920 debug: Reset the dark brem process (if it was activated)
[ RunManager ] 5921 debug: Reset the dark brem process (if it was activated)
[ RunManager ] 5922 debug: Reset the dark brem process (if it was activated)
[ RunManager ] 5923 debug: Reset the dark brem process (if it was activated)
[ RunManager ] 5924 debug: Reset the dark brem process (if it was activated)
[ RunManager ] 5925 debug: Reset the dark brem process (if it was activated)
[ RunManager ] 5926 debug: Reset the dark brem process (if it was activated)
[ RunManager ] 5927 debug: Reset the dark brem process (if it was activated)
[ RunManager ] 5928 debug: Reset the dark brem process (if it was activated)
[ RunManager ] 5929 debug: Reset the dark brem process (if it was activated)
[ RunManager ] 5930 debug: Reset the dark brem process (if it was activated)
[ RunManager ] 5931 debug: Reset the dark brem process (if it was activated)
[ RunManager ] 5932 debug: Reset the dark brem process (if it was activated)
[ RunManager ] 5933 debug: Reset the dark brem process (if it was activated)
[ RunManager ] 5934 debug: Reset the dark brem process (if it was activated)
[ RunManager ] 5935 debug: Reset the dark brem process (if it was activated)
[ RunManager ] 5936 debug: Reset the dark brem process (if it was activated)
[ RunManager ] 5937 debug: Reset the dark brem process (if it was activated)
[ RunManager ] 5938 debug: Reset the dark brem process (if it was activated)
[ RunManager ] 5939 debug: Reset the dark brem process (if it was activated)
[ RunManager ] 5940 debug: Reset the dark brem process (if it was activated)
[ RunManager ] 5941 debug: Reset the dark brem process (if it was activated)
[ RunManager ] 5942 debug: Reset the dark brem process (if it was activated)
[ RunManager ] 5943 debug: Reset the dark brem process (if it was activated)
[ RunManager ] 5944 debug: Reset the dark brem process (if it was activated)
[ RunManager ] 5945 debug: Reset the dark brem process (if it was activated)
[ RunManager ] 5946 debug: Reset the dark brem process (if it was activated)
[ RunManager ] 5947 debug: Reset the dark brem process (if it was activated)
[ RunManager ] 5948 debug: Reset the dark brem process (if it was activated)
[ RunManager ] 5949 debug: Reset the dark brem process (if it was activated)
[ RunManager ] 5950 debug: Reset the dark brem process (if it was activated)
[ RunManager ] 5951 debug: Reset the dark brem process (if it was activated)
[ RunManager ] 5952 debug: Reset the dark brem process (if it was activated)
[ RunManager ] 5953 debug: Reset the dark brem process (if it was activated)
[ RunManager ] 5954 debug: Reset the dark brem process (if it was activated)
[ RunManager ] 5955 debug: Reset the dark brem process (if it was activated)
[ RunManager ] 5956 debug: Reset the dark brem process (if it was activated)
[ RunManager ] 5957 debug: Reset the dark brem process (if it was activated)
[ RunManager ] 5958 debug: Reset the dark brem process (if it was activated)
[ RunManager ] 5959 debug: Reset the dark brem process (if it was activated)
[ RunManager ] 5960 debug: Reset the dark brem process (if it was activated)
[ RunManager ] 5961 debug: Reset the dark brem process (if it was activated)
[ RunManager ] 5962 debug: Reset the dark brem process (if it was activated)
[ RunManager ] 5963 debug: Reset the dark brem process (if it was activated)
[ RunManager ] 5964 debug: Reset the dark brem process (if it was activated)
[ RunManager ] 5965 debug: Reset the dark brem process (if it was activated)
[ RunManager ] 5966 debug: Reset the dark brem process (if it was activated)
[ RunManager ] 5967 debug: Reset the dark brem process (if it was activated)
[ RunManager ] 5968 debug: Reset the dark brem process (if it was activated)
[ RunManager ] 5969 debug: Reset the dark brem process (if it was activated)
[ RunManager ] 5970 debug: Reset the dark brem process (if it was activated)
[ RunManager ] 5971 debug: Reset the dark brem process (if it was activated)
[ RunManager ] 5972 debug: Reset the dark brem process (if it was activated)
[ RunManager ] 5973 debug: Reset the dark brem process (if it was activated)
[ RunManager ] 5974 debug: Reset the dark brem process (if it was activated)
[ RunManager ] 5975 debug: Reset the dark brem process (if it was activated)
[ RunManager ] 5976 debug: Reset the dark brem process (if it was activated)
[ RunManager ] 5977 debug: Reset the dark brem process (if it was activated)
[ RunManager ] 5978 debug: Reset the dark brem process (if it was activated)
[ RunManager ] 5979 debug: Reset the dark brem process (if it was activated)
[ RunManager ] 5980 debug: Reset the dark brem process (if it was activated)
[ RunManager ] 5981 debug: Reset the dark brem process (if it was activated)
[ RunManager ] 5982 debug: Reset the dark brem process (if it was activated)
[ RunManager ] 5983 debug: Reset the dark brem process (if it was activated)
[ RunManager ] 5984 debug: Reset the dark brem process (if it was activated)
[ RunManager ] 5985 debug: Reset the dark brem process (if it was activated)
[ RunManager ] 5986 debug: Reset the dark brem process (if it was activated)
[ RunManager ] 5987 debug: Reset the dark brem process (if it was activated)
[ RunManager ] 5988 debug: Reset the dark brem process (if it was activated)
[ RunManager ] 5989 debug: Reset the dark brem process (if it was activated)
[ RunManager ] 5990 debug: Reset the dark brem process (if it was activated)
[ RunManager ] 5991 debug: Reset the dark brem process (if it was activated)
[ RunManager ] 5992 debug: Reset the dark brem process (if it was activated)
[ RunManager ] 5993 debug: Reset the dark brem process (if it was activated)
[ RunManager ] 5994 debug: Reset the dark brem process (if it was activated)
[ RunManager ] 5995 debug: Reset the dark brem process (if it was activated)
[ RunManager ] 5996 debug: Reset the dark brem process (if it was activated)
[ RunManager ] 5997 debug: Reset the dark brem process (if it was activated)
[ RunManager ] 5998 debug: Reset the dark brem process (if it was activated)
[ RunManager ] 5999 debug: Reset the dark brem process (if it was activated)
[ RunManager ] 6000 debug: Reset the dark brem process (if it was activated)
[ RunManager ] 6001 debug: Reset the dark brem process (if it was activated)
[ RunManager ] 6002 debug: Reset the dark brem process (if it was activated)
[ RunManager ] 6003 debug: Reset the dark brem process (if it was activated)
[ RunManager ] 6004 debug: Reset the dark brem process (if it was activated)
[ RunManager ] 6005 debug: Reset the dark brem process (if it was activated)
[ RunManager ] 6006 debug: Reset the dark brem process (if it was activated)
[ RunManager ] 6007 debug: Reset the dark brem process (if it was activated)
[ RunManager ] 6008 debug: Reset the dark brem process (if it was activated)
[ RunManager ] 6009 debug: Reset the dark brem process (if it was activated)
[ RunManager ] 6010 debug: Reset the dark brem process (if it was activated)
[ RunManager ] 6011 debug: Reset the dark brem process (if it was activated)
[ RunManager ] 6012 debug: Reset the dark brem process (if it was activated)
[ RunManager ] 6013 debug: Reset the dark brem process (if it was activated)
[ RunManager ] 6014 debug: Reset the dark brem process (if it was activated)
[ RunManager ] 6015 debug: Reset the dark brem process (if it was activated)
[ RunManager ] 6016 debug: Reset the dark brem process (if it was activated)
[ RunManager ] 6017 debug: Reset the dark brem process (if it was activated)
[ RunManager ] 6018 debug: Reset the dark brem process (if it was activated)
[ RunManager ] 6019 debug: Reset the dark brem process (if it was activated)
[ RunManager ] 6020 debug: Reset the dark brem process (if it was activated)
[ RunManager ] 6021 debug: Reset the dark brem process (if it was activated)
[ RunManager ] 6022 debug: Reset the dark brem process (if it was activated)
[ RunManager ] 6023 debug: Reset the dark brem process (if it was activated)
[ RunManager ] 6024 debug: Reset the dark brem process (if it was activated)
[ RunManager ] 6025 debug: Reset the dark brem process (if it was activated)
[ RunManager ] 6026 debug: Reset the dark brem process (if it was activated)
[ RunManager ] 6027 debug: Reset the dark brem process (if it was activated)
[ RunManager ] 6028 debug: Reset the dark brem process (if it was activated)
[ RunManager ] 6029 debug: Reset the dark brem process (if it was activated)
[ RunManager ] 6030 debug: Reset the dark brem process (if it was activated)
[ RunManager ] 6031 debug: Reset the dark brem process (if it was activated)
[ RunManager ] 6032 debug: Reset the dark brem process (if it was activated)
[ RunManager ] 6033 debug: Reset the dark brem process (if it was activated)
[ RunManager ] 6034 debug: Reset the dark brem process (if it was activated)
[ RunManager ] 6035 debug: Reset the dark brem process (if it was activated)
[ RunManager ] 6036 debug: Reset the dark brem process (if it was activated)
[ RunManager ] 6037 debug: Reset the dark brem process (if it was activated)
[ RunManager ] 6038 debug: Reset the dark brem process (if it was activated)
[ RunManager ] 6039 debug: Reset the dark brem process (if it was activated)
[ RunManager ] 6040 debug: Reset the dark brem process (if it was activated)
[ RunManager ] 6041 debug: Reset the dark brem process (if it was activated)
[ RunManager ] 6042 debug: Reset the dark brem process (if it was activated)
[ RunManager ] 6043 debug: Reset the dark brem process (if it was activated)
[ RunManager ] 6044 debug: Reset the dark brem process (if it was activated)
[ RunManager ] 6045 debug: Reset the dark brem process (if it was activated)
[ RunManager ] 6046 debug: Reset the dark brem process (if it was activated)
[ RunManager ] 6047 debug: Reset the dark brem process (if it was activated)
[ RunManager ] 6048 debug: Reset the dark brem process (if it was activated)
[ RunManager ] 6049 debug: Reset the dark brem process (if it was activated)
[ RunManager ] 6050 debug: Reset the dark brem process (if it was activated)
[ RunManager ] 6051 debug: Reset the dark brem process (if it was activated)
[ RunManager ] 6052 debug: Reset the dark brem process (if it was activated)
[ RunManager ] 6053 debug: Reset the dark brem process (if it was activated)
[ RunManager ] 6054 debug: Reset the dark brem process (if it was activated)
[ RunManager ] 6055 debug: Reset the dark brem process (if it was activated)
[ RunManager ] 6056 debug: Reset the dark brem process (if it was activated)
[ RunManager ] 6057 debug: Reset the dark brem process (if it was activated)
[ RunManager ] 6058 debug: Reset the dark brem process (if it was activated)
[ RunManager ] 6059 debug: Reset the dark brem process (if it was activated)
[ RunManager ] 6060 debug: Reset the dark brem process (if it was activated)
[ RunManager ] 6061 debug: Reset the dark brem process (if it was activated)
[ RunManager ] 6062 debug: Reset the dark brem process (if it was activated)
[ RunManager ] 6063 debug: Reset the dark brem process (if it was activated)
[ RunManager ] 6064 debug: Reset the dark brem process (if it was activated)
[ RunManager ] 6065 debug: Reset the dark brem process (if it was activated)
[ RunManager ] 6066 debug: Reset the dark brem process (if it was activated)
[ RunManager ] 6067 debug: Reset the dark brem process (if it was activated)
[ RunManager ] 6068 debug: Reset the dark brem process (if it was activated)
[ RunManager ] 6069 debug: Reset the dark brem process (if it was activated)
[ RunManager ] 6070 debug: Reset the dark brem process (if it was activated)
[ RunManager ] 6071 debug: Reset the dark brem process (if it was activated)
[ RunManager ] 6072 debug: Reset the dark brem process (if it was activated)
[ RunManager ] 6073 debug: Reset the dark brem process (if it was activated)
[ RunManager ] 6074 debug: Reset the dark brem process (if it was activated)
[ RunManager ] 6075 debug: Reset the dark brem process (if it was activated)
[ RunManager ] 6076 debug: Reset the dark brem process (if it was activated)
[ RunManager ] 6077 debug: Reset the dark brem process (if it was activated)
[ RunManager ] 6078 debug: Reset the dark brem process (if it was activated)
[ RunManager ] 6079 debug: Reset the dark brem process (if it was activated)
[ RunManager ] 6080 debug: Reset the dark brem process (if it was activated)
[ RunManager ] 6081 debug: Reset the dark brem process (if it was activated)
[ RunManager ] 6082 debug: Reset the dark brem process (if it was activated)
[ RunManager ] 6083 debug: Reset the dark brem process (if it was activated)
[ RunManager ] 6084 debug: Reset the dark brem process (if it was activated)
[ RunManager ] 6085 debug: Reset the dark brem process (if it was activated)
[ RunManager ] 6086 debug: Reset the dark brem process (if it was activated)
[ RunManager ] 6087 debug: Reset the dark brem process (if it was activated)
[ RunManager ] 6088 debug: Reset the dark brem process (if it was activated)
[ RunManager ] 6089 debug: Reset the dark brem process (if it was activated)
[ RunManager ] 6090 debug: Reset the dark brem process (if it was activated)
[ RunManager ] 6091 debug: Reset the dark brem process (if it was activated)
[ RunManager ] 6092 debug: Reset the dark brem process (if it was activated)
[ RunManager ] 6093 debug: Reset the dark brem process (if it was activated)
[ RunManager ] 6094 debug: Reset the dark brem process (if it was activated)
[ RunManager ] 6095 debug: Reset the dark brem process (if it was activated)
[ RunManager ] 6096 debug: Reset the dark brem process (if it was activated)
[ RunManager ] 6097 debug: Reset the dark brem process (if it was activated)
[ RunManager ] 6098 debug: Reset the dark brem process (if it was activated)
[ RunManager ] 6099 debug: Reset the dark brem process (if it was activated)
[ RunManager ] 6100 debug: Reset the dark brem process (if it was activated)
[ RunManager ] 6101 debug: Reset the dark brem process (if it was activated)
[ RunManager ] 6102 debug: Reset the dark brem process (if it was activated)
[ RunManager ] 6103 debug: Reset the dark brem process (if it was activated)
[ RunManager ] 6104 debug: Reset the dark brem process (if it was activated)
[ RunManager ] 6105 debug: Reset the dark brem process (if it was activated)
[ RunManager ] 6106 debug: Reset the dark brem process (if it was activated)
[ RunManager ] 6107 debug: Reset the dark brem process (if it was activated)
[ RunManager ] 6108 debug: Reset the dark brem process (if it was activated)
[ RunManager ] 6109 debug: Reset the dark brem process (if it was activated)
[ RunManager ] 6110 debug: Reset the dark brem process (if it was activated)
[ RunManager ] 6111 debug: Reset the dark brem process (if it was activated)
[ RunManager ] 6112 debug: Reset the dark brem process (if it was activated)
[ RunManager ] 6113 debug: Reset the dark brem process (if it was activated)
[ RunManager ] 6114 debug: Reset the dark brem process (if it was activated)
[ RunManager ] 6115 debug: Reset the dark brem process (if it was activated)
[ RunManager ] 6116 debug: Reset the dark brem process (if it was activated)
[ RunManager ] 6117 debug: Reset the dark brem process (if it was activated)
[ RunManager ] 6118 debug: Reset the dark brem process (if it was activated)
[ RunManager ] 6119 debug: Reset the dark brem process (if it was activated)
[ RunManager ] 6120 debug: Reset the dark brem process (if it was activated)
[ RunManager ] 6121 debug: Reset the dark brem process (if it was activated)
[ RunManager ] 6122 debug: Reset the dark brem process (if it was activated)
[ RunManager ] 6123 debug: Reset the dark brem process (if it was activated)
[ RunManager ] 6124 debug: Reset the dark brem process (if it was activated)
[ RunManager ] 6125 debug: Reset the dark brem process (if it was activated)
[ RunManager ] 6126 debug: Reset the dark brem process (if it was activated)
[ RunManager ] 6127 debug: Reset the dark brem process (if it was activated)
[ RunManager ] 6128 debug: Reset the dark brem process (if it was activated)
[ RunManager ] 6129 debug: Reset the dark brem process (if it was activated)
[ RunManager ] 6130 debug: Reset the dark brem process (if it was activated)
[ RunManager ] 6131 debug: Reset the dark brem process (if it was activated)
[ RunManager ] 6132 debug: Reset the dark brem process (if it was activated)
[ RunManager ] 6133 debug: Reset the dark brem process (if it was activated)
[ RunManager ] 6134 debug: Reset the dark brem process (if it was activated)
[ RunManager ] 6135 debug: Reset the dark brem process (if it was activated)
[ RunManager ] 6136 debug: Reset the dark brem process (if it was activated)
[ RunManager ] 6137 debug: Reset the dark brem process (if it was activated)
[ RunManager ] 6138 debug: Reset the dark brem process (if it was activated)
[ RunManager ] 6139 debug: Reset the dark brem process (if it was activated)
[ RunManager ] 6140 debug: Reset the dark brem process (if it was activated)
[ RunManager ] 6141 debug: Reset the dark brem process (if it was activated)
[ RunManager ] 6142 debug: Reset the dark brem process (if it was activated)
[ RunManager ] 6143 debug: Reset the dark brem process (if it was activated)
[ RunManager ] 6144 debug: Reset the dark brem process (if it was activated)
[ RunManager ] 6145 debug: Reset the dark brem process (if it was activated)
[ RunManager ] 6146 debug: Reset the dark brem process (if it was activated)
[ RunManager ] 6147 debug: Reset the dark brem process (if it was activated)
[ RunManager ] 6148 debug: Reset the dark brem process (if it was activated)
[ RunManager ] 6149 debug: Reset the dark brem process (if it was activated)
[ RunManager ] 6150 debug: Reset the dark brem process (if it was activated)
[ RunManager ] 6151 debug: Reset the dark brem process (if it was activated)
[ RunManager ] 6152 debug: Reset the dark brem process (if it was activated)
[ RunManager ] 6153 debug: Reset the dark brem process (if it was activated)
[ RunManager ] 6154 debug: Reset the dark brem process (if it was activated)
[ RunManager ] 6155 debug: Reset the dark brem process (if it was activated)
[ RunManager ] 6156 debug: Reset the dark brem process (if it was activated)
[ RunManager ] 6157 debug: Reset the dark brem process (if it was activated)
[ RunManager ] 6158 debug: Reset the dark brem process (if it was activated)
[ RunManager ] 6159 debug: Reset the dark brem process (if it was activated)
[ RunManager ] 6160 debug: Reset the dark brem process (if it was activated)
[ RunManager ] 6161 debug: Reset the dark brem process (if it was activated)
[ RunManager ] 6162 debug: Reset the dark brem process (if it was activated)
[ RunManager ] 6163 debug: Reset the dark brem process (if it was activated)
[ RunManager ] 6164 debug: Reset the dark brem process (if it was activated)
[ RunManager ] 6165 debug: Reset the dark brem process (if it was activated)
[ RunManager ] 6166 debug: Reset the dark brem process (if it was activated)
[ RunManager ] 6167 debug: Reset the dark brem process (if it was activated)
[ RunManager ] 6168 debug: Reset the dark brem process (if it was activated)
[ RunManager ] 6169 debug: Reset the dark brem process (if it was activated)
[ RunManager ] 6170 debug: Reset the dark brem process (if it was activated)
[ RunManager ] 6171 debug: Reset the dark brem process (if it was activated)
[ RunManager ] 6172 debug: Reset the dark brem process (if it was activated)
[ RunManager ] 6173 debug: Reset the dark brem process (if it was activated)
[ RunManager ] 6174 debug: Reset the dark brem process (if it was activated)
[ RunManager ] 6175 debug: Reset the dark brem process (if it was activated)
[ RunManager ] 6176 debug: Reset the dark brem process (if it was activated)
[ RunManager ] 6177 debug: Reset the dark brem process (if it was activated)
[ RunManager ] 6178 debug: Reset the dark brem process (if it was activated)
[ RunManager ] 6179 debug: Reset the dark brem process (if it was activated)
[ RunManager ] 6180 debug: Reset the dark brem process (if it was activated)
[ RunManager ] 6181 debug: Reset the dark brem process (if it was activated)
[ RunManager ] 6182 debug: Reset the dark brem process (if it was activated)
[ RunManager ] 6183 debug: Reset the dark brem process (if it was activated)
[ RunManager ] 6184 debug: Reset the dark brem process (if it was activated)
[ RunManager ] 6185 debug: Reset the dark brem process (if it was activated)
[ RunManager ] 6186 debug: Reset the dark brem process (if it was activated)
[ RunManager ] 6187 debug: Reset the dark brem process (if it was activated)
[ RunManager ] 6188 debug: Reset the dark brem process (if it was activated)
[ RunManager ] 6189 debug: Reset the dark brem process (if it was activated)
[ RunManager ] 6190 debug: Reset the dark brem process (if it was activated)
[ RunManager ] 6191 debug: Reset the dark brem process (if it was activated)
[ RunManager ] 6192 debug: Reset the dark brem process (if it was activated)
[ RunManager ] 6193 debug: Reset the dark brem process (if it was activated)
[ RunManager ] 6194 debug: Reset the dark brem process (if it was activated)
[ RunManager ] 6195 debug: Reset the dark brem process (if it was activated)
[ RunManager ] 6196 debug: Reset the dark brem process (if it was activated)
[ RunManager ] 6197 debug: Reset the dark brem process (if it was activated)
[ RunManager ] 6198 debug: Reset the dark brem process (if it was activated)
[ RunManager ] 6199 debug: Reset the dark brem process (if it was activated)
[ RunManager ] 6200 debug: Reset the dark brem process (if it was activated)
[ RunManager ] 6201 debug: Reset the dark brem process (if it was activated)
[ RunManager ] 6202 debug: Reset the dark brem process (if it was activated)
[ RunManager ] 6203 debug: Reset the dark brem process (if it was activated)
[ RunManager ] 6204 debug: Reset the dark brem process (if it was activated)
[ RunManager ] 6205 debug: Reset the dark brem process (if it was activated)
[ RunManager ] 6206 debug: Reset the dark brem process (if it was activated)
[ RunManager ] 6207 debug: Reset the dark brem process (if it was activated)
[ RunManager ] 6208 debug: Reset the dark brem process (if it was activated)
[ RunManager ] 6209 debug: Reset the dark brem process (if it was activated)
[ RunManager ] 6210 debug: Reset the dark brem process (if it was activated)
[ RunManager ] 6211 debug: Reset the dark brem process (if it was activated)
[ RunManager ] 6212 debug: Reset the dark brem process (if it was activated)
[ RunManager ] 6213 debug: Reset the dark brem process (if it was activated)
[ RunManager ] 6214 debug: Reset the dark brem process (if it was activated)
[ RunManager ] 6215 debug: Reset the dark brem process (if it was activated)
[ RunManager ] 6216 debug: Reset the dark brem process (if it was activated)
[ RunManager ] 6217 debug: Reset the dark brem process (if it was activated)
[ RunManager ] 6218 debug: Reset the dark brem process (if it was activated)
[ RunManager ] 6219 debug: Reset the dark brem process (if it was activated)
[ RunManager ] 6220 debug: Reset the dark brem process (if it was activated)
[ RunManager ] 6221 debug: Reset the dark brem process (if it was activated)
[ RunManager ] 6222 debug: Reset the dark brem process (if it was activated)
[ RunManager ] 6223 debug: Reset the dark brem process (if it was activated)
[ RunManager ] 6224 debug: Reset the dark brem process (if it was activated)
[ RunManager ] 6225 debug: Reset the dark brem process (if it was activated)
[ RunManager ] 6226 debug: Reset the dark brem process (if it was activated)
[ RunManager ] 6227 debug: Reset the dark brem process (if it was activated)
[ RunManager ] 6228 debug: Reset the dark brem process (if it was activated)
[ RunManager ] 6229 debug: Reset the dark brem process (if it was activated)
[ RunManager ] 6230 debug: Reset the dark brem process (if it was activated)
[ RunManager ] 6231 debug: Reset the dark brem process (if it was activated)
[ RunManager ] 6232 debug: Reset the dark brem process (if it was activated)
[ RunManager ] 6233 debug: Reset the dark brem process (if it was activated)
[ RunManager ] 6234 debug: Reset the dark brem process (if it was activated)
[ RunManager ] 6235 debug: Reset the dark brem process (if it was activated)
[ RunManager ] 6236 debug: Reset the dark brem process (if it was activated)
[ RunManager ] 6237 debug: Reset the dark brem process (if it was activated)
[ RunManager ] 6238 debug: Reset the dark brem process (if it was activated)
[ RunManager ] 6239 debug: Reset the dark brem process (if it was activated)
[ RunManager ] 6240 debug: Reset the dark brem process (if it was activated)
[ RunManager ] 6241 debug: Reset the dark brem process (if it was activated)
[ RunManager ] 6242 debug: Reset the dark brem process (if it was activated)
[ RunManager ] 6243 debug: Reset the dark brem process (if it was activated)
[ RunManager ] 6244 debug: Reset the dark brem process (if it was activated)
[ RunManager ] 6245 debug: Reset the dark brem process (if it was activated)
[ RunManager ] 6246 debug: Reset the dark brem process (if it was activated)
[ RunManager ] 6247 debug: Reset the dark brem process (if it was activated)
[ RunManager ] 6248 debug: Reset the dark brem process (if it was activated)
[ RunManager ] 6249 debug: Reset the dark brem process (if it was activated)
[ RunManager ] 6250 debug: Reset the dark brem process (if it was activated)
[ RunManager ] 6251 debug: Reset the dark brem process (if it was activated)
[ RunManager ] 6252 debug: Reset the dark brem process (if it was activated)
[ RunManager ] 6253 debug: Reset the dark brem process (if it was activated)
[ RunManager ] 6254 debug: Reset the dark brem process (if it was activated)
[ RunManager ] 6255 debug: Reset the dark brem process (if it was activated)
[ RunManager ] 6256 debug: Reset the dark brem process (if it was activated)
[ RunManager ] 6257 debug: Reset the dark brem process (if it was activated)
[ RunManager ] 6258 debug: Reset the dark brem process (if it was activated)
[ RunManager ] 6259 debug: Reset the dark brem process (if it was activated)
[ RunManager ] 6260 debug: Reset the dark brem process (if it was activated)
[ RunManager ] 6261 debug: Reset the dark brem process (if it was activated)
[ RunManager ] 6262 debug: Reset the dark brem process (if it was activated)
[ RunManager ] 6263 debug: Reset the dark brem process (if it was activated)
[ RunManager ] 6264 debug: Reset the dark brem process (if it was activated)
[ RunManager ] 6265 debug: Reset the dark brem process (if it was activated)
[ RunManager ] 6266 debug: Reset the dark brem process (if it was activated)
[ RunManager ] 6267 debug: Reset the dark brem process (if it was activated)
[ RunManager ] 6268 debug: Reset the dark brem process (if it was activated)
[ RunManager ] 6269 debug: Reset the dark brem process (if it was activated)
[ RunManager ] 6270 debug: Reset the dark brem process (if it was activated)
[ RunManager ] 6271 debug: Reset the dark brem process (if it was activated)
[ RunManager ] 6272 debug: Reset the dark brem process (if it was activated)
[ RunManager ] 6273 debug: Reset the dark brem process (if it was activated)
[ RunManager ] 6274 debug: Reset the dark brem process (if it was activated)
[ RunManager ] 6275 debug: Reset the dark brem process (if it was activated)
[ RunManager ] 6276 debug: Reset the dark brem process (if it was activated)
[ RunManager ] 6277 debug: Reset the dark brem process (if it was activated)
[ RunManager ] 6278 debug: Reset the dark brem process (if it was activated)
[ RunManager ] 6279 debug: Reset the dark brem process (if it was activated)
[ RunManager ] 6280 debug: Reset the dark brem process (if it was activated)
[ RunManager ] 6281 debug: Reset the dark brem process (if it was activated)
[ RunManager ] 6282 debug: Reset the dark brem process (if it was activated)
[ RunManager ] 6283 debug: Reset the dark brem process (if it was activated)
[ RunManager ] 6284 debug: Reset the dark brem process (if it was activated)
[ RunManager ] 6285 debug: Reset the dark brem process (if it was activated)
[ RunManager ] 6286 debug: Reset the dark brem process (if it was activated)
[ RunManager ] 6287 debug: Reset the dark brem process (if it was activated)
[ RunManager ] 6288 debug: Reset the dark brem process (if it was activated)
[ RunManager ] 6289 debug: Reset the dark brem process (if it was activated)
[ RunManager ] 6290 debug: Reset the dark brem process (if it was activated)
[ RunManager ] 6291 debug: Reset the dark brem process (if it was activated)
[ RunManager ] 6292 debug: Reset the dark brem process (if it was activated)
[ RunManager ] 6293 debug: Reset the dark brem process (if it was activated)
[ RunManager ] 6294 debug: Reset the dark brem process (if it was activated)
[ RunManager ] 6295 debug: Reset the dark brem process (if it was activated)
[ RunManager ] 6296 debug: Reset the dark brem process (if it was activated)
[ RunManager ] 6297 debug: Reset the dark brem process (if it was activated)
[ RunManager ] 6298 debug: Reset the dark brem process (if it was activated)
[ RunManager ] 6299 debug: Reset the dark brem process (if it was activated)
[ RunManager ] 6300 debug: Reset the dark brem process (if it was activated)
[ RunManager ] 6301 debug: Reset the dark brem process (if it was activated)
[ RunManager ] 6302 debug: Reset the dark brem process (if it was activated)
[ RunManager ] 6303 debug: Reset the dark brem process (if it was activated)
[ RunManager ] 6304 debug: Reset the dark brem process (if it was activated)
[ RunManager ] 6305 debug: Reset the dark brem process (if it was activated)
[ RunManager ] 6306 debug: Reset the dark brem process (if it was activated)
[ RunManager ] 6307 debug: Reset the dark brem process (if it was activated)
[ RunManager ] 6308 debug: Reset the dark brem process (if it was activated)
[ RunManager ] 6309 debug: Reset the dark brem process (if it was activated)
[ RunManager ] 6310 debug: Reset the dark brem process (if it was activated)
[ RunManager ] 6311 debug: Reset the dark brem process (if it was activated)
[ RunManager ] 6312 debug: Reset the dark brem process (if it was activated)
[ RunManager ] 6313 debug: Reset the dark brem process (if it was activated)
[ RunManager ] 6314 debug: Reset the dark brem process (if it was activated)
[ RunManager ] 6315 debug: Reset the dark brem process (if it was activated)
[ RunManager ] 6316 debug: Reset the dark brem process (if it was activated)
[ RunManager ] 6317 debug: Reset the dark brem process (if it was activated)
[ RunManager ] 6318 debug: Reset the dark brem process (if it was activated)
[ RunManager ] 6319 debug: Reset the dark brem process (if it was activated)
[ RunManager ] 6320 debug: Reset the dark brem process (if it was activated)
[ RunManager ] 6321 debug: Reset the dark brem process (if it was activated)
[ RunManager ] 6322 debug: Reset the dark brem process (if it was activated)
[ RunManager ] 6323 debug: Reset the dark brem process (if it was activated)
[ RunManager ] 6324 debug: Reset the dark brem process (if it was activated)
[ RunManager ] 6325 debug: Reset the dark brem process (if it was activated)
[ RunManager ] 6326 debug: Reset the dark brem process (if it was activated)
[ RunManager ] 6327 debug: Reset the dark brem process (if it was activated)
[ RunManager ] 6328 debug: Reset the dark brem process (if it was activated)
[ RunManager ] 6329 debug: Reset the dark brem process (if it was activated)
[ RunManager ] 6330 debug: Reset the dark brem process (if it was activated)
[ RunManager ] 6331 debug: Reset the dark brem process (if it was activated)
[ RunManager ] 6332 debug: Reset the dark brem process (if it was activated)
[ RunManager ] 6333 debug: Reset the dark brem process (if it was activated)
[ RunManager ] 6334 debug: Reset the dark brem process (if it was activated)
[ RunManager ] 6335 debug: Reset the dark brem process (if it was activated)
[ RunManager ] 6336 debug: Reset the dark brem process (if it was activated)
[ RunManager ] 6337 debug: Reset the dark brem process (if it was activated)
[ RunManager ] 6338 debug: Reset the dark brem process (if it was activated)
[ RunManager ] 6339 debug: Reset the dark brem process (if it was activated)
[ RunManager ] 6340 debug: Reset the dark brem process (if it was activated)
[ RunManager ] 6341 debug: Reset the dark brem process (if it was activated)
[ RunManager ] 6342 debug: Reset the dark brem process (if it was activated)
[ RunManager ] 6343 debug: Reset the dark brem process (if it was activated)
[ RunManager ] 6344 debug: Reset the dark brem process (if it was activated)
[ RunManager ] 6345 debug: Reset the dark brem process (if it was activated)
[ RunManager ] 6346 debug: Reset the dark brem process (if it was activated)
[ RunManager ] 6347 debug: Reset the dark brem process (if it was activated)
[ RunManager ] 6348 debug: Reset the dark brem process (if it was activated)
[ RunManager ] 6349 debug: Reset the dark brem process (if it was activated)
[ RunManager ] 6350 debug: Reset the dark brem process (if it was activated)
[ RunManager ] 6351 debug: Reset the dark brem process (if it was activated)
[ RunManager ] 6352 debug: Reset the dark brem process (if it was activated)
[ RunManager ] 6353 debug: Reset the dark brem process (if it was activated)
[ RunManager ] 6354 debug: Reset the dark brem process (if it was activated)
[ RunManager ] 6355 debug: Reset the dark brem process (if it was activated)
[ RunManager ] 6356 debug: Reset the dark brem process (if it was activated)
[ RunManager ] 6357 debug: Reset the dark brem process (if it was activated)
[ RunManager ] 6358 debug: Reset the dark brem process (if it was activated)
[ RunManager ] 6359 debug: Reset the dark brem process (if it was activated)
[ RunManager ] 6360 debug: Reset the dark brem process (if it was activated)
[ RunManager ] 6361 debug: Reset the dark brem process (if it was activated)
[ RunManager ] 6362 debug: Reset the dark brem process (if it was activated)
[ RunManager ] 6363 debug: Reset the dark brem process (if it was activated)
[ RunManager ] 6364 debug: Reset the dark brem process (if it was activated)
[ RunManager ] 6365 debug: Reset the dark brem process (if it was activated)
[ RunManager ] 6366 debug: Reset the dark brem process (if it was activated)
[ RunManager ] 6367 debug: Reset the dark brem process (if it was activated)
[ RunManager ] 6368 debug: Reset the dark brem process (if it was activated)
[ RunManager ] 6369 debug: Reset the dark brem process (if it was activated)
[ RunManager ] 6370 debug: Reset the dark brem process (if it was activated)
[ RunManager ] 6371 debug: Reset the dark brem process (if it was activated)
[ RunManager ] 6372 debug: Reset the dark brem process (if it was activated)
[ RunManager ] 6373 debug: Reset the dark brem process (if it was activated)
[ RunManager ] 6374 debug: Reset the dark brem process (if it was activated)
[ RunManager ] 6375 debug: Reset the dark brem process (if it was activated)
[ RunManager ] 6376 debug: Reset the dark brem process (if it was activated)
[ RunManager ] 6377 debug: Reset the dark brem process (if it was activated)
[ RunManager ] 6378 debug: Reset the dark brem process (if it was activated)
[ RunManager ] 6379 debug: Reset the dark brem process (if it was activated)
[ RunManager ] 6380 debug: Reset the dark brem process (if it was activated)
[ RunManager ] 6381 debug: Reset the dark brem process (if it was activated)
[ RunManager ] 6382 debug: Reset the dark brem process (if it was activated)
[ RunManager ] 6383 debug: Reset the dark brem process (if it was activated)
[ RunManager ] 6384 debug: Reset the dark brem process (if it was activated)
[ RunManager ] 6385 debug: Reset the dark brem process (if it was activated)
[ RunManager ] 6386 debug: Reset the dark brem process (if it was activated)
[ RunManager ] 6387 debug: Reset the dark brem process (if it was activated)
[ RunManager ] 6388 debug: Reset the dark brem process (if it was activated)
[ RunManager ] 6389 debug: Reset the dark brem process (if it was activated)
[ RunManager ] 6390 debug: Reset the dark brem process (if it was activated)
[ RunManager ] 6391 debug: Reset the dark brem process (if it was activated)
[ RunManager ] 6392 debug: Reset the dark brem process (if it was activated)
[ RunManager ] 6393 debug: Reset the dark brem process (if it was activated)
[ RunManager ] 6394 debug: Reset the dark brem process (if it was activated)
[ RunManager ] 6395 debug: Reset the dark brem process (if it was activated)
[ RunManager ] 6396 debug: Reset the dark brem process (if it was activated)
[ RunManager ] 6397 debug: Reset the dark brem process (if it was activated)
[ RunManager ] 6398 debug: Reset the dark brem process (if it was activated)
[ RunManager ] 6399 debug: Reset the dark brem process (if it was activated)
[ RunManager ] 6400 debug: Reset the dark brem process (if it was activated)
[ RunManager ] 6401 debug: Reset the dark brem process (if it was activated)
[ RunManager ] 6402 debug: Reset the dark brem process (if it was activated)
[ RunManager ] 6403 debug: Reset the dark brem process (if it was activated)
[ RunManager ] 6404 debug: Reset the dark brem process (if it was activated)
[ RunManager ] 6405 debug: Reset the dark brem process (if it was activated)
[ RunManager ] 6406 debug: Reset the dark brem process (if it was activated)
[ RunManager ] 6407 debug: Reset the dark brem process (if it was activated)
[ RunManager ] 6408 debug: Reset the dark brem process (if it was activated)
[ RunManager ] 6409 debug: Reset the dark brem process (if it was activated)
[ RunManager ] 6410 debug: Reset the dark brem process (if it was activated)
[ RunManager ] 6411 debug: Reset the dark brem process (if it was activated)
[ RunManager ] 6412 debug: Reset the dark brem process (if it was activated)
[ RunManager ] 6413 debug: Reset the dark brem process (if it was activated)
[ RunManager ] 6414 debug: Reset the dark brem process (if it was activated)
[ RunManager ] 6415 debug: Reset the dark brem process (if it was activated)
[ RunManager ] 6416 debug: Reset the dark brem process (if it was activated)
[ RunManager ] 6417 debug: Reset the dark brem process (if it was activated)
[ RunManager ] 6418 debug: Reset the dark brem process (if it was activated)
[ RunManager ] 6419 debug: Reset the dark brem process (if it was activated)
[ RunManager ] 6420 debug: Reset the dark brem process (if it was activated)
[ RunManager ] 6421 debug: Reset the dark brem process (if it was activated)
[ RunManager ] 6422 debug: Reset the dark brem process (if it was activated)
[ RunManager ] 6423 debug: Reset the dark brem process (if it was activated)
[ RunManager ] 6424 debug: Reset the dark brem process (if it was activated)
[ RunManager ] 6425 debug: Reset the dark brem process (if it was activated)
[ RunManager ] 6426 debug: Reset the dark brem process (if it was activated)
[ RunManager ] 6427 debug: Reset the dark brem process (if it was activated)
[ RunManager ] 6428 debug: Reset the dark brem process (if it was activated)
[ RunManager ] 6429 debug: Reset the dark brem process (if it was activated)
[ RunManager ] 6430 debug: Reset the dark brem process (if it was activated)
[ RunManager ] 6431 debug: Reset the dark brem process (if it was activated)
[ RunManager ] 6432 debug: Reset the dark brem process (if it was activated)
[ RunManager ] 6433 debug: Reset the dark brem process (if it was activated)
[ RunManager ] 6434 debug: Reset the dark brem process (if it was activated)
[ RunManager ] 6435 debug: Reset the dark brem process (if it was activated)
[ RunManager ] 6436 debug: Reset the dark brem process (if it was activated)
[ RunManager ] 6437 debug: Reset the dark brem process (if it was activated)
[ RunManager ] 6438 debug: Reset the dark brem process (if it was activated)
[ RunManager ] 6439 debug: Reset the dark brem process (if it was activated)
[ RunManager ] 6440 debug: Reset the dark brem process (if it was activated)
[ RunManager ] 6441 debug: Reset the dark brem process (if it was activated)
[ RunManager ] 6442 debug: Reset the dark brem process (if it was activated)
[ RunManager ] 6443 debug: Reset the dark brem process (if it was activated)
[ RunManager ] 6444 debug: Reset the dark brem process (if it was activated)
[ RunManager ] 6445 debug: Reset the dark brem process (if it was activated)
[ RunManager ] 6446 debug: Reset the dark brem process (if it was activated)
[ RunManager ] 6447 debug: Reset the dark brem process (if it was activated)
[ RunManager ] 6448 debug: Reset the dark brem process (if it was activated)
[ RunManager ] 6449 debug: Reset the dark brem process (if it was activated)
[ RunManager ] 6450 debug: Reset the dark brem process (if it was activated)
[ RunManager ] 6451 debug: Reset the dark brem process (if it was activated)
[ RunManager ] 6452 debug: Reset the dark brem process (if it was activated)
[ RunManager ] 6453 debug: Reset the dark brem process (if it was activated)
[ RunManager ] 6454 debug: Reset the dark brem process (if it was activated)
[ RunManager ] 6455 debug: Reset the dark brem process (if it was activated)
[ RunManager ] 6456 debug: Reset the dark brem process (if it was activated)
[ RunManager ] 6457 debug: Reset the dark brem process (if it was activated)
[ RunManager ] 6458 debug: Reset the dark brem process (if it was activated)
[ RunManager ] 6459 debug: Reset the dark brem process (if it was activated)
[ RunManager ] 6460 debug: Reset the dark brem process (if it was activated)
[ RunManager ] 6461 debug: Reset the dark brem process (if it was activated)
[ RunManager ] 6462 debug: Reset the dark brem process (if it was activated)
[ RunManager ] 6463 debug: Reset the dark brem process (if it was activated)
[ RunManager ] 6464 debug: Reset the dark brem process (if it was activated)
[ RunManager ] 6465 debug: Reset the dark brem process (if it was activated)
[ RunManager ] 6466 debug: Reset the dark brem process (if it was activated)
[ RunManager ] 6467 debug: Reset the dark brem process (if it was activated)
[ RunManager ] 6468 debug: Reset the dark brem process (if it was activated)
[ RunManager ] 6469 debug: Reset the dark brem process (if it was activated)
[ RunManager ] 6470 debug: Reset the dark brem process (if it was activated)
[ RunManager ] 6471 debug: Reset the dark brem process (if it was activated)
[ RunManager ] 6472 debug: Reset the dark brem process (if it was activated)
[ RunManager ] 6473 debug: Reset the dark brem process (if it was activated)
[ RunManager ] 6474 debug: Reset the dark brem process (if it was activated)
[ RunManager ] 6475 debug: Reset the dark brem process (if it was activated)
[ RunManager ] 6476 debug: Reset the dark brem process (if it was activated)
[ RunManager ] 6477 debug: Reset the dark brem process (if it was activated)
[ RunManager ] 6478 debug: Reset the dark brem process (if it was activated)
[ RunManager ] 6479 debug: Reset the dark brem process (if it was activated)
[ RunManager ] 6480 debug: Reset the dark brem process (if it was activated)
[ RunManager ] 6481 debug: Reset the dark brem process (if it was activated)
[ RunManager ] 6482 debug: Reset the dark brem process (if it was activated)
[ RunManager ] 6483 debug: Reset the dark brem process (if it was activated)
[ RunManager ] 6484 debug: Reset the dark brem process (if it was activated)
[ RunManager ] 6485 debug: Reset the dark brem process (if it was activated)
[ RunManager ] 6486 debug: Reset the dark brem process (if it was activated)
[ RunManager ] 6487 debug: Reset the dark brem process (if it was activated)
[ RunManager ] 6488 debug: Reset the dark brem process (if it was activated)
[ RunManager ] 6489 debug: Reset the dark brem process (if it was activated)
[ RunManager ] 6490 debug: Reset the dark brem process (if it was activated)
[ RunManager ] 6491 debug: Reset the dark brem process (if it was activated)
[ RunManager ] 6492 debug: Reset the dark brem process (if it was activated)
[ RunManager ] 6493 debug: Reset the dark brem process (if it was activated)
[ RunManager ] 6494 debug: Reset the dark brem process (if it was activated)
[ RunManager ] 6495 debug: Reset the dark brem process (if it was activated)
[ RunManager ] 6496 debug: Reset the dark brem process (if it was activated)
[ RunManager ] 6497 debug: Reset the dark brem process (if it was activated)
[ RunManager ] 6498 debug: Reset the dark brem process (if it was activated)
[ RunManager ] 6499 debug: Reset the dark brem process (if it was activated)
[ RunManager ] 6500 debug: Reset the dark brem process (if it was activated)
[ RunManager ] 6501 debug: Reset the dark brem process (if it was activated)
[ RunManager ] 6502 debug: Reset the dark brem process (if it was activated)
[ RunManager ] 6503 debug: Reset the dark brem process (if it was activated)
[ RunManager ] 6504 debug: Reset the dark brem process (if it was activated)
[ RunManager ] 6505 debug: Reset the dark brem process (if it was activated)
[ RunManager ] 6506 debug: Reset the dark brem process (if it was activated)
[ RunManager ] 6507 debug: Reset the dark brem process (if it was activated)
[ RunManager ] 6508 debug: Reset the dark brem process (if it was activated)
[ RunManager ] 6509 debug: Reset the dark brem process (if it was activated)
[ RunManager ] 6510 debug: Reset the dark brem process (if it was activated)
[ RunManager ] 6511 debug: Reset the dark brem process (if it was activated)
[ RunManager ] 6512 debug: Reset the dark brem process (if it was activated)
[ RunManager ] 6513 debug: Reset the dark brem process (if it was activated)
[ RunManager ] 6514 debug: Reset the dark brem process (if it was activated)
[ RunManager ] 6515 debug: Reset the dark brem process (if it was activated)
[ RunManager ] 6516 debug: Reset the dark brem process (if it was activated)
[ RunManager ] 6517 debug: Reset the dark brem process (if it was activated)
[ RunManager ] 6518 debug: Reset the dark brem process (if it was activated)
[ RunManager ] 6519 debug: Reset the dark brem process (if it was activated)
[ RunManager ] 6520 debug: Reset the dark brem process (if it was activated)
[ RunManager ] 6521 debug: Reset the dark brem process (if it was activated)
[ RunManager ] 6522 debug: Reset the dark brem process (if it was activated)
[ RunManager ] 6523 debug: Reset the dark brem process (if it was activated)
[ RunManager ] 6524 debug: Reset the dark brem process (if it was activated)
[ RunManager ] 6525 debug: Reset the dark brem process (if it was activated)
[ RunManager ] 6526 debug: Reset the dark brem process (if it was activated)
[ RunManager ] 6527 debug: Reset the dark brem process (if it was activated)
[ RunManager ] 6528 debug: Reset the dark brem process (if it was activated)
[ RunManager ] 6529 debug: Reset the dark brem process (if it was activated)
[ RunManager ] 6530 debug: Reset the dark brem process (if it was activated)
[ RunManager ] 6531 debug: Reset the dark brem process (if it was activated)
[ RunManager ] 6532 debug: Reset the dark brem process (if it was activated)
[ RunManager ] 6533 debug: Reset the dark brem process (if it was activated)
[ RunManager ] 6534 debug: Reset the dark brem process (if it was activated)
[ RunManager ] 6535 debug: Reset the dark brem process (if it was activated)
[ RunManager ] 6536 debug: Reset the dark brem process (if it was activated)
[ RunManager ] 6537 debug: Reset the dark brem process (if it was activated)
[ RunManager ] 6538 debug: Reset the dark brem process (if it was activated)
[ RunManager ] 6539 debug: Reset the dark brem process (if it was activated)
[ RunManager ] 6540 debug: Reset the dark brem process (if it was activated)
[ RunManager ] 6541 debug: Reset the dark brem process (if it was activated)
[ RunManager ] 6542 debug: Reset the dark brem process (if it was activated)
[ RunManager ] 6543 debug: Reset the dark brem process (if it was activated)
[ RunManager ] 6544 debug: Reset the dark brem process (if it was activated)
[ RunManager ] 6545 debug: Reset the dark brem process (if it was activated)
[ RunManager ] 6546 debug: Reset the dark brem process (if it was activated)
[ RunManager ] 6547 debug: Reset the dark brem process (if it was activated)
[ RunManager ] 6548 debug: Reset the dark brem process (if it was activated)
[ RunManager ] 6549 debug: Reset the dark brem process (if it was activated)
[ RunManager ] 6550 debug: Reset the dark brem process (if it was activated)
[ RunManager ] 6551 debug: Reset the dark brem process (if it was activated)
[ RunManager ] 6552 debug: Reset the dark brem process (if it was activated)
[ RunManager ] 6553 debug: Reset the dark brem process (if it was activated)
[ RunManager ] 6554 debug: Reset the dark brem process (if it was activated)
[ RunManager ] 6555 debug: Reset the dark brem process (if it was activated)
[ RunManager ] 6556 debug: Reset the dark brem process (if it was activated)
[ RunManager ] 6557 debug: Reset the dark brem process (if it was activated)
[ RunManager ] 6558 debug: Reset the dark brem process (if it was activated)
[ RunManager ] 6559 debug: Reset the dark brem process (if it was activated)
[ RunManager ] 6560 debug: Reset the dark brem process (if it was activated)
[ RunManager ] 6561 debug: Reset the dark brem process (if it was activated)
[ RunManager ] 6562 debug: Reset the dark brem process (if it was activated)
[ RunManager ] 6563 debug: Reset the dark brem process (if it was activated)
[ RunManager ] 6564 debug: Reset the dark brem process (if it was activated)
[ RunManager ] 6565 debug: Reset the dark brem process (if it was activated)
[ RunManager ] 6566 debug: Reset the dark brem process (if it was activated)
[ RunManager ] 6567 debug: Reset the dark brem process (if it was activated)
[ RunManager ] 6568 debug: Reset the dark brem process (if it was activated)
[ RunManager ] 6569 debug: Reset the dark brem process (if it was activated)
[ RunManager ] 6570 debug: Reset the dark brem process (if it was activated)
[ RunManager ] 6571 debug: Reset the dark brem process (if it was activated)
[ RunManager ] 6572 debug: Reset the dark brem process (if it was activated)
[ RunManager ] 6573 debug: Reset the dark brem process (if it was activated)
[ RunManager ] 6574 debug: Reset the dark brem process (if it was activated)
[ RunManager ] 6575 debug: Reset the dark brem process (if it was activated)
[ RunManager ] 6576 debug: Reset the dark brem process (if it was activated)
[ RunManager ] 6577 debug: Reset the dark brem process (if it was activated)
[ RunManager ] 6578 debug: Reset the dark brem process (if it was activated)
[ RunManager ] 6579 debug: Reset the dark brem process (if it was activated)
[ RunManager ] 6580 debug: Reset the dark brem process (if it was activated)
[ RunManager ] 6581 debug: Reset the dark brem process (if it was activated)
[ RunManager ] 6582 debug: Reset the dark brem process (if it was activated)
[ RunManager ] 6583 debug: Reset the dark brem process (if it was activated)
[ RunManager ] 6584 debug: Reset the dark brem process (if it was activated)
[ RunManager ] 6585 debug: Reset the dark brem process (if it was activated)
[ RunManager ] 6586 debug: Reset the dark brem process (if it was activated)
[ RunManager ] 6587 debug: Reset the dark brem process (if it was activated)
[ RunManager ] 6588 debug: Reset the dark brem process (if it was activated)
[ RunManager ] 6589 debug: Reset the dark brem process (if it was activated)
[ RunManager ] 6590 debug: Reset the dark brem process (if it was activated)
[ RunManager ] 6591 debug: Reset the dark brem process (if it was activated)
[ RunManager ] 6592 debug: Reset the dark brem process (if it was activated)
[ RunManager ] 6593 debug: Reset the dark brem process (if it was activated)
[ RunManager ] 6594 debug: Reset the dark brem process (if it was activated)
[ RunManager ] 6595 debug: Reset the dark brem process (if it was activated)
[ RunManager ] 6596 debug: Reset the dark brem process (if it was activated)
[ RunManager ] 6597 debug: Reset the dark brem process (if it was activated)
[ RunManager ] 6598 debug: Reset the dark brem process (if it was activated)
[ RunManager ] 6599 debug: Reset the dark brem process (if it was activated)
[ RunManager ] 6600 debug: Reset the dark brem process (if it was activated)
[ RunManager ] 6601 debug: Reset the dark brem process (if it was activated)
[ RunManager ] 6602 debug: Reset the dark brem process (if it was activated)
[ RunManager ] 6603 debug: Reset the dark brem process (if it was activated)
[ RunManager ] 6604 debug: Reset the dark brem process (if it was activated)
[ RunManager ] 6605 debug: Reset the dark brem process (if it was activated)
[ RunManager ] 6606 debug: Reset the dark brem process (if it was activated)
[ RunManager ] 6607 debug: Reset the dark brem process (if it was activated)
[ RunManager ] 6608 debug: Reset the dark brem process (if it was activated)
[ RunManager ] 6609 debug: Reset the dark brem process (if it was activated)
[ RunManager ] 6610 debug: Reset the dark brem process (if it was activated)
[ RunManager ] 6611 debug: Reset the dark brem process (if it was activated)
[ RunManager ] 6612 debug: Reset the dark brem process (if it was activated)
[ RunManager ] 6613 debug: Reset the dark brem process (if it was activated)
[ RunManager ] 6614 debug: Reset the dark brem process (if it was activated)
[ RunManager ] 6615 debug: Reset the dark brem process (if it was activated)
[ RunManager ] 6616 debug: Reset the dark brem process (if it was activated)
[ RunManager ] 6617 debug: Reset the dark brem process (if it was activated)
[ RunManager ] 6618 debug: Reset the dark brem process (if it was activated)
[ RunManager ] 6619 debug: Reset the dark brem process (if it was activated)
[ RunManager ] 6620 debug: Reset the dark brem process (if it was activated)
[ RunManager ] 6621 debug: Reset the dark brem process (if it was activated)
[ RunManager ] 6622 debug: Reset the dark brem process (if it was activated)
[ RunManager ] 6623 debug: Reset the dark brem process (if it was activated)
[ RunManager ] 6624 debug: Reset the dark brem process (if it was activated)
[ RunManager ] 6625 debug: Reset the dark brem process (if it was activated)
[ RunManager ] 6626 debug: Reset the dark brem process (if it was activated)
[ RunManager ] 6627 debug: Reset the dark brem process (if it was activated)
[ RunManager ] 6628 debug: Reset the dark brem process (if it was activated)
[ RunManager ] 6629 debug: Reset the dark brem process (if it was activated)
[ RunManager ] 6630 debug: Reset the dark brem process (if it was activated)
[ RunManager ] 6631 debug: Reset the dark brem process (if it was activated)
[ RunManager ] 6632 debug: Reset the dark brem process (if it was activated)
[ RunManager ] 6633 debug: Reset the dark brem process (if it was activated)
[ RunManager ] 6634 debug: Reset the dark brem process (if it was activated)
[ RunManager ] 6635 debug: Reset the dark brem process (if it was activated)
[ RunManager ] 6636 debug: Reset the dark brem process (if it was activated)
[ RunManager ] 6637 debug: Reset the dark brem process (if it was activated)
[ RunManager ] 6638 debug: Reset the dark brem process (if it was activated)
[ RunManager ] 6639 debug: Reset the dark brem process (if it was activated)
[ RunManager ] 6640 debug: Reset the dark brem process (if it was activated)
[ RunManager ] 6641 debug: Reset the dark brem process (if it was activated)
[ RunManager ] 6642 debug: Reset the dark brem process (if it was activated)
[ RunManager ] 6643 debug: Reset the dark brem process (if it was activated)
[ RunManager ] 6644 debug: Reset the dark brem process (if it was activated)
[ RunManager ] 6645 debug: Reset the dark brem process (if it was activated)
[ RunManager ] 6646 debug: Reset the dark brem process (if it was activated)
[ RunManager ] 6647 debug: Reset the dark brem process (if it was activated)
[ RunManager ] 6648 debug: Reset the dark brem process (if it was activated)
[ RunManager ] 6649 debug: Reset the dark brem process (if it was activated)
[ RunManager ] 6650 debug: Reset the dark brem process (if it was activated)
[ RunManager ] 6651 debug: Reset the dark brem process (if it was activated)
[ RunManager ] 6652 debug: Reset the dark brem process (if it was activated)
[ RunManager ] 6653 debug: Reset the dark brem process (if it was activated)
[ RunManager ] 6654 debug: Reset the dark brem process (if it was activated)
[ RunManager ] 6655 debug: Reset the dark brem process (if it was activated)
[ RunManager ] 6656 debug: Reset the dark brem process (if it was activated)
[ RunManager ] 6657 debug: Reset the dark brem process (if it was activated)
[ RunManager ] 6658 debug: Reset the dark brem process (if it was activated)
[ RunManager ] 6659 debug: Reset the dark brem process (if it was activated)
[ RunManager ] 6660 debug: Reset the dark brem process (if it was activated)
[ RunManager ] 6661 debug: Reset the dark brem process (if it was activated)
[ RunManager ] 6662 debug: Reset the dark brem process (if it was activated)
[ RunManager ] 6663 debug: Reset the dark brem process (if it was activated)
[ RunManager ] 6664 debug: Reset the dark brem process (if it was activated)
[ RunManager ] 6665 debug: Reset the dark brem process (if it was activated)
[ RunManager ] 6666 debug: Reset the dark brem process (if it was activated)
[ RunManager ] 6667 debug: Reset the dark brem process (if it was activated)
[ RunManager ] 6668 debug: Reset the dark brem process (if it was activated)
[ RunManager ] 6669 debug: Reset the dark brem process (if it was activated)
[ RunManager ] 6670 debug: Reset the dark brem process (if it was activated)
[ RunManager ] 6671 debug: Reset the dark brem process (if it was activated)
[ RunManager ] 6672 debug: Reset the dark brem process (if it was activated)
[ RunManager ] 6673 debug: Reset the dark brem process (if it was activated)
[ RunManager ] 6674 debug: Reset the dark brem process (if it was activated)
[ RunManager ] 6675 debug: Reset the dark brem process (if it was activated)
[ RunManager ] 6676 debug: Reset the dark brem process (if it was activated)
[ RunManager ] 6677 debug: Reset the dark brem process (if it was activated)
[ RunManager ] 6678 debug: Reset the dark brem process (if it was activated)
[ RunManager ] 6679 debug: Reset the dark brem process (if it was activated)
[ RunManager ] 6680 debug: Reset the dark brem process (if it was activated)
[ RunManager ] 6681 debug: Reset the dark brem process (if it was activated)
[ RunManager ] 6682 debug: Reset the dark brem process (if it was activated)
[ RunManager ] 6683 debug: Reset the dark brem process (if it was activated)
[ RunManager ] 6684 debug: Reset the dark brem process (if it was activated)
[ RunManager ] 6685 debug: Reset the dark brem process (if it was activated)
[ RunManager ] 6686 debug: Reset the dark brem process (if it was activated)
[ RunManager ] 6687 debug: Reset the dark brem process (if it was activated)
[ RunManager ] 6688 debug: Reset the dark brem process (if it was activated)
[ RunManager ] 6689 debug: Reset the dark brem process (if it was activated)
[ RunManager ] 6690 debug: Reset the dark brem process (if it was activated)
[ RunManager ] 6691 debug: Reset the dark brem process (if it was activated)
[ RunManager ] 6692 debug: Reset the dark brem process (if it was activated)
[ RunManager ] 6693 debug: Reset the dark brem process (if it was activated)
[ RunManager ] 6694 debug: Reset the dark brem process (if it was activated)
[ RunManager ] 6695 debug: Reset the dark brem process (if it was activated)
[ RunManager ] 6696 debug: Reset the dark brem process (if it was activated)
[ RunManager ] 6697 debug: Reset the dark brem process (if it was activated)
[ RunManager ] 6698 debug: Reset the dark brem process (if it was activated)
[ RunManager ] 6699 debug: Reset the dark brem process (if it was activated)
[ RunManager ] 6700 debug: Reset the dark brem process (if it was activated)
[ RunManager ] 6701 debug: Reset the dark brem process (if it was activated)
[ RunManager ] 6702 debug: Reset the dark brem process (if it was activated)
[ RunManager ] 6703 debug: Reset the dark brem process (if it was activated)
[ RunManager ] 6704 debug: Reset the dark brem process (if it was activated)
[ RunManager ] 6705 debug: Reset the dark brem process (if it was activated)
[ RunManager ] 6706 debug: Reset the dark brem process (if it was activated)
[ RunManager ] 6707 debug: Reset the dark brem process (if it was activated)
[ RunManager ] 6708 debug: Reset the dark brem process (if it was activated)
[ RunManager ] 6709 debug: Reset the dark brem process (if it was activated)
[ RunManager ] 6710 debug: Reset the dark brem process (if it was activated)
[ RunManager ] 6711 debug: Reset the dark brem process (if it was activated)
[ RunManager ] 6712 debug: Reset the dark brem process (if it was activated)
[ RunManager ] 6713 debug: Reset the dark brem process (if it was activated)
[ RunManager ] 6714 debug: Reset the dark brem process (if it was activated)
[ RunManager ] 6715 debug: Reset the dark brem process (if it was activated)
[ RunManager ] 6716 debug: Reset the dark brem process (if it was activated)
[ RunManager ] 6717 debug: Reset the dark brem process (if it was activated)
[ RunManager ] 6718 debug: Reset the dark brem process (if it was activated)
[ RunManager ] 6719 debug: Reset the dark brem process (if it was activated)
[ RunManager ] 6720 debug: Reset the dark brem process (if it was activated)
[ RunManager ] 6721 debug: Reset the dark brem process (if it was activated)
[ RunManager ] 6722 debug: Reset the dark brem process (if it was activated)
[ RunManager ] 6723 debug: Reset the dark brem process (if it was activated)
[ RunManager ] 6724 debug: Reset the dark brem process (if it was activated)
[ RunManager ] 6725 debug: Reset the dark brem process (if it was activated)
[ RunManager ] 6726 debug: Reset the dark brem process (if it was activated)
[ RunManager ] 6727 debug: Reset the dark brem process (if it was activated)
[ RunManager ] 6728 debug: Reset the dark brem process (if it was activated)
[ RunManager ] 6729 debug: Reset the dark brem process (if it was activated)
[ RunManager ] 6730 debug: Reset the dark brem process (if it was activated)
[ RunManager ] 6731 debug: Reset the dark brem process (if it was activated)
[ RunManager ] 6732 debug: Reset the dark brem process (if it was activated)
[ RunManager ] 6733 debug: Reset the dark brem process (if it was activated)
[ RunManager ] 6734 debug: Reset the dark brem process (if it was activated)
[ RunManager ] 6735 debug: Reset the dark brem process (if it was activated)
[ RunManager ] 6736 debug: Reset the dark brem process (if it was activated)
[ RunManager ] 6737 debug: Reset the dark brem process (if it was activated)
[ RunManager ] 6738 debug: Reset the dark brem process (if it was activated)
[ RunManager ] 6739 debug: Reset the dark brem process (if it was activated)
[ RunManager ] 6740 debug: Reset the dark brem process (if it was activated)
[ RunManager ] 6741 debug: Reset the dark brem process (if it was activated)
[ RunManager ] 6742 debug: Reset the dark brem process (if it was activated)
[ RunManager ] 6743 debug: Reset the dark brem process (if it was activated)
[ RunManager ] 6744 debug: Reset the dark brem process (if it was activated)
[ RunManager ] 6745 debug: Reset the dark brem process (if it was activated)
[ RunManager ] 6746 debug: Reset the dark brem process (if it was activated)
[ RunManager ] 6747 debug: Reset the dark brem process (if it was activated)
[ RunManager ] 6748 debug: Reset the dark brem process (if it was activated)
[ RunManager ] 6749 debug: Reset the dark brem process (if it was activated)
[ RunManager ] 6750 debug: Reset the dark brem process (if it was activated)
[ RunManager ] 6751 debug: Reset the dark brem process (if it was activated)
[ RunManager ] 6752 debug: Reset the dark brem process (if it was activated)
[ RunManager ] 6753 debug: Reset the dark brem process (if it was activated)
[ RunManager ] 6754 debug: Reset the dark brem process (if it was activated)
[ RunManager ] 6755 debug: Reset the dark brem process (if it was activated)
[ RunManager ] 6756 debug: Reset the dark brem process (if it was activated)
[ RunManager ] 6757 debug: Reset the dark brem process (if it was activated)
[ RunManager ] 6758 debug: Reset the dark brem process (if it was activated)
[ RunManager ] 6759 debug: Reset the dark brem process (if it was activated)
[ RunManager ] 6760 debug: Reset the dark brem process (if it was activated)
[ RunManager ] 6761 debug: Reset the dark brem process (if it was activated)
[ RunManager ] 6762 debug: Reset the dark brem process (if it was activated)
[ RunManager ] 6763 debug: Reset the dark brem process (if it was activated)
[ RunManager ] 6764 debug: Reset the dark brem process (if it was activated)
[ RunManager ] 6765 debug: Reset the dark brem process (if it was activated)
[ RunManager ] 6766 debug: Reset the dark brem process (if it was activated)
[ RunManager ] 6767 debug: Reset the dark brem process (if it was activated)
[ RunManager ] 6768 debug: Reset the dark brem process (if it was activated)
[ RunManager ] 6769 debug: Reset the dark brem process (if it was activated)
[ RunManager ] 6770 debug: Reset the dark brem process (if it was activated)
[ RunManager ] 6771 debug: Reset the dark brem process (if it was activated)
[ RunManager ] 6772 debug: Reset the dark brem process (if it was activated)
[ RunManager ] 6773 debug: Reset the dark brem process (if it was activated)
[ RunManager ] 6774 debug: Reset the dark brem process (if it was activated)
[ RunManager ] 6775 debug: Reset the dark brem process (if it was activated)
[ RunManager ] 6776 debug: Reset the dark brem process (if it was activated)
[ RunManager ] 6777 debug: Reset the dark brem process (if it was activated)
[ RunManager ] 6778 debug: Reset the dark brem process (if it was activated)
[ RunManager ] 6779 debug: Reset the dark brem process (if it was activated)
[ RunManager ] 6780 debug: Reset the dark brem process (if it was activated)
[ RunManager ] 6781 debug: Reset the dark brem process (if it was activated)
[ RunManager ] 6782 debug: Reset the dark brem process (if it was activated)
[ RunManager ] 6783 debug: Reset the dark brem process (if it was activated)
[ RunManager ] 6784 debug: Reset the dark brem process (if it was activated)
[ RunManager ] 6785 debug: Reset the dark brem process (if it was activated)
[ RunManager ] 6786 debug: Reset the dark brem process (if it was activated)
[ RunManager ] 6787 debug: Reset the dark brem process (if it was activated)
[ RunManager ] 6788 debug: Reset the dark brem process (if it was activated)
[ RunManager ] 6789 debug: Reset the dark brem process (if it was activated)
[ RunManager ] 6790 debug: Reset the dark brem process (if it was activated)
[ RunManager ] 6791 debug: Reset the dark brem process (if it was activated)
[ RunManager ] 6792 debug: Reset the dark brem process (if it was activated)
[ RunManager ] 6793 debug: Reset the dark brem process (if it was activated)
[ RunManager ] 6794 debug: Reset the dark brem process (if it was activated)
[ RunManager ] 6795 debug: Reset the dark brem process (if it was activated)
[ RunManager ] 6796 debug: Reset the dark brem process (if it was activated)
[ RunManager ] 6797 debug: Reset the dark brem process (if it was activated)
[ RunManager ] 6798 debug: Reset the dark brem process (if it was activated)
[ RunManager ] 6799 debug: Reset the dark brem process (if it was activated)
[ RunManager ] 6800 debug: Reset the dark brem process (if it was activated)
[ RunManager ] 6801 debug: Reset the dark brem process (if it was activated)
[ RunManager ] 6802 debug: Reset the dark brem process (if it was activated)
[ RunManager ] 6803 debug: Reset the dark brem process (if it was activated)
[ RunManager ] 6804 debug: Reset the dark brem process (if it was activated)
[ RunManager ] 6805 debug: Reset the dark brem process (if it was activated)
[ RunManager ] 6806 debug: Reset the dark brem process (if it was activated)
[ RunManager ] 6807 debug: Reset the dark brem process (if it was activated)
[ RunManager ] 6808 debug: Reset the dark brem process (if it was activated)
[ RunManager ] 6809 debug: Reset the dark brem process (if it was activated)
[ RunManager ] 6810 debug: Reset the dark brem process (if it was activated)
[ RunManager ] 6811 debug: Reset the dark brem process (if it was activated)
[ RunManager ] 6812 debug: Reset the dark brem process (if it was activated)
[ RunManager ] 6813 debug: Reset the dark brem process (if it was activated)
[ RunManager ] 6814 debug: Reset the dark brem process (if it was activated)
[ RunManager ] 6815 debug: Reset the dark brem process (if it was activated)
[ RunManager ] 6816 debug: Reset the dark brem process (if it was activated)
[ RunManager ] 6817 debug: Reset the dark brem process (if it was activated)
[ RunManager ] 6818 debug: Reset the dark brem process (if it was activated)
[ RunManager ] 6819 debug: Reset the dark brem process (if it was activated)
[ RunManager ] 6820 debug: Reset the dark brem process (if it was activated)
[ RunManager ] 6821 debug: Reset the dark brem process (if it was activated)
[ RunManager ] 6822 debug: Reset the dark brem process (if it was activated)
[ RunManager ] 6823 debug: Reset the dark brem process (if it was activated)
[ RunManager ] 6824 debug: Reset the dark brem process (if it was activated)
[ RunManager ] 6825 debug: Reset the dark brem process (if it was activated)
[ RunManager ] 6826 debug: Reset the dark brem process (if it was activated)
[ RunManager ] 6827 debug: Reset the dark brem process (if it was activated)
[ RunManager ] 6828 debug: Reset the dark brem process (if it was activated)
[ RunManager ] 6829 debug: Reset the dark brem process (if it was activated)
[ RunManager ] 6830 debug: Reset the dark brem process (if it was activated)
[ RunManager ] 6831 debug: Reset the dark brem process (if it was activated)
[ RunManager ] 6832 debug: Reset the dark brem process (if it was activated)
[ RunManager ] 6833 debug: Reset the dark brem process (if it was activated)
[ RunManager ] 6834 debug: Reset the dark brem process (if it was activated)
[ RunManager ] 6835 debug: Reset the dark brem process (if it was activated)
[ RunManager ] 6836 debug: Reset the dark brem process (if it was activated)
[ RunManager ] 6837 debug: Reset the dark brem process (if it was activated)
[ RunManager ] 6838 debug: Reset the dark brem process (if it was activated)
[ RunManager ] 6839 debug: Reset the dark brem process (if it was activated)
[ RunManager ] 6840 debug: Reset the dark brem process (if it was activated)
[ RunManager ] 6841 debug: Reset the dark brem process (if it was activated)
[ RunManager ] 6842 debug: Reset the dark brem process (if it was activated)
[ RunManager ] 6843 debug: Reset the dark brem process (if it was activated)
[ RunManager ] 6844 debug: Reset the dark brem process (if it was activated)
[ RunManager ] 6845 debug: Reset the dark brem process (if it was activated)
[ RunManager ] 6846 debug: Reset the dark brem process (if it was activated)
[ RunManager ] 6847 debug: Reset the dark brem process (if it was activated)
[ RunManager ] 6848 debug: Reset the dark brem process (if it was activated)
[ RunManager ] 6849 debug: Reset the dark brem process (if it was activated)
[ RunManager ] 6850 debug: Reset the dark brem process (if it was activated)
[ RunManager ] 6851 debug: Reset the dark brem process (if it was activated)
[ RunManager ] 6852 debug: Reset the dark brem process (if it was activated)
[ RunManager ] 6853 debug: Reset the dark brem process (if it was activated)
[ RunManager ] 6854 debug: Reset the dark brem process (if it was activated)
[ RunManager ] 6855 debug: Reset the dark brem process (if it was activated)
[ RunManager ] 6856 debug: Reset the dark brem process (if it was activated)
[ RunManager ] 6857 debug: Reset the dark brem process (if it was activated)
[ RunManager ] 6858 debug: Reset the dark brem process (if it was activated)
[ RunManager ] 6859 debug: Reset the dark brem process (if it was activated)
[ RunManager ] 6860 debug: Reset the dark brem process (if it was activated)
[ RunManager ] 6861 debug: Reset the dark brem process (if it was activated)
[ RunManager ] 6862 debug: Reset the dark brem process (if it was activated)
[ RunManager ] 6863 debug: Reset the dark brem process (if it was activated)
[ RunManager ] 6864 debug: Reset the dark brem process (if it was activated)
[ RunManager ] 6865 debug: Reset the dark brem process (if it was activated)
[ RunManager ] 6866 debug: Reset the dark brem process (if it was activated)
[ RunManager ] 6867 debug: Reset the dark brem process (if it was activated)
[ RunManager ] 6868 debug: Reset the dark brem process (if it was activated)
[ RunManager ] 6869 debug: Reset the dark brem process (if it was activated)
[ RunManager ] 6870 debug: Reset the dark brem process (if it was activated)
[ RunManager ] 6871 debug: Reset the dark brem process (if it was activated)
[ RunManager ] 6872 debug: Reset the dark brem process (if it was activated)
[ RunManager ] 6873 debug: Reset the dark brem process (if it was activated)
[ RunManager ] 6874 debug: Reset the dark brem process (if it was activated)
[ RunManager ] 6875 debug: Reset the dark brem process (if it was activated)
[ RunManager ] 6876 debug: Reset the dark brem process (if it was activated)
[ RunManager ] 6877 debug: Reset the dark brem process (if it was activated)
[ RunManager ] 6878 debug: Reset the dark brem process (if it was activated)
[ RunManager ] 6879 debug: Reset the dark brem process (if it was activated)
[ RunManager ] 6880 debug: Reset the dark brem process (if it was activated)
[ RunManager ] 6881 debug: Reset the dark brem process (if it was activated)
[ RunManager ] 6882 debug: Reset the dark brem process (if it was activated)
[ RunManager ] 6883 debug: Reset the dark brem process (if it was activated)
[ RunManager ] 6884 debug: Reset the dark brem process (if it was activated)
[ RunManager ] 6885 debug: Reset the dark brem process (if it was activated)
[ RunManager ] 6886 debug: Reset the dark brem process (if it was activated)
[ RunManager ] 6887 debug: Reset the dark brem process (if it was activated)
[ RunManager ] 6888 debug: Reset the dark brem process (if it was activated)
[ RunManager ] 6889 debug: Reset the dark brem process (if it was activated)
[ RunManager ] 6890 debug: Reset the dark brem process (if it was activated)
[ RunManager ] 6891 debug: Reset the dark brem process (if it was activated)
[ RunManager ] 6892 debug: Reset the dark brem process (if it was activated)
[ RunManager ] 6893 debug: Reset the dark brem process (if it was activated)
[ RunManager ] 6894 debug: Reset the dark brem process (if it was activated)
[ RunManager ] 6895 debug: Reset the dark brem process (if it was activated)
[ RunManager ] 6896 debug: Reset the dark brem process (if it was activated)
[ RunManager ] 6897 debug: Reset the dark brem process (if it was activated)
[ RunManager ] 6898 debug: Reset the dark brem process (if it was activated)
[ RunManager ] 6899 debug: Reset the dark brem process (if it was activated)
[ RunManager ] 6900 debug: Reset the dark brem process (if it was activated)
[ RunManager ] 6901 debug: Reset the dark brem process (if it was activated)
[ RunManager ] 6902 debug: Reset the dark brem process (if it was activated)
[ RunManager ] 6903 debug: Reset the dark brem process (if it was activated)
[ RunManager ] 6904 debug: Reset the dark brem process (if it was activated)
[ RunManager ] 6905 debug: Reset the dark brem process (if it was activated)
[ RunManager ] 6906 debug: Reset the dark brem process (if it was activated)
[ RunManager ] 6907 debug: Reset the dark brem process (if it was activated)
[ RunManager ] 6908 debug: Reset the dark brem process (if it was activated)
[ RunManager ] 6909 debug: Reset the dark brem process (if it was activated)
[ RunManager ] 6910 debug: Reset the dark brem process (if it was activated)
[ RunManager ] 6911 debug: Reset the dark brem process (if it was activated)
[ RunManager ] 6912 debug: Reset the dark brem process (if it was activated)
[ RunManager ] 6913 debug: Reset the dark brem process (if it was activated)
[ RunManager ] 6914 debug: Reset the dark brem process (if it was activated)
[ RunManager ] 6915 debug: Reset the dark brem process (if it was activated)
[ RunManager ] 6916 debug: Reset the dark brem process (if it was activated)
[ RunManager ] 6917 debug: Reset the dark brem process (if it was activated)
[ RunManager ] 6918 debug: Reset the dark brem process (if it was activated)
[ RunManager ] 6919 debug: Reset the dark brem process (if it was activated)
[ RunManager ] 6920 debug: Reset the dark brem process (if it was activated)
[ RunManager ] 6921 debug: Reset the dark brem process (if it was activated)
[ RunManager ] 6922 debug: Reset the dark brem process (if it was activated)
[ RunManager ] 6923 debug: Reset the dark brem process (if it was activated)
[ RunManager ] 6924 debug: Reset the dark brem process (if it was activated)
[ RunManager ] 6925 debug: Reset the dark brem process (if it was activated)
[ RunManager ] 6926 debug: Reset the dark brem process (if it was activated)
[ RunManager ] 6927 debug: Reset the dark brem process (if it was activated)
[ RunManager ] 6928 debug: Reset the dark brem process (if it was activated)
[ RunManager ] 6929 debug: Reset the dark brem process (if it was activated)
[ RunManager ] 6930 debug: Reset the dark brem process (if it was activated)
[ RunManager ] 6931 debug: Reset the dark brem process (if it was activated)
[ RunManager ] 6932 debug: Reset the dark brem process (if it was activated)
[ RunManager ] 6933 debug: Reset the dark brem process (if it was activated)
[ RunManager ] 6934 debug: Reset the dark brem process (if it was activated)
[ RunManager ] 6935 debug: Reset the dark brem process (if it was activated)
[ RunManager ] 6936 debug: Reset the dark brem process (if it was activated)
[ RunManager ] 6937 debug: Reset the dark brem process (if it was activated)
[ RunManager ] 6938 debug: Reset the dark brem process (if it was activated)
[ RunManager ] 6939 debug: Reset the dark brem process (if it was activated)
[ RunManager ] 6940 debug: Reset the dark brem process (if it was activated)
[ RunManager ] 6941 debug: Reset the dark brem process (if it was activated)
[ RunManager ] 6942 debug: Reset the dark brem process (if it was activated)
[ RunManager ] 6943 debug: Reset the dark brem process (if it was activated)
[ RunManager ] 6944 debug: Reset the dark brem process (if it was activated)
[ RunManager ] 6945 debug: Reset the dark brem process (if it was activated)
[ RunManager ] 6946 debug: Reset the dark brem process (if it was activated)
[ RunManager ] 6947 debug: Reset the dark brem process (if it was activated)
[ RunManager ] 6948 debug: Reset the dark brem process (if it was activated)
[ RunManager ] 6949 debug: Reset the dark brem process (if it was activated)
[ RunManager ] 6950 debug: Reset the dark brem process (if it was activated)
[ RunManager ] 6951 debug: Reset the dark brem process (if it was activated)
[ RunManager ] 6952 debug: Reset the dark brem process (if it was activated)
[ RunManager ] 6953 debug: Reset the dark brem process (if it was activated)
[ RunManager ] 6954 debug: Reset the dark brem process (if it was activated)
[ RunManager ] 6955 debug: Reset the dark brem process (if it was activated)
[ RunManager ] 6956 debug: Reset the dark brem process (if it was activated)
[ RunManager ] 6957 debug: Reset the dark brem process (if it was activated)
[ RunManager ] 6958 debug: Reset the dark brem process (if it was activated)
[ RunManager ] 6959 debug: Reset the dark brem process (if it was activated)
[ RunManager ] 6960 debug: Reset the dark brem process (if it was activated)
[ RunManager ] 6961 debug: Reset the dark brem process (if it was activated)
[ RunManager ] 6962 debug: Reset the dark brem process (if it was activated)
[ RunManager ] 6963 debug: Reset the dark brem process (if it was activated)
[ RunManager ] 6964 debug: Reset the dark brem process (if it was activated)
[ RunManager ] 6965 debug: Reset the dark brem process (if it was activated)
[ RunManager ] 6966 debug: Reset the dark brem process (if it was activated)
[ RunManager ] 6967 debug: Reset the dark brem process (if it was activated)
[ RunManager ] 6968 debug: Reset the dark brem process (if it was activated)
[ RunManager ] 6969 debug: Reset the dark brem process (if it was activated)
[ RunManager ] 6970 debug: Reset the dark brem process (if it was activated)
[ RunManager ] 6971 debug: Reset the dark brem process (if it was activated)
[ RunManager ] 6972 debug: Reset the dark brem process (if it was activated)
[ RunManager ] 6973 debug: Reset the dark brem process (if it was activated)
[ RunManager ] 6974 debug: Reset the dark brem process (if it was activated)
[ RunManager ] 6975 debug: Reset the dark brem process (if it was activated)
[ RunManager ] 6976 debug: Reset the dark brem process (if it was activated)
[ RunManager ] 6977 debug: Reset the dark brem process (if it was activated)
[ RunManager ] 6978 debug: Reset the dark brem process (if it was activated)
[ RunManager ] 6979 debug: Reset the dark brem process (if it was activated)
[ RunManager ] 6980 debug: Reset the dark brem process (if it was activated)
[ RunManager ] 6981 debug: Reset the dark brem process (if it was activated)
[ RunManager ] 6982 debug: Reset the dark brem process (if it was activated)
[ RunManager ] 6983 debug: Reset the dark brem process (if it was activated)
[ RunManager ] 6984 debug: Reset the dark brem process (if it was activated)
[ RunManager ] 6985 debug: Reset the dark brem process (if it was activated)
[ RunManager ] 6986 debug: Reset the dark brem process (if it was activated)
[ RunManager ] 6987 debug: Reset the dark brem process (if it was activated)
[ RunManager ] 6988 debug: Reset the dark brem process (if it was activated)
[ RunManager ] 6989 debug: Reset the dark brem process (if it was activated)
[ RunManager ] 6990 debug: Reset the dark brem process (if it was activated)
[ RunManager ] 6991 debug: Reset the dark brem process (if it was activated)
[ RunManager ] 6992 debug: Reset the dark brem process (if it was activated)
[ RunManager ] 6993 debug: Reset the dark brem process (if it was activated)
[ RunManager ] 6994 debug: Reset the dark brem process (if it was activated)
[ RunManager ] 6995 debug: Reset the dark brem process (if it was activated)
[ RunManager ] 6996 debug: Reset the dark brem process (if it was activated)
[ RunManager ] 6997 debug: Reset the dark brem process (if it was activated)
[ RunManager ] 6998 debug: Reset the dark brem process (if it was activated)
[ RunManager ] 6999 debug: Reset the dark brem process (if it was activated)
[ RunManager ] 7000 debug: Reset the dark brem process (if it was activated)
[ RunManager ] 7001 debug: Reset the dark brem process (if it was activated)
[ RunManager ] 7002 debug: Reset the dark brem process (if it was activated)
[ RunManager ] 7003 debug: Reset the dark brem process (if it was activated)
[ RunManager ] 7004 debug: Reset the dark brem process (if it was activated)
[ RunManager ] 7005 debug: Reset the dark brem process (if it was activated)
[ RunManager ] 7006 debug: Reset the dark brem process (if it was activated)
[ RunManager ] 7007 debug: Reset the dark brem process (if it was activated)
[ RunManager ] 7008 debug: Reset the dark brem process (if it was activated)
[ RunManager ] 7009 debug: Reset the dark brem process (if it was activated)
[ RunManager ] 7010 debug: Reset the dark brem process (if it was activated)
[ RunManager ] 7011 debug: Reset the dark brem process (if it was activated)
[ RunManager ] 7012 debug: Reset the dark brem process (if it was activated)
[ RunManager ] 7013 debug: Reset the dark brem process (if it was activated)
[ RunManager ] 7014 debug: Reset the dark brem process (if it was activated)
[ RunManager ] 7015 debug: Reset the dark brem process (if it was activated)
[ RunManager ] 7016 debug: Reset the dark brem process (if it was activated)
[ RunManager ] 7017 debug: Reset the dark brem process (if it was activated)
[ RunManager ] 7018 debug: Reset the dark brem process (if it was activated)
[ RunManager ] 7019 debug: Reset the dark brem process (if it was activated)
[ RunManager ] 7020 debug: Reset the dark brem process (if it was activated)
[ RunManager ] 7021 debug: Reset the dark brem process (if it was activated)
[ RunManager ] 7022 debug: Reset the dark brem process (if it was activated)
[ RunManager ] 7023 debug: Reset the dark brem process (if it was activated)
[ RunManager ] 7024 debug: Reset the dark brem process (if it was activated)
[ RunManager ] 7025 debug: Reset the dark brem process (if it was activated)
[ RunManager ] 7026 debug: Reset the dark brem process (if it was activated)
[ RunManager ] 7027 debug: Reset the dark brem process (if it was activated)
[ RunManager ] 7028 debug: Reset the dark brem process (if it was activated)
[ RunManager ] 7029 debug: Reset the dark brem process (if it was activated)
[ RunManager ] 7030 debug: Reset the dark brem process (if it was activated)
[ RunManager ] 7031 debug: Reset the dark brem process (if it was activated)
[ RunManager ] 7032 debug: Reset the dark brem process (if it was activated)
[ RunManager ] 7033 debug: Reset the dark brem process (if it was activated)
[ RunManager ] 7034 debug: Reset the dark brem process (if it was activated)
[ RunManager ] 7035 debug: Reset the dark brem process (if it was activated)
[ RunManager ] 7036 debug: Reset the dark brem process (if it was activated)
[ RunManager ] 7037 debug: Reset the dark brem process (if it was activated)
[ RunManager ] 7038 debug: Reset the dark brem process (if it was activated)
[ RunManager ] 7039 debug: Reset the dark brem process (if it was activated)
[ RunManager ] 7040 debug: Reset the dark brem process (if it was activated)
[ RunManager ] 7041 debug: Reset the dark brem process (if it was activated)
[ RunManager ] 7042 debug: Reset the dark brem process (if it was activated)
[ RunManager ] 7043 debug: Reset the dark brem process (if it was activated)
[ RunManager ] 7044 debug: Reset the dark brem process (if it was activated)
[ RunManager ] 7045 debug: Reset the dark brem process (if it was activated)
[ RunManager ] 7046 debug: Reset the dark brem process (if it was activated)
[ RunManager ] 7047 debug: Reset the dark brem process (if it was activated)
[ RunManager ] 7048 debug: Reset the dark brem process (if it was activated)
[ RunManager ] 7049 debug: Reset the dark brem process (if it was activated)
[ RunManager ] 7050 debug: Reset the dark brem process (if it was activated)
[ RunManager ] 7051 debug: Reset the dark brem process (if it was activated)
[ RunManager ] 7052 debug: Reset the dark brem process (if it was activated)
[ RunManager ] 7053 debug: Reset the dark brem process (if it was activated)
[ RunManager ] 7054 debug: Reset the dark brem process (if it was activated)
[ RunManager ] 7055 debug: Reset the dark brem process (if it was activated)
[ RunManager ] 7056 debug: Reset the dark brem process (if it was activated)
[ RunManager ] 7057 debug: Reset the dark brem process (if it was activated)
[ RunManager ] 7058 debug: Reset the dark brem process (if it was activated)
[ RunManager ] 7059 debug: Reset the dark brem process (if it was activated)
[ RunManager ] 7060 debug: Reset the dark brem process (if it was activated)
[ RunManager ] 7061 debug: Reset the dark brem process (if it was activated)
[ RunManager ] 7062 debug: Reset the dark brem process (if it was activated)
[ RunManager ] 7063 debug: Reset the dark brem process (if it was activated)
[ RunManager ] 7064 debug: Reset the dark brem process (if it was activated)
[ RunManager ] 7065 debug: Reset the dark brem process (if it was activated)
[ RunManager ] 7066 debug: Reset the dark brem process (if it was activated)
[ RunManager ] 7067 debug: Reset the dark brem process (if it was activated)
[ RunManager ] 7068 debug: Reset the dark brem process (if it was activated)
[ RunManager ] 7069 debug: Reset the dark brem process (if it was activated)
[ RunManager ] 7070 debug: Reset the dark brem process (if it was activated)
[ RunManager ] 7071 debug: Reset the dark brem process (if it was activated)
[ RunManager ] 7072 debug: Reset the dark brem process (if it was activated)
[ RunManager ] 7073 debug: Reset the dark brem process (if it was activated)
[ RunManager ] 7074 debug: Reset the dark brem process (if it was activated)
[ RunManager ] 7075 debug: Reset the dark brem process (if it was activated)
[ RunManager ] 7076 debug: Reset the dark brem process (if it was activated)
[ RunManager ] 7077 debug: Reset the dark brem process (if it was activated)
[ RunManager ] 7078 debug: Reset the dark brem process (if it was activated)
[ RunManager ] 7079 debug: Reset the dark brem process (if it was activated)
[ RunManager ] 7080 debug: Reset the dark brem process (if it was activated)
[ RunManager ] 7081 debug: Reset the dark brem process (if it was activated)
[ RunManager ] 7082 debug: Reset the dark brem process (if it was activated)
[ RunManager ] 7083 debug: Reset the dark brem process (if it was activated)
[ RunManager ] 7084 debug: Reset the dark brem process (if it was activated)
[ RunManager ] 7085 debug: Reset the dark brem process (if it was activated)
[ RunManager ] 7086 debug: Reset the dark brem process (if it was activated)
[ RunManager ] 7087 debug: Reset the dark brem process (if it was activated)
[ RunManager ] 7088 debug: Reset the dark brem process (if it was activated)
[ RunManager ] 7089 debug: Reset the dark brem process (if it was activated)
[ RunManager ] 7090 debug: Reset the dark brem process (if it was activated)
[ RunManager ] 7091 debug: Reset the dark brem process (if it was activated)
[ RunManager ] 7092 debug: Reset the dark brem process (if it was activated)
[ RunManager ] 7093 debug: Reset the dark brem process (if it was activated)
[ RunManager ] 7094 debug: Reset the dark brem process (if it was activated)
[ RunManager ] 7095 debug: Reset the dark brem process (if it was activated)
[ RunManager ] 7096 debug: Reset the dark brem process (if it was activated)
[ RunManager ] 7097 debug: Reset the dark brem process (if it was activated)
[ RunManager ] 7098 debug: Reset the dark brem process (if it was activated)
[ RunManager ] 7099 debug: Reset the dark brem process (if it was activated)
[ RunManager ] 7100 debug: Reset the dark brem process (if it was activated)
[ RunManager ] 7101 debug: Reset the dark brem process (if it was activated)
[ RunManager ] 7102 debug: Reset the dark brem process (if it was activated)
[ RunManager ] 7103 debug: Reset the dark brem process (if it was activated)
[ RunManager ] 7104 debug: Reset the dark brem process (if it was activated)
[ RunManager ] 7105 debug: Reset the dark brem process (if it was activated)
[ RunManager ] 7106 debug: Reset the dark brem process (if it was activated)
[ RunManager ] 7107 debug: Reset the dark brem process (if it was activated)
[ RunManager ] 7108 debug: Reset the dark brem process (if it was activated)
[ RunManager ] 7109 debug: Reset the dark brem process (if it was activated)
[ RunManager ] 7110 debug: Reset the dark brem process (if it was activated)
[ RunManager ] 7111 debug: Reset the dark brem process (if it was activated)
[ RunManager ] 7112 debug: Reset the dark brem process (if it was activated)
[ RunManager ] 7113 debug: Reset the dark brem process (if it was activated)
[ RunManager ] 7114 debug: Reset the dark brem process (if it was activated)
[ RunManager ] 7115 debug: Reset the dark brem process (if it was activated)
[ RunManager ] 7116 debug: Reset the dark brem process (if it was activated)
[ RunManager ] 7117 debug: Reset the dark brem process (if it was activated)
[ RunManager ] 7118 debug: Reset the dark brem process (if it was activated)
[ RunManager ] 7119 debug: Reset the dark brem process (if it was activated)
[ RunManager ] 7120 debug: Reset the dark brem process (if it was activated)
[ RunManager ] 7121 debug: Reset the dark brem process (if it was activated)
[ RunManager ] 7122 debug: Reset the dark brem process (if it was activated)
[ RunManager ] 7123 debug: Reset the dark brem process (if it was activated)
[ RunManager ] 7124 debug: Reset the dark brem process (if it was activated)
[ RunManager ] 7125 debug: Reset the dark brem process (if it was activated)
[ RunManager ] 7126 debug: Reset the dark brem process (if it was activated)
[ RunManager ] 7127 debug: Reset the dark brem process (if it was activated)
[ RunManager ] 7128 debug: Reset the dark brem process (if it was activated)
[ RunManager ] 7129 debug: Reset the dark brem process (if it was activated)
[ RunManager ] 7130 debug: Reset the dark brem process (if it was activated)
[ RunManager ] 7131 debug: Reset the dark brem process (if it was activated)
[ RunManager ] 7132 debug: Reset the dark brem process (if it was activated)
[ RunManager ] 7133 debug: Reset the dark brem process (if it was activated)
[ RunManager ] 7134 debug: Reset the dark brem process (if it was activated)
[ RunManager ] 7135 debug: Reset the dark brem process (if it was activated)
[ RunManager ] 7136 debug: Reset the dark brem process (if it was activated)
[ RunManager ] 7137 debug: Reset the dark brem process (if it was activated)
[ RunManager ] 7138 debug: Reset the dark brem process (if it was activated)
[ RunManager ] 7139 debug: Reset the dark brem process (if it was activated)
[ RunManager ] 7140 debug: Reset the dark brem process (if it was activated)
[ RunManager ] 7141 debug: Reset the dark brem process (if it was activated)
[ RunManager ] 7142 debug: Reset the dark brem process (if it was activated)
[ RunManager ] 7143 debug: Reset the dark brem process (if it was activated)
[ RunManager ] 7144 debug: Reset the dark brem process (if it was activated)
[ RunManager ] 7145 debug: Reset the dark brem process (if it was activated)
[ RunManager ] 7146 debug: Reset the dark brem process (if it was activated)
[ RunManager ] 7147 debug: Reset the dark brem process (if it was activated)
[ RunManager ] 7148 debug: Reset the dark brem process (if it was activated)
[ RunManager ] 7149 debug: Reset the dark brem process (if it was activated)
[ RunManager ] 7150 debug: Reset the dark brem process (if it was activated)
[ RunManager ] 7151 debug: Reset the dark brem process (if it was activated)
[ RunManager ] 7152 debug: Reset the dark brem process (if it was activated)
[ RunManager ] 7153 debug: Reset the dark brem process (if it was activated)
[ RunManager ] 7154 debug: Reset the dark brem process (if it was activated)
[ RunManager ] 7155 debug: Reset the dark brem process (if it was activated)
[ RunManager ] 7156 debug: Reset the dark brem process (if it was activated)
[ RunManager ] 7157 debug: Reset the dark brem process (if it was activated)
[ RunManager ] 7158 debug: Reset the dark brem process (if it was activated)
[ RunManager ] 7159 debug: Reset the dark brem process (if it was activated)
[ RunManager ] 7160 debug: Reset the dark brem process (if it was activated)
[ RunManager ] 7161 debug: Reset the dark brem process (if it was activated)
[ RunManager ] 7162 debug: Reset the dark brem process (if it was activated)
[ RunManager ] 7163 debug: Reset the dark brem process (if it was activated)
[ RunManager ] 7164 debug: Reset the dark brem process (if it was activated)
[ RunManager ] 7165 debug: Reset the dark brem process (if it was activated)
[ RunManager ] 7166 debug: Reset the dark brem process (if it was activated)
[ RunManager ] 7167 debug: Reset the dark brem process (if it was activated)
[ RunManager ] 7168 debug: Reset the dark brem process (if it was activated)
[ RunManager ] 7169 debug: Reset the dark brem process (if it was activated)
[ RunManager ] 7170 debug: Reset the dark brem process (if it was activated)
[ RunManager ] 7171 debug: Reset the dark brem process (if it was activated)
[ RunManager ] 7172 debug: Reset the dark brem process (if it was activated)
[ RunManager ] 7173 debug: Reset the dark brem process (if it was activated)
[ RunManager ] 7174 debug: Reset the dark brem process (if it was activated)
[ RunManager ] 7175 debug: Reset the dark brem process (if it was activated)
[ RunManager ] 7176 debug: Reset the dark brem process (if it was activated)
[ RunManager ] 7177 debug: Reset the dark brem process (if it was activated)
[ RunManager ] 7178 debug: Reset the dark brem process (if it was activated)
[ RunManager ] 7179 debug: Reset the dark brem process (if it was activated)
[ RunManager ] 7180 debug: Reset the dark brem process (if it was activated)
[ RunManager ] 7181 debug: Reset the dark brem process (if it was activated)
[ RunManager ] 7182 debug: Reset the dark brem process (if it was activated)
[ RunManager ] 7183 debug: Reset the dark brem process (if it was activated)
[ RunManager ] 7184 debug: Reset the dark brem process (if it was activated)
[ RunManager ] 7185 debug: Reset the dark brem process (if it was activated)
[ RunManager ] 7186 debug: Reset the dark brem process (if it was activated)
[ RunManager ] 7187 debug: Reset the dark brem process (if it was activated)
[ RunManager ] 7188 debug: Reset the dark brem process (if it was activated)
[ RunManager ] 7189 debug: Reset the dark brem process (if it was activated)
[ RunManager ] 7190 debug: Reset the dark brem process (if it was activated)
[ RunManager ] 7191 debug: Reset the dark brem process (if it was activated)
[ RunManager ] 7192 debug: Reset the dark brem process (if it was activated)
[ RunManager ] 7193 debug: Reset the dark brem process (if it was activated)
[ RunManager ] 7194 debug: Reset the dark brem process (if it was activated)
[ RunManager ] 7195 debug: Reset the dark brem process (if it was activated)
[ RunManager ] 7196 debug: Reset the dark brem process (if it was activated)
[ RunManager ] 7197 debug: Reset the dark brem process (if it was activated)
[ RunManager ] 7198 debug: Reset the dark brem process (if it was activated)
[ RunManager ] 7199 debug: Reset the dark brem process (if it was activated)
[ RunManager ] 7200 debug: Reset the dark brem process (if it was activated)
[ RunManager ] 7201 debug: Reset the dark brem process (if it was activated)
[ RunManager ] 7202 debug: Reset the dark brem process (if it was activated)
[ RunManager ] 7203 debug: Reset the dark brem process (if it was activated)
[ RunManager ] 7204 debug: Reset the dark brem process (if it was activated)
[ RunManager ] 7205 debug: Reset the dark brem process (if it was activated)
[ RunManager ] 7206 debug: Reset the dark brem process (if it was activated)
[ RunManager ] 7207 debug: Reset the dark brem process (if it was activated)
[ RunManager ] 7208 debug: Reset the dark brem process (if it was activated)
[ RunManager ] 7209 debug: Reset the dark brem process (if it was activated)
[ RunManager ] 7210 debug: Reset the dark brem process (if it was activated)
[ RunManager ] 7211 debug: Reset the dark brem process (if it was activated)
[ RunManager ] 7212 debug: Reset the dark brem process (if it was activated)
[ RunManager ] 7213 debug: Reset the dark brem process (if it was activated)
[ RunManager ] 7214 debug: Reset the dark brem process (if it was activated)
[ RunManager ] 7215 debug: Reset the dark brem process (if it was activated)
[ RunManager ] 7216 debug: Reset the dark brem process (if it was activated)
[ RunManager ] 7217 debug: Reset the dark brem process (if it was activated)
[ RunManager ] 7218 debug: Reset the dark brem process (if it was activated)
[ RunManager ] 7219 debug: Reset the dark brem process (if it was activated)
[ RunManager ] 7220 debug: Reset the dark brem process (if it was activated)
[ RunManager ] 7221 debug: Reset the dark brem process (if it was activated)
[ RunManager ] 7222 debug: Reset the dark brem process (if it was activated)
[ RunManager ] 7223 debug: Reset the dark brem process (if it was activated)
[ RunManager ] 7224 debug: Reset the dark brem process (if it was activated)
[ RunManager ] 7225 debug: Reset the dark brem process (if it was activated)
[ RunManager ] 7226 debug: Reset the dark brem process (if it was activated)
[ RunManager ] 7227 debug: Reset the dark brem process (if it was activated)
[ RunManager ] 7228 debug: Reset the dark brem process (if it was activated)
[ RunManager ] 7229 debug: Reset the dark brem process (if it was activated)
[ RunManager ] 7230 debug: Reset the dark brem process (if it was activated)
[ RunManager ] 7231 debug: Reset the dark brem process (if it was activated)
[ RunManager ] 7232 debug: Reset the dark brem process (if it was activated)
[ RunManager ] 7233 debug: Reset the dark brem process (if it was activated)
[ RunManager ] 7234 debug: Reset the dark brem process (if it was activated)
[ RunManager ] 7235 debug: Reset the dark brem process (if it was activated)
[ RunManager ] 7236 debug: Reset the dark brem process (if it was activated)
[ RunManager ] 7237 debug: Reset the dark brem process (if it was activated)
[ RunManager ] 7238 debug: Reset the dark brem process (if it was activated)
[ RunManager ] 7239 debug: Reset the dark brem process (if it was activated)
[ RunManager ] 7240 debug: Reset the dark brem process (if it was activated)
[ RunManager ] 7241 debug: Reset the dark brem process (if it was activated)
[ RunManager ] 7242 debug: Reset the dark brem process (if it was activated)
[ RunManager ] 7243 debug: Reset the dark brem process (if it was activated)
[ RunManager ] 7244 debug: Reset the dark brem process (if it was activated)
[ RunManager ] 7245 debug: Reset the dark brem process (if it was activated)
[ RunManager ] 7246 debug: Reset the dark brem process (if it was activated)
[ RunManager ] 7247 debug: Reset the dark brem process (if it was activated)
[ RunManager ] 7248 debug: Reset the dark brem process (if it was activated)
[ RunManager ] 7249 debug: Reset the dark brem process (if it was activated)
[ RunManager ] 7250 debug: Reset the dark brem process (if it was activated)
[ RunManager ] 7251 debug: Reset the dark brem process (if it was activated)
[ RunManager ] 7252 debug: Reset the dark brem process (if it was activated)
[ RunManager ] 7253 debug: Reset the dark brem process (if it was activated)
[ RunManager ] 7254 debug: Reset the dark brem process (if it was activated)
[ RunManager ] 7255 debug: Reset the dark brem process (if it was activated)
[ RunManager ] 7256 debug: Reset the dark brem process (if it was activated)
[ RunManager ] 7257 debug: Reset the dark brem process (if it was activated)
[ RunManager ] 7258 debug: Reset the dark brem process (if it was activated)
[ RunManager ] 7259 debug: Reset the dark brem process (if it was activated)
[ RunManager ] 7260 debug: Reset the dark brem process (if it was activated)
[ RunManager ] 7261 debug: Reset the dark brem process (if it was activated)
[ RunManager ] 7262 debug: Reset the dark brem process (if it was activated)
[ RunManager ] 7263 debug: Reset the dark brem process (if it was activated)
[ RunManager ] 7264 debug: Reset the dark brem process (if it was activated)
[ RunManager ] 7265 debug: Reset the dark brem process (if it was activated)
[ RunManager ] 7266 debug: Reset the dark brem process (if it was activated)
[ RunManager ] 7267 debug: Reset the dark brem process (if it was activated)
[ RunManager ] 7268 debug: Reset the dark brem process (if it was activated)
[ RunManager ] 7269 debug: Reset the dark brem process (if it was activated)
[ RunManager ] 7270 debug: Reset the dark brem process (if it was activated)
[ RunManager ] 7271 debug: Reset the dark brem process (if it was activated)
[ RunManager ] 7272 debug: Reset the dark brem process (if it was activated)
[ RunManager ] 7273 debug: Reset the dark brem process (if it was activated)
[ RunManager ] 7274 debug: Reset the dark brem process (if it was activated)
[ RunManager ] 7275 debug: Reset the dark brem process (if it was activated)
[ RunManager ] 7276 debug: Reset the dark brem process (if it was activated)
[ RunManager ] 7277 debug: Reset the dark brem process (if it was activated)
[ RunManager ] 7278 debug: Reset the dark brem process (if it was activated)
[ RunManager ] 7279 debug: Reset the dark brem process (if it was activated)
[ RunManager ] 7280 debug: Reset the dark brem process (if it was activated)
[ RunManager ] 7281 debug: Reset the dark brem process (if it was activated)
[ RunManager ] 7282 debug: Reset the dark brem process (if it was activated)
[ RunManager ] 7283 debug: Reset the dark brem process (if it was activated)
[ RunManager ] 7284 debug: Reset the dark brem process (if it was activated)
[ RunManager ] 7285 debug: Reset the dark brem process (if it was activated)
[ RunManager ] 7286 debug: Reset the dark brem process (if it was activated)
[ RunManager ] 7287 debug: Reset the dark brem process (if it was activated)
[ RunManager ] 7288 debug: Reset the dark brem process (if it was activated)
[ RunManager ] 7289 debug: Reset the dark brem process (if it was activated)
[ RunManager ] 7290 debug: Reset the dark brem process (if it was activated)
[ RunManager ] 7291 debug: Reset the dark brem process (if it was activated)
[ RunManager ] 7292 debug: Reset the dark brem process (if it was activated)
[ RunManager ] 7293 debug: Reset the dark brem process (if it was activated)
[ RunManager ] 7294 debug: Reset the dark brem process (if it was activated)
[ RunManager ] 7295 debug: Reset the dark brem process (if it was activated)
[ RunManager ] 7296 debug: Reset the dark brem process (if it was activated)
[ RunManager ] 7297 debug: Reset the dark brem process (if it was activated)
[ RunManager ] 7298 debug: Reset the dark brem process (if it was activated)
[ RunManager ] 7299 debug: Reset the dark brem process (if it was activated)
[ RunManager ] 7300 debug: Reset the dark brem process (if it was activated)
[ RunManager ] 7301 debug: Reset the dark brem process (if it was activated)
[ RunManager ] 7302 debug: Reset the dark brem process (if it was activated)
[ RunManager ] 7303 debug: Reset the dark brem process (if it was activated)
[ RunManager ] 7304 debug: Reset the dark brem process (if it was activated)
[ RunManager ] 7305 debug: Reset the dark brem process (if it was activated)
[ RunManager ] 7306 debug: Reset the dark brem process (if it was activated)
[ RunManager ] 7307 debug: Reset the dark brem process (if it was activated)
[ RunManager ] 7308 debug: Reset the dark brem process (if it was activated)
[ RunManager ] 7309 debug: Reset the dark brem process (if it was activated)
[ RunManager ] 7310 debug: Reset the dark brem process (if it was activated)
[ RunManager ] 7311 debug: Reset the dark brem process (if it was activated)
[ RunManager ] 7312 debug: Reset the dark brem process (if it was activated)
[ RunManager ] 7313 debug: Reset the dark brem process (if it was activated)
[ RunManager ] 7314 debug: Reset the dark brem process (if it was activated)
[ RunManager ] 7315 debug: Reset the dark brem process (if it was activated)
[ RunManager ] 7316 debug: Reset the dark brem process (if it was activated)
[ RunManager ] 7317 debug: Reset the dark brem process (if it was activated)
[ RunManager ] 7318 debug: Reset the dark brem process (if it was activated)
[ RunManager ] 7319 debug: Reset the dark brem process (if it was activated)
[ RunManager ] 7320 debug: Reset the dark brem process (if it was activated)
[ RunManager ] 7321 debug: Reset the dark brem process (if it was activated)
[ RunManager ] 7322 debug: Reset the dark brem process (if it was activated)
[ RunManager ] 7323 debug: Reset the dark brem process (if it was activated)
[ RunManager ] 7324 debug: Reset the dark brem process (if it was activated)
[ RunManager ] 7325 debug: Reset the dark brem process (if it was activated)
[ RunManager ] 7326 debug: Reset the dark brem process (if it was activated)
[ RunManager ] 7327 debug: Reset the dark brem process (if it was activated)
[ RunManager ] 7328 debug: Reset the dark brem process (if it was activated)
[ RunManager ] 7329 debug: Reset the dark brem process (if it was activated)
[ RunManager ] 7330 debug: Reset the dark brem process (if it was activated)
[ RunManager ] 7331 debug: Reset the dark brem process (if it was activated)
[ RunManager ] 7332 debug: Reset the dark brem process (if it was activated)
[ RunManager ] 7333 debug: Reset the dark brem process (if it was activated)
[ RunManager ] 7334 debug: Reset the dark brem process (if it was activated)
[ RunManager ] 7335 debug: Reset the dark brem process (if it was activated)
[ RunManager ] 7336 debug: Reset the dark brem process (if it was activated)
[ RunManager ] 7337 debug: Reset the dark brem process (if it was activated)
[ RunManager ] 7338 debug: Reset the dark brem process (if it was activated)
[ RunManager ] 7339 debug: Reset the dark brem process (if it was activated)
[ RunManager ] 7340 debug: Reset the dark brem process (if it was activated)
[ RunManager ] 7341 debug: Reset the dark brem process (if it was activated)
[ RunManager ] 7342 debug: Reset the dark brem process (if it was activated)
[ RunManager ] 7343 debug: Reset the dark brem process (if it was activated)
[ RunManager ] 7344 debug: Reset the dark brem process (if it was activated)
[ RunManager ] 7345 debug: Reset the dark brem process (if it was activated)
[ RunManager ] 7346 debug: Reset the dark brem process (if it was activated)
[ RunManager ] 7347 debug: Reset the dark brem process (if it was activated)
[ RunManager ] 7348 debug: Reset the dark brem process (if it was activated)
[ RunManager ] 7349 debug: Reset the dark brem process (if it was activated)
[ RunManager ] 7350 debug: Reset the dark brem process (if it was activated)
[ RunManager ] 7351 debug: Reset the dark brem process (if it was activated)
[ RunManager ] 7352 debug: Reset the dark brem process (if it was activated)
[ RunManager ] 7353 debug: Reset the dark brem process (if it was activated)
[ RunManager ] 7354 debug: Reset the dark brem process (if it was activated)
[ RunManager ] 7355 debug: Reset the dark brem process (if it was activated)
[ RunManager ] 7356 debug: Reset the dark brem process (if it was activated)
[ RunManager ] 7357 debug: Reset the dark brem process (if it was activated)
[ RunManager ] 7358 debug: Reset the dark brem process (if it was activated)
[ RunManager ] 7359 debug: Reset the dark brem process (if it was activated)
[ RunManager ] 7360 debug: Reset the dark brem process (if it was activated)
[ RunManager ] 7361 debug: Reset the dark brem process (if it was activated)
[ RunManager ] 7362 debug: Reset the dark brem process (if it was activated)
[ RunManager ] 7363 debug: Reset the dark brem process (if it was activated)
[ RunManager ] 7364 debug: Reset the dark brem process (if it was activated)
[ RunManager ] 7365 debug: Reset the dark brem process (if it was activated)
[ RunManager ] 7366 debug: Reset the dark brem process (if it was activated)
[ RunManager ] 7367 debug: Reset the dark brem process (if it was activated)
[ RunManager ] 7368 debug: Reset the dark brem process (if it was activated)
[ RunManager ] 7369 debug: Reset the dark brem process (if it was activated)
[ RunManager ] 7370 debug: Reset the dark brem process (if it was activated)
[ RunManager ] 7371 debug: Reset the dark brem process (if it was activated)
[ RunManager ] 7372 debug: Reset the dark brem process (if it was activated)
[ RunManager ] 7373 debug: Reset the dark brem process (if it was activated)
[ RunManager ] 7374 debug: Reset the dark brem process (if it was activated)
[ RunManager ] 7375 debug: Reset the dark brem process (if it was activated)
[ RunManager ] 7376 debug: Reset the dark brem process (if it was activated)
[ RunManager ] 7377 debug: Reset the dark brem process (if it was activated)
[ RunManager ] 7378 debug: Reset the dark brem process (if it was activated)
[ RunManager ] 7379 debug: Reset the dark brem process (if it was activated)
[ RunManager ] 7380 debug: Reset the dark brem process (if it was activated)
[ RunManager ] 7381 debug: Reset the dark brem process (if it was activated)
[ RunManager ] 7382 debug: Reset the dark brem process (if it was activated)
[ RunManager ] 7383 debug: Reset the dark brem process (if it was activated)
[ RunManager ] 7384 debug: Reset the dark brem process (if it was activated)
[ RunManager ] 7385 debug: Reset the dark brem process (if it was activated)
[ RunManager ] 7386 debug: Reset the dark brem process (if it was activated)
[ RunManager ] 7387 debug: Reset the dark brem process (if it was activated)
[ RunManager ] 7388 debug: Reset the dark brem process (if it was activated)
[ RunManager ] 7389 debug: Reset the dark brem process (if it was activated)
[ RunManager ] 7390 debug: Reset the dark brem process (if it was activated)
[ RunManager ] 7391 debug: Reset the dark brem process (if it was activated)
[ RunManager ] 7392 debug: Reset the dark brem process (if it was activated)
[ RunManager ] 7393 debug: Reset the dark brem process (if it was activated)
[ RunManager ] 7394 debug: Reset the dark brem process (if it was activated)
[ RunManager ] 7395 debug: Reset the dark brem process (if it was activated)
[ RunManager ] 7396 debug: Reset the dark brem process (if it was activated)
[ RunManager ] 7397 debug: Reset the dark brem process (if it was activated)
[ RunManager ] 7398 debug: Reset the dark brem process (if it was activated)
[ RunManager ] 7399 debug: Reset the dark brem process (if it was activated)
[ RunManager ] 7400 debug: Reset the dark brem process (if it was activated)
[ RunManager ] 7401 debug: Reset the dark brem process (if it was activated)
[ RunManager ] 7402 debug: Reset the dark brem process (if it was activated)
[ RunManager ] 7403 debug: Reset the dark brem process (if it was activated)
[ RunManager ] 7404 debug: Reset the dark brem process (if it was activated)
[ RunManager ] 7405 debug: Reset the dark brem process (if it was activated)
[ RunManager ] 7406 debug: Reset the dark brem process (if it was activated)
[ RunManager ] 7407 debug: Reset the dark brem process (if it was activated)
[ RunManager ] 7408 debug: Reset the dark brem process (if it was activated)
[ RunManager ] 7409 debug: Reset the dark brem process (if it was activated)
[ RunManager ] 7410 debug: Reset the dark brem process (if it was activated)
[ RunManager ] 7411 debug: Reset the dark brem process (if it was activated)
[ RunManager ] 7412 debug: Reset the dark brem process (if it was activated)
[ RunManager ] 7413 debug: Reset the dark brem process (if it was activated)
[ RunManager ] 7414 debug: Reset the dark brem process (if it was activated)
[ RunManager ] 7415 debug: Reset the dark brem process (if it was activated)
[ RunManager ] 7416 debug: Reset the dark brem process (if it was activated)
[ RunManager ] 7417 debug: Reset the dark brem process (if it was activated)
[ RunManager ] 7418 debug: Reset the dark brem process (if it was activated)
[ RunManager ] 7419 debug: Reset the dark brem process (if it was activated)
[ RunManager ] 7420 debug: Reset the dark brem process (if it was activated)
[ RunManager ] 7421 debug: Reset the dark brem process (if it was activated)
[ RunManager ] 7422 debug: Reset the dark brem process (if it was activated)
[ RunManager ] 7423 debug: Reset the dark brem process (if it was activated)
[ RunManager ] 7424 debug: Reset the dark brem process (if it was activated)
[ RunManager ] 7425 debug: Reset the dark brem process (if it was activated)
[ RunManager ] 7426 debug: Reset the dark brem process (if it was activated)
[ RunManager ] 7427 debug: Reset the dark brem process (if it was activated)
[ RunManager ] 7428 debug: Reset the dark brem process (if it was activated)
[ RunManager ] 7429 debug: Reset the dark brem process (if it was activated)
[ RunManager ] 7430 debug: Reset the dark brem process (if it was activated)
[ RunManager ] 7431 debug: Reset the dark brem process (if it was activated)
[ RunManager ] 7432 debug: Reset the dark brem process (if it was activated)
[ RunManager ] 7433 debug: Reset the dark brem process (if it was activated)
[ RunManager ] 7434 debug: Reset the dark brem process (if it was activated)
[ RunManager ] 7435 debug: Reset the dark brem process (if it was activated)
[ RunManager ] 7436 debug: Reset the dark brem process (if it was activated)
[ RunManager ] 7437 debug: Reset the dark brem process (if it was activated)
[ RunManager ] 7438 debug: Reset the dark brem process (if it was activated)
[ RunManager ] 7439 debug: Reset the dark brem process (if it was activated)
[ RunManager ] 7440 debug: Reset the dark brem process (if it was activated)
[ RunManager ] 7441 debug: Reset the dark brem process (if it was activated)
[ RunManager ] 7442 debug: Reset the dark brem process (if it was activated)
[ RunManager ] 7443 debug: Reset the dark brem process (if it was activated)
[ RunManager ] 7444 debug: Reset the dark brem process (if it was activated)
[ RunManager ] 7445 debug: Reset the dark brem process (if it was activated)
[ RunManager ] 7446 debug: Reset the dark brem process (if it was activated)
[ RunManager ] 7447 debug: Reset the dark brem process (if it was activated)
[ RunManager ] 7448 debug: Reset the dark brem process (if it was activated)
[ RunManager ] 7449 debug: Reset the dark brem process (if it was activated)
[ RunManager ] 7450 debug: Reset the dark brem process (if it was activated)
[ RunManager ] 7451 debug: Reset the dark brem process (if it was activated)
[ RunManager ] 7452 debug: Reset the dark brem process (if it was activated)
[ RunManager ] 7453 debug: Reset the dark brem process (if it was activated)
[ RunManager ] 7454 debug: Reset the dark brem process (if it was activated)
[ RunManager ] 7455 debug: Reset the dark brem process (if it was activated)
[ RunManager ] 7456 debug: Reset the dark brem process (if it was activated)
[ RunManager ] 7457 debug: Reset the dark brem process (if it was activated)
[ RunManager ] 7458 debug: Reset the dark brem process (if it was activated)
[ RunManager ] 7459 debug: Reset the dark brem process (if it was activated)
[ RunManager ] 7460 debug: Reset the dark brem process (if it was activated)
[ RunManager ] 7461 debug: Reset the dark brem process (if it was activated)
[ RunManager ] 7462 debug: Reset the dark brem process (if it was activated)
[ RunManager ] 7463 debug: Reset the dark brem process (if it was activated)
[ RunManager ] 7464 debug: Reset the dark brem process (if it was activated)
[ RunManager ] 7465 debug: Reset the dark brem process (if it was activated)
[ RunManager ] 7466 debug: Reset the dark brem process (if it was activated)
[ RunManager ] 7467 debug: Reset the dark brem process (if it was activated)
[ RunManager ] 7468 debug: Reset the dark brem process (if it was activated)
[ RunManager ] 7469 debug: Reset the dark brem process (if it was activated)
[ RunManager ] 7470 debug: Reset the dark brem process (if it was activated)
[ RunManager ] 7471 debug: Reset the dark brem process (if it was activated)
[ RunManager ] 7472 debug: Reset the dark brem process (if it was activated)
[ RunManager ] 7473 debug: Reset the dark brem process (if it was activated)
[ RunManager ] 7474 debug: Reset the dark brem process (if it was activated)
[ RunManager ] 7475 debug: Reset the dark brem process (if it was activated)
[ RunManager ] 7476 debug: Reset the dark brem process (if it was activated)
[ RunManager ] 7477 debug: Reset the dark brem process (if it was activated)
[ RunManager ] 7478 debug: Reset the dark brem process (if it was activated)
[ RunManager ] 7479 debug: Reset the dark brem process (if it was activated)
[ RunManager ] 7480 debug: Reset the dark brem process (if it was activated)
[ RunManager ] 7481 debug: Reset the dark brem process (if it was activated)
[ RunManager ] 7482 debug: Reset the dark brem process (if it was activated)
[ RunManager ] 7483 debug: Reset the dark brem process (if it was activated)
[ RunManager ] 7484 debug: Reset the dark brem process (if it was activated)
[ RunManager ] 7485 debug: Reset the dark brem process (if it was activated)
[ RunManager ] 7486 debug: Reset the dark brem process (if it was activated)
[ RunManager ] 7487 debug: Reset the dark brem process (if it was activated)
[ RunManager ] 7488 debug: Reset the dark brem process (if it was activated)
[ RunManager ] 7489 debug: Reset the dark brem process (if it was activated)
[ RunManager ] 7490 debug: Reset the dark brem process (if it was activated)
[ RunManager ] 7491 debug: Reset the dark brem process (if it was activated)
[ RunManager ] 7492 debug: Reset the dark brem process (if it was activated)
[ RunManager ] 7493 debug: Reset the dark brem process (if it was activated)
[ RunManager ] 7494 debug: Reset the dark brem process (if it was activated)
[ RunManager ] 7495 debug: Reset the dark brem process (if it was activated)
[ RunManager ] 7496 debug: Reset the dark brem process (if it was activated)
[ RunManager ] 7497 debug: Reset the dark brem process (if it was activated)
[ RunManager ] 7498 debug: Reset the dark brem process (if it was activated)
[ RunManager ] 7499 debug: Reset the dark brem process (if it was activated)
[ RunManager ] 7500 debug: Reset the dark brem process (if it was activated)
[ RunManager ] 7501 debug: Reset the dark brem process (if it was activated)
[ RunManager ] 7502 debug: Reset the dark brem process (if it was activated)
[ RunManager ] 7503 debug: Reset the dark brem process (if it was activated)
[ RunManager ] 7504 debug: Reset the dark brem process (if it was activated)
[ RunManager ] 7505 debug: Reset the dark brem process (if it was activated)
[ RunManager ] 7506 debug: Reset the dark brem process (if it was activated)
[ RunManager ] 7507 debug: Reset the dark brem process (if it was activated)
[ RunManager ] 7508 debug: Reset the dark brem process (if it was activated)
[ RunManager ] 7509 debug: Reset the dark brem process (if it was activated)
[ RunManager ] 7510 debug: Reset the dark brem process (if it was activated)
[ RunManager ] 7511 debug: Reset the dark brem process (if it was activated)
[ RunManager ] 7512 debug: Reset the dark brem process (if it was activated)
[ RunManager ] 7513 debug: Reset the dark brem process (if it was activated)
[ RunManager ] 7514 debug: Reset the dark brem process (if it was activated)
[ RunManager ] 7515 debug: Reset the dark brem process (if it was activated)
[ RunManager ] 7516 debug: Reset the dark brem process (if it was activated)
[ RunManager ] 7517 debug: Reset the dark brem process (if it was activated)
[ RunManager ] 7518 debug: Reset the dark brem process (if it was activated)
[ RunManager ] 7519 debug: Reset the dark brem process (if it was activated)
[ RunManager ] 7520 debug: Reset the dark brem process (if it was activated)
[ RunManager ] 7521 debug: Reset the dark brem process (if it was activated)
[ RunManager ] 7522 debug: Reset the dark brem process (if it was activated)
[ RunManager ] 7523 debug: Reset the dark brem process (if it was activated)
[ RunManager ] 7524 debug: Reset the dark brem process (if it was activated)
[ RunManager ] 7525 debug: Reset the dark brem process (if it was activated)
[ RunManager ] 7526 debug: Reset the dark brem process (if it was activated)
[ RunManager ] 7527 debug: Reset the dark brem process (if it was activated)
[ RunManager ] 7528 debug: Reset the dark brem process (if it was activated)
[ RunManager ] 7529 debug: Reset the dark brem process (if it was activated)
[ RunManager ] 7530 debug: Reset the dark brem process (if it was activated)
[ RunManager ] 7531 debug: Reset the dark brem process (if it was activated)
[ RunManager ] 7532 debug: Reset the dark brem process (if it was activated)
[ RunManager ] 7533 debug: Reset the dark brem process (if it was activated)
[ RunManager ] 7534 debug: Reset the dark brem process (if it was activated)
[ RunManager ] 7535 debug: Reset the dark brem process (if it was activated)
[ RunManager ] 7536 debug: Reset the dark brem process (if it was activated)
[ RunManager ] 7537 debug: Reset the dark brem process (if it was activated)
[ RunManager ] 7538 debug: Reset the dark brem process (if it was activated)
[ RunManager ] 7539 debug: Reset the dark brem process (if it was activated)
[ RunManager ] 7540 debug: Reset the dark brem process (if it was activated)
[ RunManager ] 7541 debug: Reset the dark brem process (if it was activated)
[ RunManager ] 7542 debug: Reset the dark brem process (if it was activated)
[ RunManager ] 7543 debug: Reset the dark brem process (if it was activated)
[ RunManager ] 7544 debug: Reset the dark brem process (if it was activated)
[ RunManager ] 7545 debug: Reset the dark brem process (if it was activated)
[ RunManager ] 7546 debug: Reset the dark brem process (if it was activated)
[ RunManager ] 7547 debug: Reset the dark brem process (if it was activated)
[ RunManager ] 7548 debug: Reset the dark brem process (if it was activated)
[ RunManager ] 7549 debug: Reset the dark brem process (if it was activated)
[ RunManager ] 7550 debug: Reset the dark brem process (if it was activated)
[ RunManager ] 7551 debug: Reset the dark brem process (if it was activated)
[ RunManager ] 7552 debug: Reset the dark brem process (if it was activated)
[ RunManager ] 7553 debug: Reset the dark brem process (if it was activated)
[ RunManager ] 7554 debug: Reset the dark brem process (if it was activated)
[ RunManager ] 7555 debug: Reset the dark brem process (if it was activated)
[ RunManager ] 7556 debug: Reset the dark brem process (if it was activated)
[ RunManager ] 7557 debug: Reset the dark brem process (if it was activated)
[ RunManager ] 7558 debug: Reset the dark brem process (if it was activated)
[ RunManager ] 7559 debug: Reset the dark brem process (if it was activated)
[ RunManager ] 7560 debug: Reset the dark brem process (if it was activated)
[ RunManager ] 7561 debug: Reset the dark brem process (if it was activated)
[ RunManager ] 7562 debug: Reset the dark brem process (if it was activated)
[ RunManager ] 7563 debug: Reset the dark brem process (if it was activated)
[ RunManager ] 7564 debug: Reset the dark brem process (if it was activated)
[ RunManager ] 7565 debug: Reset the dark brem process (if it was activated)
[ RunManager ] 7566 debug: Reset the dark brem process (if it was activated)
[ RunManager ] 7567 debug: Reset the dark brem process (if it was activated)
[ RunManager ] 7568 debug: Reset the dark brem process (if it was activated)
[ RunManager ] 7569 debug: Reset the dark brem process (if it was activated)
[ RunManager ] 7570 debug: Reset the dark brem process (if it was activated)
[ RunManager ] 7571 debug: Reset the dark brem process (if it was activated)
[ RunManager ] 7572 debug: Reset the dark brem process (if it was activated)
[ RunManager ] 7573 debug: Reset the dark brem process (if it was activated)
[ RunManager ] 7574 debug: Reset the dark brem process (if it was activated)
[ RunManager ] 7575 debug: Reset the dark brem process (if it was activated)
[ RunManager ] 7576 debug: Reset the dark brem process (if it was activated)
[ RunManager ] 7577 debug: Reset the dark brem process (if it was activated)
[ RunManager ] 7578 debug: Reset the dark brem process (if it was activated)
[ RunManager ] 7579 debug: Reset the dark brem process (if it was activated)
[ RunManager ] 7580 debug: Reset the dark brem process (if it was activated)
[ RunManager ] 7581 debug: Reset the dark brem process (if it was activated)
[ RunManager ] 7582 debug: Reset the dark brem process (if it was activated)
[ RunManager ] 7583 debug: Reset the dark brem process (if it was activated)
[ RunManager ] 7584 debug: Reset the dark brem process (if it was activated)
[ RunManager ] 7585 debug: Reset the dark brem process (if it was activated)
[ RunManager ] 7586 debug: Reset the dark brem process (if it was activated)
[ RunManager ] 7587 debug: Reset the dark brem process (if it was activated)
[ RunManager ] 7588 debug: Reset the dark brem process (if it was activated)
[ RunManager ] 7589 debug: Reset the dark brem process (if it was activated)
[ RunManager ] 7590 debug: Reset the dark brem process (if it was activated)
[ RunManager ] 7591 debug: Reset the dark brem process (if it was activated)
[ RunManager ] 7592 debug: Reset the dark brem process (if it was activated)
[ RunManager ] 7593 debug: Reset the dark brem process (if it was activated)
[ RunManager ] 7594 debug: Reset the dark brem process (if it was activated)
[ RunManager ] 7595 debug: Reset the dark brem process (if it was activated)
[ RunManager ] 7596 debug: Reset the dark brem process (if it was activated)
[ RunManager ] 7597 debug: Reset the dark brem process (if it was activated)
[ RunManager ] 7598 debug: Reset the dark brem process (if it was activated)
[ RunManager ] 7599 debug: Reset the dark brem process (if it was activated)
[ RunManager ] 7600 debug: Reset the dark brem process (if it was activated)
[ RunManager ] 7601 debug: Reset the dark brem process (if it was activated)
[ RunManager ] 7602 debug: Reset the dark brem process (if it was activated)
[ RunManager ] 7603 debug: Reset the dark brem process (if it was activated)
[ RunManager ] 7604 debug: Reset the dark brem process (if it was activated)
[ RunManager ] 7605 debug: Reset the dark brem process (if it was activated)
[ RunManager ] 7606 debug: Reset the dark brem process (if it was activated)
[ RunManager ] 7607 debug: Reset the dark brem process (if it was activated)
[ RunManager ] 7608 debug: Reset the dark brem process (if it was activated)
[ RunManager ] 7609 debug: Reset the dark brem process (if it was activated)
[ RunManager ] 7610 debug: Reset the dark brem process (if it was activated)
[ RunManager ] 7611 debug: Reset the dark brem process (if it was activated)
[ RunManager ] 7612 debug: Reset the dark brem process (if it was activated)
[ RunManager ] 7613 debug: Reset the dark brem process (if it was activated)
[ RunManager ] 7614 debug: Reset the dark brem process (if it was activated)
[ RunManager ] 7615 debug: Reset the dark brem process (if it was activated)
[ RunManager ] 7616 debug: Reset the dark brem process (if it was activated)
[ RunManager ] 7617 debug: Reset the dark brem process (if it was activated)
[ RunManager ] 7618 debug: Reset the dark brem process (if it was activated)
[ RunManager ] 7619 debug: Reset the dark brem process (if it was activated)
[ RunManager ] 7620 debug: Reset the dark brem process (if it was activated)
[ RunManager ] 7621 debug: Reset the dark brem process (if it was activated)
[ RunManager ] 7622 debug: Reset the dark brem process (if it was activated)
[ RunManager ] 7623 debug: Reset the dark brem process (if it was activated)
[ RunManager ] 7624 debug: Reset the dark brem process (if it was activated)
[ RunManager ] 7625 debug: Reset the dark brem process (if it was activated)
[ RunManager ] 7626 debug: Reset the dark brem process (if it was activated)
[ RunManager ] 7627 debug: Reset the dark brem process (if it was activated)
[ RunManager ] 7628 debug: Reset the dark brem process (if it was activated)
[ RunManager ] 7629 debug: Reset the dark brem process (if it was activated)
[ RunManager ] 7630 debug: Reset the dark brem process (if it was activated)
[ RunManager ] 7631 debug: Reset the dark brem process (if it was activated)
[ RunManager ] 7632 debug: Reset the dark brem process (if it was activated)
[ RunManager ] 7633 debug: Reset the dark brem process (if it was activated)
[ RunManager ] 7634 debug: Reset the dark brem process (if it was activated)
[ RunManager ] 7635 debug: Reset the dark brem process (if it was activated)
[ RunManager ] 7636 debug: Reset the dark brem process (if it was activated)
[ RunManager ] 7637 debug: Reset the dark brem process (if it was activated)
[ RunManager ] 7638 debug: Reset the dark brem process (if it was activated)
[ RunManager ] 7639 debug: Reset the dark brem process (if it was activated)
[ RunManager ] 7640 debug: Reset the dark brem process (if it was activated)
[ RunManager ] 7641 debug: Reset the dark brem process (if it was activated)
[ RunManager ] 7642 debug: Reset the dark brem process (if it was activated)
[ RunManager ] 7643 debug: Reset the dark brem process (if it was activated)
[ RunManager ] 7644 debug: Reset the dark brem process (if it was activated)
[ RunManager ] 7645 debug: Reset the dark brem process (if it was activated)
[ RunManager ] 7646 debug: Reset the dark brem process (if it was activated)
[ RunManager ] 7647 debug: Reset the dark brem process (if it was activated)
[ RunManager ] 7648 debug: Reset the dark brem process (if it was activated)
[ RunManager ] 7649 debug: Reset the dark brem process (if it was activated)
[ RunManager ] 7650 debug: Reset the dark brem process (if it was activated)
[ RunManager ] 7651 debug: Reset the dark brem process (if it was activated)
[ RunManager ] 7652 debug: Reset the dark brem process (if it was activated)
[ RunManager ] 7653 debug: Reset the dark brem process (if it was activated)
[ RunManager ] 7654 debug: Reset the dark brem process (if it was activated)
[ RunManager ] 7655 debug: Reset the dark brem process (if it was activated)
[ RunManager ] 7656 debug: Reset the dark brem process (if it was activated)
[ RunManager ] 7657 debug: Reset the dark brem process (if it was activated)
[ RunManager ] 7658 debug: Reset the dark brem process (if it was activated)
[ RunManager ] 7659 debug: Reset the dark brem process (if it was activated)
[ RunManager ] 7660 debug: Reset the dark brem process (if it was activated)
[ RunManager ] 7661 debug: Reset the dark brem process (if it was activated)
[ RunManager ] 7662 debug: Reset the dark brem process (if it was activated)
[ RunManager ] 7663 debug: Reset the dark brem process (if it was activated)
[ RunManager ] 7664 debug: Reset the dark brem process (if it was activated)
[ RunManager ] 7665 debug: Reset the dark brem process (if it was activated)
[ RunManager ] 7666 debug: Reset the dark brem process (if it was activated)
[ RunManager ] 7667 debug: Reset the dark brem process (if it was activated)
[ RunManager ] 7668 debug: Reset the dark brem process (if it was activated)
[ RunManager ] 7669 debug: Reset the dark brem process (if it was activated)
[ RunManager ] 7670 debug: Reset the dark brem process (if it was activated)
[ RunManager ] 7671 debug: Reset the dark brem process (if it was activated)
[ RunManager ] 7672 debug: Reset the dark brem process (if it was activated)
[ RunManager ] 7673 debug: Reset the dark brem process (if it was activated)
[ RunManager ] 7674 debug: Reset the dark brem process (if it was activated)
[ RunManager ] 7675 debug: Reset the dark brem process (if it was activated)
[ RunManager ] 7676 debug: Reset the dark brem process (if it was activated)
[ RunManager ] 7677 debug: Reset the dark brem process (if it was activated)
[ RunManager ] 7678 debug: Reset the dark brem process (if it was activated)
[ RunManager ] 7679 debug: Reset the dark brem process (if it was activated)
[ RunManager ] 7680 debug: Reset the dark brem process (if it was activated)
[ RunManager ] 7681 debug: Reset the dark brem process (if it was activated)
[ RunManager ] 7682 debug: Reset the dark brem process (if it was activated)
[ RunManager ] 7683 debug: Reset the dark brem process (if it was activated)
[ RunManager ] 7684 debug: Reset the dark brem process (if it was activated)
[ RunManager ] 7685 debug: Reset the dark brem process (if it was activated)
[ RunManager ] 7686 debug: Reset the dark brem process (if it was activated)
[ RunManager ] 7687 debug: Reset the dark brem process (if it was activated)
[ RunManager ] 7688 debug: Reset the dark brem process (if it was activated)
[ RunManager ] 7689 debug: Reset the dark brem process (if it was activated)
[ RunManager ] 7690 debug: Reset the dark brem process (if it was activated)
[ RunManager ] 7691 debug: Reset the dark brem process (if it was activated)
[ RunManager ] 7692 debug: Reset the dark brem process (if it was activated)
[ RunManager ] 7693 debug: Reset the dark brem process (if it was activated)
[ RunManager ] 7694 debug: Reset the dark brem process (if it was activated)
[ RunManager ] 7695 debug: Reset the dark brem process (if it was activated)
[ RunManager ] 7696 debug: Reset the dark brem process (if it was activated)
[ RunManager ] 7697 debug: Reset the dark brem process (if it was activated)
[ RunManager ] 7698 debug: Reset the dark brem process (if it was activated)
[ RunManager ] 7699 debug: Reset the dark brem process (if it was activated)
[ RunManager ] 7700 debug: Reset the dark brem process (if it was activated)
[ RunManager ] 7701 debug: Reset the dark brem process (if it was activated)
[ RunManager ] 7702 debug: Reset the dark brem process (if it was activated)
[ RunManager ] 7703 debug: Reset the dark brem process (if it was activated)
[ RunManager ] 7704 debug: Reset the dark brem process (if it was activated)
[ RunManager ] 7705 debug: Reset the dark brem process (if it was activated)
[ RunManager ] 7706 debug: Reset the dark brem process (if it was activated)
[ RunManager ] 7707 debug: Reset the dark brem process (if it was activated)
[ RunManager ] 7708 debug: Reset the dark brem process (if it was activated)
[ RunManager ] 7709 debug: Reset the dark brem process (if it was activated)
[ RunManager ] 7710 debug: Reset the dark brem process (if it was activated)
[ RunManager ] 7711 debug: Reset the dark brem process (if it was activated)
[ RunManager ] 7712 debug: Reset the dark brem process (if it was activated)
[ RunManager ] 7713 debug: Reset the dark brem process (if it was activated)
[ RunManager ] 7714 debug: Reset the dark brem process (if it was activated)
[ RunManager ] 7715 debug: Reset the dark brem process (if it was activated)
[ RunManager ] 7716 debug: Reset the dark brem process (if it was activated)
[ RunManager ] 7717 debug: Reset the dark brem process (if it was activated)
[ RunManager ] 7718 debug: Reset the dark brem process (if it was activated)
[ RunManager ] 7719 debug: Reset the dark brem process (if it was activated)
[ RunManager ] 7720 debug: Reset the dark brem process (if it was activated)
[ RunManager ] 7721 debug: Reset the dark brem process (if it was activated)
[ RunManager ] 7722 debug: Reset the dark brem process (if it was activated)
[ RunManager ] 7723 debug: Reset the dark brem process (if it was activated)
[ RunManager ] 7724 debug: Reset the dark brem process (if it was activated)
[ RunManager ] 7725 debug: Reset the dark brem process (if it was activated)
[ RunManager ] 7726 debug: Reset the dark brem process (if it was activated)
[ RunManager ] 7727 debug: Reset the dark brem process (if it was activated)
[ RunManager ] 7728 debug: Reset the dark brem process (if it was activated)
[ RunManager ] 7729 debug: Reset the dark brem process (if it was activated)
[ RunManager ] 7730 debug: Reset the dark brem process (if it was activated)
[ RunManager ] 7731 debug: Reset the dark brem process (if it was activated)
[ RunManager ] 7732 debug: Reset the dark brem process (if it was activated)
[ RunManager ] 7733 debug: Reset the dark brem process (if it was activated)
[ RunManager ] 7734 debug: Reset the dark brem process (if it was activated)
[ RunManager ] 7735 debug: Reset the dark brem process (if it was activated)
[ RunManager ] 7736 debug: Reset the dark brem process (if it was activated)
[ RunManager ] 7737 debug: Reset the dark brem process (if it was activated)
[ RunManager ] 7738 debug: Reset the dark brem process (if it was activated)
[ RunManager ] 7739 debug: Reset the dark brem process (if it was activated)
[ RunManager ] 7740 debug: Reset the dark brem process (if it was activated)
[ RunManager ] 7741 debug: Reset the dark brem process (if it was activated)
[ RunManager ] 7742 debug: Reset the dark brem process (if it was activated)
[ RunManager ] 7743 debug: Reset the dark brem process (if it was activated)
[ RunManager ] 7744 debug: Reset the dark brem process (if it was activated)
[ RunManager ] 7745 debug: Reset the dark brem process (if it was activated)
[ RunManager ] 7746 debug: Reset the dark brem process (if it was activated)
[ RunManager ] 7747 debug: Reset the dark brem process (if it was activated)
[ RunManager ] 7748 debug: Reset the dark brem process (if it was activated)
[ RunManager ] 7749 debug: Reset the dark brem process (if it was activated)
[ RunManager ] 7750 debug: Reset the dark brem process (if it was activated)
[ RunManager ] 7751 debug: Reset the dark brem process (if it was activated)
[ RunManager ] 7752 debug: Reset the dark brem process (if it was activated)
[ RunManager ] 7753 debug: Reset the dark brem process (if it was activated)
[ RunManager ] 7754 debug: Reset the dark brem process (if it was activated)
[ RunManager ] 7755 debug: Reset the dark brem process (if it was activated)
[ RunManager ] 7756 debug: Reset the dark brem process (if it was activated)
[ RunManager ] 7757 debug: Reset the dark brem process (if it was activated)
[ RunManager ] 7758 debug: Reset the dark brem process (if it was activated)
[ RunManager ] 7759 debug: Reset the dark brem process (if it was activated)
[ RunManager ] 7760 debug: Reset the dark brem process (if it was activated)
[ RunManager ] 7761 debug: Reset the dark brem process (if it was activated)
[ RunManager ] 7762 debug: Reset the dark brem process (if it was activated)
[ RunManager ] 7763 debug: Reset the dark brem process (if it was activated)
[ RunManager ] 7764 debug: Reset the dark brem process (if it was activated)
[ RunManager ] 7765 debug: Reset the dark brem process (if it was activated)
[ RunManager ] 7766 debug: Reset the dark brem process (if it was activated)
[ RunManager ] 7767 debug: Reset the dark brem process (if it was activated)
[ RunManager ] 7768 debug: Reset the dark brem process (if it was activated)
[ RunManager ] 7769 debug: Reset the dark brem process (if it was activated)
[ RunManager ] 7770 debug: Reset the dark brem process (if it was activated)
[ RunManager ] 7771 debug: Reset the dark brem process (if it was activated)
[ RunManager ] 7772 debug: Reset the dark brem process (if it was activated)
[ RunManager ] 7773 debug: Reset the dark brem process (if it was activated)
[ RunManager ] 7774 debug: Reset the dark brem process (if it was activated)
[ RunManager ] 7775 debug: Reset the dark brem process (if it was activated)
[ RunManager ] 7776 debug: Reset the dark brem process (if it was activated)
[ RunManager ] 7777 debug: Reset the dark brem process (if it was activated)
[ RunManager ] 7778 debug: Reset the dark brem process (if it was activated)
[ RunManager ] 7779 debug: Reset the dark brem process (if it was activated)
[ RunManager ] 7780 debug: Reset the dark brem process (if it was activated)
[ RunManager ] 7781 debug: Reset the dark brem process (if it was activated)
[ RunManager ] 7782 debug: Reset the dark brem process (if it was activated)
[ RunManager ] 7783 debug: Reset the dark brem process (if it was activated)
[ RunManager ] 7784 debug: Reset the dark brem process (if it was activated)
[ RunManager ] 7785 debug: Reset the dark brem process (if it was activated)
[ RunManager ] 7786 debug: Reset the dark brem process (if it was activated)
[ RunManager ] 7787 debug: Reset the dark brem process (if it was activated)
[ RunManager ] 7788 debug: Reset the dark brem process (if it was activated)
[ RunManager ] 7789 debug: Reset the dark brem process (if it was activated)
[ RunManager ] 7790 debug: Reset the dark brem process (if it was activated)
[ RunManager ] 7791 debug: Reset the dark brem process (if it was activated)
[ RunManager ] 7792 debug: Reset the dark brem process (if it was activated)
[ RunManager ] 7793 debug: Reset the dark brem process (if it was activated)
[ RunManager ] 7794 debug: Reset the dark brem process (if it was activated)
[ RunManager ] 7795 debug: Reset the dark brem process (if it was activated)
[ RunManager ] 7796 debug: Reset the dark brem process (if it was activated)
[ RunManager ] 7797 debug: Reset the dark brem process (if it was activated)
[ RunManager ] 7798 debug: Reset the dark brem process (if it was activated)
[ RunManager ] 7799 debug: Reset the dark brem process (if it was activated)
[ RunManager ] 7800 debug: Reset the dark brem process (if it was activated)
[ RunManager ] 7801 debug: Reset the dark brem process (if it was activated)
[ RunManager ] 7802 debug: Reset the dark brem process (if it was activated)
[ RunManager ] 7803 debug: Reset the dark brem process (if it was activated)
[ RunManager ] 7804 debug: Reset the dark brem process (if it was activated)
[ RunManager ] 7805 debug: Reset the dark brem process (if it was activated)
[ RunManager ] 7806 debug: Reset the dark brem process (if it was activated)
[ RunManager ] 7807 debug: Reset the dark brem process (if it was activated)
[ RunManager ] 7808 debug: Reset the dark brem process (if it was activated)
[ RunManager ] 7809 debug: Reset the dark brem process (if it was activated)
[ RunManager ] 7810 debug: Reset the dark brem process (if it was activated)
[ RunManager ] 7811 debug: Reset the dark brem process (if it was activated)
[ RunManager ] 7812 debug: Reset the dark brem process (if it was activated)
[ RunManager ] 7813 debug: Reset the dark brem process (if it was activated)
[ RunManager ] 7814 debug: Reset the dark brem process (if it was activated)
[ RunManager ] 7815 debug: Reset the dark brem process (if it was activated)
[ RunManager ] 7816 debug: Reset the dark brem process (if it was activated)
[ RunManager ] 7817 debug: Reset the dark brem process (if it was activated)
[ RunManager ] 7818 debug: Reset the dark brem process (if it was activated)
[ RunManager ] 7819 debug: Reset the dark brem process (if it was activated)
[ RunManager ] 7820 debug: Reset the dark brem process (if it was activated)
[ RunManager ] 7821 debug: Reset the dark brem process (if it was activated)
[ RunManager ] 7822 debug: Reset the dark brem process (if it was activated)
[ RunManager ] 7823 debug: Reset the dark brem process (if it was activated)
[ RunManager ] 7824 debug: Reset the dark brem process (if it was activated)
[ RunManager ] 7825 debug: Reset the dark brem process (if it was activated)
[ RunManager ] 7826 debug: Reset the dark brem process (if it was activated)
[ RunManager ] 7827 debug: Reset the dark brem process (if it was activated)
[ RunManager ] 7828 debug: Reset the dark brem process (if it was activated)
[ RunManager ] 7829 debug: Reset the dark brem process (if it was activated)
[ RunManager ] 7830 debug: Reset the dark brem process (if it was activated)
[ RunManager ] 7831 debug: Reset the dark brem process (if it was activated)
[ RunManager ] 7832 debug: Reset the dark brem process (if it was activated)
[ RunManager ] 7833 debug: Reset the dark brem process (if it was activated)
[ RunManager ] 7834 debug: Reset the dark brem process (if it was activated)
[ RunManager ] 7835 debug: Reset the dark brem process (if it was activated)
[ RunManager ] 7836 debug: Reset the dark brem process (if it was activated)
[ RunManager ] 7837 debug: Reset the dark brem process (if it was activated)
[ RunManager ] 7838 debug: Reset the dark brem process (if it was activated)
[ RunManager ] 7839 debug: Reset the dark brem process (if it was activated)
[ RunManager ] 7840 debug: Reset the dark brem process (if it was activated)
[ RunManager ] 7841 debug: Reset the dark brem process (if it was activated)
[ RunManager ] 7842 debug: Reset the dark brem process (if it was activated)
[ RunManager ] 7843 debug: Reset the dark brem process (if it was activated)
[ RunManager ] 7844 debug: Reset the dark brem process (if it was activated)
[ RunManager ] 7845 debug: Reset the dark brem process (if it was activated)
[ RunManager ] 7846 debug: Reset the dark brem process (if it was activated)
[ RunManager ] 7847 debug: Reset the dark brem process (if it was activated)
[ RunManager ] 7848 debug: Reset the dark brem process (if it was activated)
[ RunManager ] 7849 debug: Reset the dark brem process (if it was activated)
[ RunManager ] 7850 debug: Reset the dark brem process (if it was activated)
[ RunManager ] 7851 debug: Reset the dark brem process (if it was activated)
[ RunManager ] 7852 debug: Reset the dark brem process (if it was activated)
[ RunManager ] 7853 debug: Reset the dark brem process (if it was activated)
[ RunManager ] 7854 debug: Reset the dark brem process (if it was activated)
[ RunManager ] 7855 debug: Reset the dark brem process (if it was activated)
[ RunManager ] 7856 debug: Reset the dark brem process (if it was activated)
[ RunManager ] 7857 debug: Reset the dark brem process (if it was activated)
[ RunManager ] 7858 debug: Reset the dark brem process (if it was activated)
[ RunManager ] 7859 debug: Reset the dark brem process (if it was activated)
[ RunManager ] 7860 debug: Reset the dark brem process (if it was activated)
[ RunManager ] 7861 debug: Reset the dark brem process (if it was activated)
[ RunManager ] 7862 debug: Reset the dark brem process (if it was activated)
[ RunManager ] 7863 debug: Reset the dark brem process (if it was activated)
[ RunManager ] 7864 debug: Reset the dark brem process (if it was activated)
[ RunManager ] 7865 debug: Reset the dark brem process (if it was activated)
[ RunManager ] 7866 debug: Reset the dark brem process (if it was activated)
[ RunManager ] 7867 debug: Reset the dark brem process (if it was activated)
[ RunManager ] 7868 debug: Reset the dark brem process (if it was activated)
[ RunManager ] 7869 debug: Reset the dark brem process (if it was activated)
[ RunManager ] 7870 debug: Reset the dark brem process (if it was activated)
[ RunManager ] 7871 debug: Reset the dark brem process (if it was activated)
[ RunManager ] 7872 debug: Reset the dark brem process (if it was activated)
[ RunManager ] 7873 debug: Reset the dark brem process (if it was activated)
[ RunManager ] 7874 debug: Reset the dark brem process (if it was activated)
[ RunManager ] 7875 debug: Reset the dark brem process (if it was activated)
[ RunManager ] 7876 debug: Reset the dark brem process (if it was activated)
[ RunManager ] 7877 debug: Reset the dark brem process (if it was activated)
[ RunManager ] 7878 debug: Reset the dark brem process (if it was activated)
[ RunManager ] 7879 debug: Reset the dark brem process (if it was activated)
[ RunManager ] 7880 debug: Reset the dark brem process (if it was activated)
[ RunManager ] 7881 debug: Reset the dark brem process (if it was activated)
[ RunManager ] 7882 debug: Reset the dark brem process (if it was activated)
[ RunManager ] 7883 debug: Reset the dark brem process (if it was activated)
[ RunManager ] 7884 debug: Reset the dark brem process (if it was activated)
[ RunManager ] 7885 debug: Reset the dark brem process (if it was activated)
[ RunManager ] 7886 debug: Reset the dark brem process (if it was activated)
[ RunManager ] 7887 debug: Reset the dark brem process (if it was activated)
[ RunManager ] 7888 debug: Reset the dark brem process (if it was activated)
[ RunManager ] 7889 debug: Reset the dark brem process (if it was activated)
[ RunManager ] 7890 debug: Reset the dark brem process (if it was activated)
[ RunManager ] 7891 debug: Reset the dark brem process (if it was activated)
[ RunManager ] 7892 debug: Reset the dark brem process (if it was activated)
[ RunManager ] 7893 debug: Reset the dark brem process (if it was activated)
[ RunManager ] 7894 debug: Reset the dark brem process (if it was activated)
[ RunManager ] 7895 debug: Reset the dark brem process (if it was activated)
[ RunManager ] 7896 debug: Reset the dark brem process (if it was activated)
[ RunManager ] 7897 debug: Reset the dark brem process (if it was activated)
[ RunManager ] 7898 debug: Reset the dark brem process (if it was activated)
[ RunManager ] 7899 debug: Reset the dark brem process (if it was activated)
[ RunManager ] 7900 debug: Reset the dark brem process (if it was activated)
[ RunManager ] 7901 debug: Reset the dark brem process (if it was activated)
[ RunManager ] 7902 debug: Reset the dark brem process (if it was activated)
[ RunManager ] 7903 debug: Reset the dark brem process (if it was activated)
[ RunManager ] 7904 debug: Reset the dark brem process (if it was activated)
[ RunManager ] 7905 debug: Reset the dark brem process (if it was activated)
[ RunManager ] 7906 debug: Reset the dark brem process (if it was activated)
[ RunManager ] 7907 debug: Reset the dark brem process (if it was activated)
[ RunManager ] 7908 debug: Reset the dark brem process (if it was activated)
[ RunManager ] 7909 debug: Reset the dark brem process (if it was activated)
[ RunManager ] 7910 debug: Reset the dark brem process (if it was activated)
[ RunManager ] 7911 debug: Reset the dark brem process (if it was activated)
[ RunManager ] 7912 debug: Reset the dark brem process (if it was activated)
[ RunManager ] 7913 debug: Reset the dark brem process (if it was activated)
[ RunManager ] 7914 debug: Reset the dark brem process (if it was activated)
[ RunManager ] 7915 debug: Reset the dark brem process (if it was activated)
[ RunManager ] 7916 debug: Reset the dark brem process (if it was activated)
[ RunManager ] 7917 debug: Reset the dark brem process (if it was activated)
[ RunManager ] 7918 debug: Reset the dark brem process (if it was activated)
[ RunManager ] 7919 debug: Reset the dark brem process (if it was activated)
[ RunManager ] 7920 debug: Reset the dark brem process (if it was activated)
[ RunManager ] 7921 debug: Reset the dark brem process (if it was activated)
[ RunManager ] 7922 debug: Reset the dark brem process (if it was activated)
[ RunManager ] 7923 debug: Reset the dark brem process (if it was activated)
[ RunManager ] 7924 debug: Reset the dark brem process (if it was activated)
[ RunManager ] 7925 debug: Reset the dark brem process (if it was activated)
[ RunManager ] 7926 debug: Reset the dark brem process (if it was activated)
[ RunManager ] 7927 debug: Reset the dark brem process (if it was activated)
[ RunManager ] 7928 debug: Reset the dark brem process (if it was activated)
[ RunManager ] 7929 debug: Reset the dark brem process (if it was activated)
[ RunManager ] 7930 debug: Reset the dark brem process (if it was activated)
[ RunManager ] 7931 debug: Reset the dark brem process (if it was activated)
[ RunManager ] 7932 debug: Reset the dark brem process (if it was activated)
[ RunManager ] 7933 debug: Reset the dark brem process (if it was activated)
[ RunManager ] 7934 debug: Reset the dark brem process (if it was activated)
[ RunManager ] 7935 debug: Reset the dark brem process (if it was activated)
[ RunManager ] 7936 debug: Reset the dark brem process (if it was activated)
[ RunManager ] 7937 debug: Reset the dark brem process (if it was activated)
[ RunManager ] 7938 debug: Reset the dark brem process (if it was activated)
[ RunManager ] 7939 debug: Reset the dark brem process (if it was activated)
[ RunManager ] 7940 debug: Reset the dark brem process (if it was activated)
[ RunManager ] 7941 debug: Reset the dark brem process (if it was activated)
[ RunManager ] 7942 debug: Reset the dark brem process (if it was activated)
[ RunManager ] 7943 debug: Reset the dark brem process (if it was activated)
[ RunManager ] 7944 debug: Reset the dark brem process (if it was activated)
[ RunManager ] 7945 debug: Reset the dark brem process (if it was activated)
[ RunManager ] 7946 debug: Reset the dark brem process (if it was activated)
[ RunManager ] 7947 debug: Reset the dark brem process (if it was activated)
[ RunManager ] 7948 debug: Reset the dark brem process (if it was activated)
[ RunManager ] 7949 debug: Reset the dark brem process (if it was activated)
[ RunManager ] 7950 debug: Reset the dark brem process (if it was activated)
[ RunManager ] 7951 debug: Reset the dark brem process (if it was activated)
[ RunManager ] 7952 debug: Reset the dark brem process (if it was activated)
[ RunManager ] 7953 debug: Reset the dark brem process (if it was activated)
[ RunManager ] 7954 debug: Reset the dark brem process (if it was activated)
[ RunManager ] 7955 debug: Reset the dark brem process (if it was activated)
[ RunManager ] 7956 debug: Reset the dark brem process (if it was activated)
[ RunManager ] 7957 debug: Reset the dark brem process (if it was activated)
[ RunManager ] 7958 debug: Reset the dark brem process (if it was activated)
[ RunManager ] 7959 debug: Reset the dark brem process (if it was activated)
[ RunManager ] 7960 debug: Reset the dark brem process (if it was activated)
[ RunManager ] 7961 debug: Reset the dark brem process (if it was activated)
[ RunManager ] 7962 debug: Reset the dark brem process (if it was activated)
[ RunManager ] 7963 debug: Reset the dark brem process (if it was activated)
[ RunManager ] 7964 debug: Reset the dark brem process (if it was activated)
[ RunManager ] 7965 debug: Reset the dark brem process (if it was activated)
[ RunManager ] 7966 debug: Reset the dark brem process (if it was activated)
[ RunManager ] 7967 debug: Reset the dark brem process (if it was activated)
[ RunManager ] 7968 debug: Reset the dark brem process (if it was activated)
[ RunManager ] 7969 debug: Reset the dark brem process (if it was activated)
[ RunManager ] 7970 debug: Reset the dark brem process (if it was activated)
[ RunManager ] 7971 debug: Reset the dark brem process (if it was activated)
[ RunManager ] 7972 debug: Reset the dark brem process (if it was activated)
[ RunManager ] 7973 debug: Reset the dark brem process (if it was activated)
[ RunManager ] 7974 debug: Reset the dark brem process (if it was activated)
[ RunManager ] 7975 debug: Reset the dark brem process (if it was activated)
[ RunManager ] 7976 debug: Reset the dark brem process (if it was activated)
[ RunManager ] 7977 debug: Reset the dark brem process (if it was activated)
[ RunManager ] 7978 debug: Reset the dark brem process (if it was activated)
[ RunManager ] 7979 debug: Reset the dark brem process (if it was activated)
[ RunManager ] 7980 debug: Reset the dark brem process (if it was activated)
[ RunManager ] 7981 debug: Reset the dark brem process (if it was activated)
[ RunManager ] 7982 debug: Reset the dark brem process (if it was activated)
[ RunManager ] 7983 debug: Reset the dark brem process (if it was activated)
[ RunManager ] 7984 debug: Reset the dark brem process (if it was activated)
[ RunManager ] 7985 debug: Reset the dark brem process (if it was activated)
[ RunManager ] 7986 debug: Reset the dark brem process (if it was activated)
[ RunManager ] 7987 debug: Reset the dark brem process (if it was activated)
[ RunManager ] 7988 debug: Reset the dark brem process (if it was activated)
[ RunManager ] 7989 debug: Reset the dark brem process (if it was activated)
[ RunManager ] 7990 debug: Reset the dark brem process (if it was activated)
[ RunManager ] 7991 debug: Reset the dark brem process (if it was activated)
[ RunManager ] 7992 debug: Reset the dark brem process (if it was activated)
[ RunManager ] 7993 debug: Reset the dark brem process (if it was activated)
[ RunManager ] 7994 debug: Reset the dark brem process (if it was activated)
[ RunManager ] 7995 debug: Reset the dark brem process (if it was activated)
[ RunManager ] 7996 debug: Reset the dark brem process (if it was activated)
[ RunManager ] 7997 debug: Reset the dark brem process (if it was activated)
[ RunManager ] 7998 debug: Reset the dark brem process (if it was activated)
[ RunManager ] 7999 debug: Reset the dark brem process (if it was activated)
[ RunManager ] 8000 debug: Reset the dark brem process (if it was activated)
[ RunManager ] 8001 debug: Reset the dark brem process (if it was activated)
[ RunManager ] 8002 debug: Reset the dark brem process (if it was activated)
[ RunManager ] 8003 debug: Reset the dark brem process (if it was activated)
[ RunManager ] 8004 debug: Reset the dark brem process (if it was activated)
[ RunManager ] 8005 debug: Reset the dark brem process (if it was activated)
[ RunManager ] 8006 debug: Reset the dark brem process (if it was activated)
[ RunManager ] 8007 debug: Reset the dark brem process (if it was activated)
[ RunManager ] 8008 debug: Reset the dark brem process (if it was activated)
[ RunManager ] 8009 debug: Reset the dark brem process (if it was activated)
[ RunManager ] 8010 debug: Reset the dark brem process (if it was activated)
[ RunManager ] 8011 debug: Reset the dark brem process (if it was activated)
[ RunManager ] 8012 debug: Reset the dark brem process (if it was activated)
[ RunManager ] 8013 debug: Reset the dark brem process (if it was activated)
[ RunManager ] 8014 debug: Reset the dark brem process (if it was activated)
[ RunManager ] 8015 debug: Reset the dark brem process (if it was activated)
[ RunManager ] 8016 debug: Reset the dark brem process (if it was activated)
[ RunManager ] 8017 debug: Reset the dark brem process (if it was activated)
[ RunManager ] 8018 debug: Reset the dark brem process (if it was activated)
[ RunManager ] 8019 debug: Reset the dark brem process (if it was activated)
[ RunManager ] 8020 debug: Reset the dark brem process (if it was activated)
[ RunManager ] 8021 debug: Reset the dark brem process (if it was activated)
[ RunManager ] 8022 debug: Reset the dark brem process (if it was activated)
[ RunManager ] 8023 debug: Reset the dark brem process (if it was activated)
[ RunManager ] 8024 debug: Reset the dark brem process (if it was activated)
[ RunManager ] 8025 debug: Reset the dark brem process (if it was activated)
[ RunManager ] 8026 debug: Reset the dark brem process (if it was activated)
[ RunManager ] 8027 debug: Reset the dark brem process (if it was activated)
[ RunManager ] 8028 debug: Reset the dark brem process (if it was activated)
[ RunManager ] 8029 debug: Reset the dark brem process (if it was activated)
[ RunManager ] 8030 debug: Reset the dark brem process (if it was activated)
[ RunManager ] 8031 debug: Reset the dark brem process (if it was activated)
[ RunManager ] 8032 debug: Reset the dark brem process (if it was activated)
[ RunManager ] 8033 debug: Reset the dark brem process (if it was activated)
[ RunManager ] 8034 debug: Reset the dark brem process (if it was activated)
[ RunManager ] 8035 debug: Reset the dark brem process (if it was activated)
[ RunManager ] 8036 debug: Reset the dark brem process (if it was activated)
[ RunManager ] 8037 debug: Reset the dark brem process (if it was activated)
[ RunManager ] 8038 debug: Reset the dark brem process (if it was activated)
[ RunManager ] 8039 debug: Reset the dark brem process (if it was activated)
[ RunManager ] 8040 debug: Reset the dark brem process (if it was activated)
[ RunManager ] 8041 debug: Reset the dark brem process (if it was activated)
[ RunManager ] 8042 debug: Reset the dark brem process (if it was activated)
[ RunManager ] 8043 debug: Reset the dark brem process (if it was activated)
[ RunManager ] 8044 debug: Reset the dark brem process (if it was activated)
[ RunManager ] 8045 debug: Reset the dark brem process (if it was activated)
[ RunManager ] 8046 debug: Reset the dark brem process (if it was activated)
[ RunManager ] 8047 debug: Reset the dark brem process (if it was activated)
[ RunManager ] 8048 debug: Reset the dark brem process (if it was activated)
[ RunManager ] 8049 debug: Reset the dark brem process (if it was activated)
[ RunManager ] 8050 debug: Reset the dark brem process (if it was activated)
[ RunManager ] 8051 debug: Reset the dark brem process (if it was activated)
[ RunManager ] 8052 debug: Reset the dark brem process (if it was activated)
[ RunManager ] 8053 debug: Reset the dark brem process (if it was activated)
[ RunManager ] 8054 debug: Reset the dark brem process (if it was activated)
[ RunManager ] 8055 debug: Reset the dark brem process (if it was activated)
[ RunManager ] 8056 debug: Reset the dark brem process (if it was activated)
[ RunManager ] 8057 debug: Reset the dark brem process (if it was activated)
[ RunManager ] 8058 debug: Reset the dark brem process (if it was activated)
[ RunManager ] 8059 debug: Reset the dark brem process (if it was activated)
[ RunManager ] 8060 debug: Reset the dark brem process (if it was activated)
[ RunManager ] 8061 debug: Reset the dark brem process (if it was activated)
[ RunManager ] 8062 debug: Reset the dark brem process (if it was activated)
[ RunManager ] 8063 debug: Reset the dark brem process (if it was activated)
[ RunManager ] 8064 debug: Reset the dark brem process (if it was activated)
[ RunManager ] 8065 debug: Reset the dark brem process (if it was activated)
[ RunManager ] 8066 debug: Reset the dark brem process (if it was activated)
[ RunManager ] 8067 debug: Reset the dark brem process (if it was activated)
[ RunManager ] 8068 debug: Reset the dark brem process (if it was activated)
[ RunManager ] 8069 debug: Reset the dark brem process (if it was activated)
[ RunManager ] 8070 debug: Reset the dark brem process (if it was activated)
[ RunManager ] 8071 debug: Reset the dark brem process (if it was activated)
[ RunManager ] 8072 debug: Reset the dark brem process (if it was activated)
[ RunManager ] 8073 debug: Reset the dark brem process (if it was activated)
[ RunManager ] 8074 debug: Reset the dark brem process (if it was activated)
[ RunManager ] 8075 debug: Reset the dark brem process (if it was activated)
[ RunManager ] 8076 debug: Reset the dark brem process (if it was activated)
[ RunManager ] 8077 debug: Reset the dark brem process (if it was activated)
[ RunManager ] 8078 debug: Reset the dark brem process (if it was activated)
[ RunManager ] 8079 debug: Reset the dark brem process (if it was activated)
[ RunManager ] 8080 debug: Reset the dark brem process (if it was activated)
[ RunManager ] 8081 debug: Reset the dark brem process (if it was activated)
[ RunManager ] 8082 debug: Reset the dark brem process (if it was activated)
[ RunManager ] 8083 debug: Reset the dark brem process (if it was activated)
[ RunManager ] 8084 debug: Reset the dark brem process (if it was activated)
[ RunManager ] 8085 debug: Reset the dark brem process (if it was activated)
[ RunManager ] 8086 debug: Reset the dark brem process (if it was activated)
[ RunManager ] 8087 debug: Reset the dark brem process (if it was activated)
[ RunManager ] 8088 debug: Reset the dark brem process (if it was activated)
[ RunManager ] 8089 debug: Reset the dark brem process (if it was activated)
[ RunManager ] 8090 debug: Reset the dark brem process (if it was activated)
[ RunManager ] 8091 debug: Reset the dark brem process (if it was activated)
[ RunManager ] 8092 debug: Reset the dark brem process (if it was activated)
[ RunManager ] 8093 debug: Reset the dark brem process (if it was activated)
[ RunManager ] 8094 debug: Reset the dark brem process (if it was activated)
[ RunManager ] 8095 debug: Reset the dark brem process (if it was activated)
[ RunManager ] 8096 debug: Reset the dark brem process (if it was activated)
[ RunManager ] 8097 debug: Reset the dark brem process (if it was activated)
[ RunManager ] 8098 debug: Reset the dark brem process (if it was activated)
[ RunManager ] 8099 debug: Reset the dark brem process (if it was activated)
[ RunManager ] 8100 debug: Reset the dark brem process (if it was activated)
[ RunManager ] 8101 debug: Reset the dark brem process (if it was activated)
[ RunManager ] 8102 debug: Reset the dark brem process (if it was activated)
[ RunManager ] 8103 debug: Reset the dark brem process (if it was activated)
[ RunManager ] 8104 debug: Reset the dark brem process (if it was activated)
[ RunManager ] 8105 debug: Reset the dark brem process (if it was activated)
[ RunManager ] 8106 debug: Reset the dark brem process (if it was activated)
[ RunManager ] 8107 debug: Reset the dark brem process (if it was activated)
[ RunManager ] 8108 debug: Reset the dark brem process (if it was activated)
[ RunManager ] 8109 debug: Reset the dark brem process (if it was activated)
[ RunManager ] 8110 debug: Reset the dark brem process (if it was activated)
[ RunManager ] 8111 debug: Reset the dark brem process (if it was activated)
[ RunManager ] 8112 debug: Reset the dark brem process (if it was activated)
[ RunManager ] 8113 debug: Reset the dark brem process (if it was activated)
[ RunManager ] 8114 debug: Reset the dark brem process (if it was activated)
[ RunManager ] 8115 debug: Reset the dark brem process (if it was activated)
[ RunManager ] 8116 debug: Reset the dark brem process (if it was activated)
[ RunManager ] 8117 debug: Reset the dark brem process (if it was activated)
[ RunManager ] 8118 debug: Reset the dark brem process (if it was activated)
[ RunManager ] 8119 debug: Reset the dark brem process (if it was activated)
[ RunManager ] 8120 debug: Reset the dark brem process (if it was activated)
[ RunManager ] 8121 debug: Reset the dark brem process (if it was activated)
[ RunManager ] 8122 debug: Reset the dark brem process (if it was activated)
[ RunManager ] 8123 debug: Reset the dark brem process (if it was activated)
[ RunManager ] 8124 debug: Reset the dark brem process (if it was activated)
[ RunManager ] 8125 debug: Reset the dark brem process (if it was activated)
[ RunManager ] 8126 debug: Reset the dark brem process (if it was activated)
[ RunManager ] 8127 debug: Reset the dark brem process (if it was activated)
[ RunManager ] 8128 debug: Reset the dark brem process (if it was activated)
[ RunManager ] 8129 debug: Reset the dark brem process (if it was activated)
[ RunManager ] 8130 debug: Reset the dark brem process (if it was activated)
[ RunManager ] 8131 debug: Reset the dark brem process (if it was activated)
[ RunManager ] 8132 debug: Reset the dark brem process (if it was activated)
[ RunManager ] 8133 debug: Reset the dark brem process (if it was activated)
[ RunManager ] 8134 debug: Reset the dark brem process (if it was activated)
[ RunManager ] 8135 debug: Reset the dark brem process (if it was activated)
[ RunManager ] 8136 debug: Reset the dark brem process (if it was activated)
[ RunManager ] 8137 debug: Reset the dark brem process (if it was activated)
[ RunManager ] 8138 debug: Reset the dark brem process (if it was activated)
[ RunManager ] 8139 debug: Reset the dark brem process (if it was activated)
[ RunManager ] 8140 debug: Reset the dark brem process (if it was activated)
[ RunManager ] 8141 debug: Reset the dark brem process (if it was activated)
[ RunManager ] 8142 debug: Reset the dark brem process (if it was activated)
[ RunManager ] 8143 debug: Reset the dark brem process (if it was activated)
[ RunManager ] 8144 debug: Reset the dark brem process (if it was activated)
[ RunManager ] 8145 debug: Reset the dark brem process (if it was activated)
[ RunManager ] 8146 debug: Reset the dark brem process (if it was activated)
[ RunManager ] 8147 debug: Reset the dark brem process (if it was activated)
[ RunManager ] 8148 debug: Reset the dark brem process (if it was activated)
[ RunManager ] 8149 debug: Reset the dark brem process (if it was activated)
[ RunManager ] 8150 debug: Reset the dark brem process (if it was activated)
[ RunManager ] 8151 debug: Reset the dark brem process (if it was activated)
[ RunManager ] 8152 debug: Reset the dark brem process (if it was activated)
[ RunManager ] 8153 debug: Reset the dark brem process (if it was activated)
[ RunManager ] 8154 debug: Reset the dark brem process (if it was activated)
[ RunManager ] 8155 debug: Reset the dark brem process (if it was activated)
[ RunManager ] 8156 debug: Reset the dark brem process (if it was activated)
[ RunManager ] 8157 debug: Reset the dark brem process (if it was activated)
[ RunManager ] 8158 debug: Reset the dark brem process (if it was activated)
[ RunManager ] 8159 debug: Reset the dark brem process (if it was activated)
[ RunManager ] 8160 debug: Reset the dark brem process (if it was activated)
[ RunManager ] 8161 debug: Reset the dark brem process (if it was activated)
[ RunManager ] 8162 debug: Reset the dark brem process (if it was activated)
[ RunManager ] 8163 debug: Reset the dark brem process (if it was activated)
[ RunManager ] 8164 debug: Reset the dark brem process (if it was activated)
[ RunManager ] 8165 debug: Reset the dark brem process (if it was activated)
[ RunManager ] 8166 debug: Reset the dark brem process (if it was activated)
[ RunManager ] 8167 debug: Reset the dark brem process (if it was activated)
[ RunManager ] 8168 debug: Reset the dark brem process (if it was activated)
[ RunManager ] 8169 debug: Reset the dark brem process (if it was activated)
[ RunManager ] 8170 debug: Reset the dark brem process (if it was activated)
[ RunManager ] 8171 debug: Reset the dark brem process (if it was activated)
[ RunManager ] 8172 debug: Reset the dark brem process (if it was activated)
[ RunManager ] 8173 debug: Reset the dark brem process (if it was activated)
[ RunManager ] 8174 debug: Reset the dark brem process (if it was activated)
[ RunManager ] 8175 debug: Reset the dark brem process (if it was activated)
[ RunManager ] 8176 debug: Reset the dark brem process (if it was activated)
[ RunManager ] 8177 debug: Reset the dark brem process (if it was activated)
[ RunManager ] 8178 debug: Reset the dark brem process (if it was activated)
[ RunManager ] 8179 debug: Reset the dark brem process (if it was activated)
[ RunManager ] 8180 debug: Reset the dark brem process (if it was activated)
[ RunManager ] 8181 debug: Reset the dark brem process (if it was activated)
[ RunManager ] 8182 debug: Reset the dark brem process (if it was activated)
[ RunManager ] 8183 debug: Reset the dark brem process (if it was activated)
[ RunManager ] 8184 debug: Reset the dark brem process (if it was activated)
[ RunManager ] 8185 debug: Reset the dark brem process (if it was activated)
[ RunManager ] 8186 debug: Reset the dark brem process (if it was activated)
[ RunManager ] 8187 debug: Reset the dark brem process (if it was activated)
[ RunManager ] 8188 debug: Reset the dark brem process (if it was activated)
[ RunManager ] 8189 debug: Reset the dark brem process (if it was activated)
[ RunManager ] 8190 debug: Reset the dark brem process (if it was activated)
[ RunManager ] 8191 debug: Reset the dark brem process (if it was activated)
[ RunManager ] 8192 debug: Reset the dark brem process (if it was activated)
[ RunManager ] 8193 debug: Reset the dark brem process (if it was activated)
[ RunManager ] 8194 debug: Reset the dark brem process (if it was activated)
[ RunManager ] 8195 debug: Reset the dark brem process (if it was activated)
[ RunManager ] 8196 debug: Reset the dark brem process (if it was activated)
[ RunManager ] 8197 debug: Reset the dark brem process (if it was activated)
[ RunManager ] 8198 debug: Reset the dark brem process (if it was activated)
[ RunManager ] 8199 debug: Reset the dark brem process (if it was activated)
[ RunManager ] 8200 debug: Reset the dark brem process (if it was activated)
[ RunManager ] 8201 debug: Reset the dark brem process (if it was activated)
[ RunManager ] 8202 debug: Reset the dark brem process (if it was activated)
[ RunManager ] 8203 debug: Reset the dark brem process (if it was activated)
[ RunManager ] 8204 debug: Reset the dark brem process (if it was activated)
[ RunManager ] 8205 debug: Reset the dark brem process (if it was activated)
[ RunManager ] 8206 debug: Reset the dark brem process (if it was activated)
[ RunManager ] 8207 debug: Reset the dark brem process (if it was activated)
[ RunManager ] 8208 debug: Reset the dark brem process (if it was activated)
[ RunManager ] 8209 debug: Reset the dark brem process (if it was activated)
[ RunManager ] 8210 debug: Reset the dark brem process (if it was activated)
[ RunManager ] 8211 debug: Reset the dark brem process (if it was activated)
[ RunManager ] 8212 debug: Reset the dark brem process (if it was activated)
[ RunManager ] 8213 debug: Reset the dark brem process (if it was activated)
[ RunManager ] 8214 debug: Reset the dark brem process (if it was activated)
[ RunManager ] 8215 debug: Reset the dark brem process (if it was activated)
[ RunManager ] 8216 debug: Reset the dark brem process (if it was activated)
[ RunManager ] 8217 debug: Reset the dark brem process (if it was activated)
[ RunManager ] 8218 debug: Reset the dark brem process (if it was activated)
[ RunManager ] 8219 debug: Reset the dark brem process (if it was activated)
[ RunManager ] 8220 debug: Reset the dark brem process (if it was activated)
[ RunManager ] 8221 debug: Reset the dark brem process (if it was activated)
[ RunManager ] 8222 debug: Reset the dark brem process (if it was activated)
[ RunManager ] 8223 debug: Reset the dark brem process (if it was activated)
[ RunManager ] 8224 debug: Reset the dark brem process (if it was activated)
[ RunManager ] 8225 debug: Reset the dark brem process (if it was activated)
[ RunManager ] 8226 debug: Reset the dark brem process (if it was activated)
[ RunManager ] 8227 debug: Reset the dark brem process (if it was activated)
[ RunManager ] 8228 debug: Reset the dark brem process (if it was activated)
[ RunManager ] 8229 debug: Reset the dark brem process (if it was activated)
[ RunManager ] 8230 debug: Reset the dark brem process (if it was activated)
[ RunManager ] 8231 debug: Reset the dark brem process (if it was activated)
[ RunManager ] 8232 debug: Reset the dark brem process (if it was activated)
[ RunManager ] 8233 debug: Reset the dark brem process (if it was activated)
[ RunManager ] 8234 debug: Reset the dark brem process (if it was activated)
[ RunManager ] 8235 debug: Reset the dark brem process (if it was activated)
[ RunManager ] 8236 debug: Reset the dark brem process (if it was activated)
[ RunManager ] 8237 debug: Reset the dark brem process (if it was activated)
[ RunManager ] 8238 debug: Reset the dark brem process (if it was activated)
[ RunManager ] 8239 debug: Reset the dark brem process (if it was activated)
[ RunManager ] 8240 debug: Reset the dark brem process (if it was activated)
[ RunManager ] 8241 debug: Reset the dark brem process (if it was activated)
[ RunManager ] 8242 debug: Reset the dark brem process (if it was activated)
[ RunManager ] 8243 debug: Reset the dark brem process (if it was activated)
[ RunManager ] 8244 debug: Reset the dark brem process (if it was activated)
[ RunManager ] 8245 debug: Reset the dark brem process (if it was activated)
[ RunManager ] 8246 debug: Reset the dark brem process (if it was activated)
[ RunManager ] 8247 debug: Reset the dark brem process (if it was activated)
[ RunManager ] 8248 debug: Reset the dark brem process (if it was activated)
[ RunManager ] 8249 debug: Reset the dark brem process (if it was activated)
[ RunManager ] 8250 debug: Reset the dark brem process (if it was activated)
[ RunManager ] 8251 debug: Reset the dark brem process (if it was activated)
[ RunManager ] 8252 debug: Reset the dark brem process (if it was activated)
[ RunManager ] 8253 debug: Reset the dark brem process (if it was activated)
[ RunManager ] 8254 debug: Reset the dark brem process (if it was activated)
[ RunManager ] 8255 debug: Reset the dark brem process (if it was activated)
[ RunManager ] 8256 debug: Reset the dark brem process (if it was activated)
[ RunManager ] 8257 debug: Reset the dark brem process (if it was activated)
[ RunManager ] 8258 debug: Reset the dark brem process (if it was activated)
[ RunManager ] 8259 debug: Reset the dark brem process (if it was activated)
[ RunManager ] 8260 debug: Reset the dark brem process (if it was activated)
[ RunManager ] 8261 debug: Reset the dark brem process (if it was activated)
[ RunManager ] 8262 debug: Reset the dark brem process (if it was activated)
[ RunManager ] 8263 debug: Reset the dark brem process (if it was activated)
[ RunManager ] 8264 debug: Reset the dark brem process (if it was activated)
[ RunManager ] 8265 debug: Reset the dark brem process (if it was activated)
[ RunManager ] 8266 debug: Reset the dark brem process (if it was activated)
[ RunManager ] 8267 debug: Reset the dark brem process (if it was activated)
[ RunManager ] 8268 debug: Reset the dark brem process (if it was activated)
[ RunManager ] 8269 debug: Reset the dark brem process (if it was activated)
[ RunManager ] 8270 debug: Reset the dark brem process (if it was activated)
[ RunManager ] 8271 debug: Reset the dark brem process (if it was activated)
[ RunManager ] 8272 debug: Reset the dark brem process (if it was activated)
[ RunManager ] 8273 debug: Reset the dark brem process (if it was activated)
[ RunManager ] 8274 debug: Reset the dark brem process (if it was activated)
[ RunManager ] 8275 debug: Reset the dark brem process (if it was activated)
[ RunManager ] 8276 debug: Reset the dark brem process (if it was activated)
[ RunManager ] 8277 debug: Reset the dark brem process (if it was activated)
[ RunManager ] 8278 debug: Reset the dark brem process (if it was activated)
[ RunManager ] 8279 debug: Reset the dark brem process (if it was activated)
[ RunManager ] 8280 debug: Reset the dark brem process (if it was activated)
[ RunManager ] 8281 debug: Reset the dark brem process (if it was activated)
[ RunManager ] 8282 debug: Reset the dark brem process (if it was activated)
[ RunManager ] 8283 debug: Reset the dark brem process (if it was activated)
[ RunManager ] 8284 debug: Reset the dark brem process (if it was activated)
[ RunManager ] 8285 debug: Reset the dark brem process (if it was activated)
[ RunManager ] 8286 debug: Reset the dark brem process (if it was activated)
[ RunManager ] 8287 debug: Reset the dark brem process (if it was activated)
[ RunManager ] 8288 debug: Reset the dark brem process (if it was activated)
[ RunManager ] 8289 debug: Reset the dark brem process (if it was activated)
[ RunManager ] 8290 debug: Reset the dark brem process (if it was activated)
[ RunManager ] 8291 debug: Reset the dark brem process (if it was activated)
[ RunManager ] 8292 debug: Reset the dark brem process (if it was activated)
[ RunManager ] 8293 debug: Reset the dark brem process (if it was activated)
[ RunManager ] 8294 debug: Reset the dark brem process (if it was activated)
[ RunManager ] 8295 debug: Reset the dark brem process (if it was activated)
[ RunManager ] 8296 debug: Reset the dark brem process (if it was activated)
[ RunManager ] 8297 debug: Reset the dark brem process (if it was activated)
[ RunManager ] 8298 debug: Reset the dark brem process (if it was activated)
[ RunManager ] 8299 debug: Reset the dark brem process (if it was activated)
[ RunManager ] 8300 debug: Reset the dark brem process (if it was activated)
[ RunManager ] 8301 debug: Reset the dark brem process (if it was activated)
[ RunManager ] 8302 debug: Reset the dark brem process (if it was activated)
[ RunManager ] 8303 debug: Reset the dark brem process (if it was activated)
[ RunManager ] 8304 debug: Reset the dark brem process (if it was activated)
[ RunManager ] 8305 debug: Reset the dark brem process (if it was activated)
[ RunManager ] 8306 debug: Reset the dark brem process (if it was activated)
[ RunManager ] 8307 debug: Reset the dark brem process (if it was activated)
[ RunManager ] 8308 debug: Reset the dark brem process (if it was activated)
[ RunManager ] 8309 debug: Reset the dark brem process (if it was activated)
[ RunManager ] 8310 debug: Reset the dark brem process (if it was activated)
[ RunManager ] 8311 debug: Reset the dark brem process (if it was activated)
[ RunManager ] 8312 debug: Reset the dark brem process (if it was activated)
[ RunManager ] 8313 debug: Reset the dark brem process (if it was activated)
[ RunManager ] 8314 debug: Reset the dark brem process (if it was activated)
[ RunManager ] 8315 debug: Reset the dark brem process (if it was activated)
[ RunManager ] 8316 debug: Reset the dark brem process (if it was activated)
[ RunManager ] 8317 debug: Reset the dark brem process (if it was activated)
[ RunManager ] 8318 debug: Reset the dark brem process (if it was activated)
[ RunManager ] 8319 debug: Reset the dark brem process (if it was activated)
[ RunManager ] 8320 debug: Reset the dark brem process (if it was activated)
[ RunManager ] 8321 debug: Reset the dark brem process (if it was activated)
[ RunManager ] 8322 debug: Reset the dark brem process (if it was activated)
[ RunManager ] 8323 debug: Reset the dark brem process (if it was activated)
[ RunManager ] 8324 debug: Reset the dark brem process (if it was activated)
[ RunManager ] 8325 debug: Reset the dark brem process (if it was activated)
[ RunManager ] 8326 debug: Reset the dark brem process (if it was activated)
[ RunManager ] 8327 debug: Reset the dark brem process (if it was activated)
[ RunManager ] 8328 debug: Reset the dark brem process (if it was activated)
[ RunManager ] 8329 debug: Reset the dark brem process (if it was activated)
[ RunManager ] 8330 debug: Reset the dark brem process (if it was activated)
[ RunManager ] 8331 debug: Reset the dark brem process (if it was activated)
[ RunManager ] 8332 debug: Reset the dark brem process (if it was activated)
[ RunManager ] 8333 debug: Reset the dark brem process (if it was activated)
[ RunManager ] 8334 debug: Reset the dark brem process (if it was activated)
[ RunManager ] 8335 debug: Reset the dark brem process (if it was activated)
[ RunManager ] 8336 debug: Reset the dark brem process (if it was activated)
[ RunManager ] 8337 debug: Reset the dark brem process (if it was activated)
[ RunManager ] 8338 debug: Reset the dark brem process (if it was activated)
[ RunManager ] 8339 debug: Reset the dark brem process (if it was activated)
[ RunManager ] 8340 debug: Reset the dark brem process (if it was activated)
[ RunManager ] 8341 debug: Reset the dark brem process (if it was activated)
[ RunManager ] 8342 debug: Reset the dark brem process (if it was activated)
[ RunManager ] 8343 debug: Reset the dark brem process (if it was activated)
[ RunManager ] 8344 debug: Reset the dark brem process (if it was activated)
[ RunManager ] 8345 debug: Reset the dark brem process (if it was activated)
[ RunManager ] 8346 debug: Reset the dark brem process (if it was activated)
[ RunManager ] 8347 debug: Reset the dark brem process (if it was activated)
[ RunManager ] 8348 debug: Reset the dark brem process (if it was activated)
[ RunManager ] 8349 debug: Reset the dark brem process (if it was activated)
[ RunManager ] 8350 debug: Reset the dark brem process (if it was activated)
[ RunManager ] 8351 debug: Reset the dark brem process (if it was activated)
[ RunManager ] 8352 debug: Reset the dark brem process (if it was activated)
[ RunManager ] 8353 debug: Reset the dark brem process (if it was activated)
[ RunManager ] 8354 debug: Reset the dark brem process (if it was activated)
[ RunManager ] 8355 debug: Reset the dark brem process (if it was activated)
[ RunManager ] 8356 debug: Reset the dark brem process (if it was activated)
[ RunManager ] 8357 debug: Reset the dark brem process (if it was activated)
[ RunManager ] 8358 debug: Reset the dark brem process (if it was activated)
[ RunManager ] 8359 debug: Reset the dark brem process (if it was activated)
[ RunManager ] 8360 debug: Reset the dark brem process (if it was activated)
[ RunManager ] 8361 debug: Reset the dark brem process (if it was activated)
[ RunManager ] 8362 debug: Reset the dark brem process (if it was activated)
[ RunManager ] 8363 debug: Reset the dark brem process (if it was activated)
[ RunManager ] 8364 debug: Reset the dark brem process (if it was activated)
[ RunManager ] 8365 debug: Reset the dark brem process (if it was activated)
[ RunManager ] 8366 debug: Reset the dark brem process (if it was activated)
[ RunManager ] 8367 debug: Reset the dark brem process (if it was activated)
[ RunManager ] 8368 debug: Reset the dark brem process (if it was activated)
[ RunManager ] 8369 debug: Reset the dark brem process (if it was activated)
[ RunManager ] 8370 debug: Reset the dark brem process (if it was activated)
[ RunManager ] 8371 debug: Reset the dark brem process (if it was activated)
[ RunManager ] 8372 debug: Reset the dark brem process (if it was activated)
[ RunManager ] 8373 debug: Reset the dark brem process (if it was activated)
[ RunManager ] 8374 debug: Reset the dark brem process (if it was activated)
[ RunManager ] 8375 debug: Reset the dark brem process (if it was activated)
[ RunManager ] 8376 debug: Reset the dark brem process (if it was activated)
[ RunManager ] 8377 debug: Reset the dark brem process (if it was activated)
[ RunManager ] 8378 debug: Reset the dark brem process (if it was activated)
[ RunManager ] 8379 debug: Reset the dark brem process (if it was activated)
[ RunManager ] 8380 debug: Reset the dark brem process (if it was activated)
[ RunManager ] 8381 debug: Reset the dark brem process (if it was activated)
[ RunManager ] 8382 debug: Reset the dark brem process (if it was activated)
[ RunManager ] 8383 debug: Reset the dark brem process (if it was activated)
[ RunManager ] 8384 debug: Reset the dark brem process (if it was activated)
[ RunManager ] 8385 debug: Reset the dark brem process (if it was activated)
[ RunManager ] 8386 debug: Reset the dark brem process (if it was activated)
[ RunManager ] 8387 debug: Reset the dark brem process (if it was activated)
[ RunManager ] 8388 debug: Reset the dark brem process (if it was activated)
[ RunManager ] 8389 debug: Reset the dark brem process (if it was activated)
[ RunManager ] 8390 debug: Reset the dark brem process (if it was activated)
[ RunManager ] 8391 debug: Reset the dark brem process (if it was activated)
[ RunManager ] 8392 debug: Reset the dark brem process (if it was activated)
[ RunManager ] 8393 debug: Reset the dark brem process (if it was activated)
[ RunManager ] 8394 debug: Reset the dark brem process (if it was activated)
[ RunManager ] 8395 debug: Reset the dark brem process (if it was activated)
[ RunManager ] 8396 debug: Reset the dark brem process (if it was activated)
[ RunManager ] 8397 debug: Reset the dark brem process (if it was activated)
[ RunManager ] 8398 debug: Reset the dark brem process (if it was activated)
[ RunManager ] 8399 debug: Reset the dark brem process (if it was activated)
[ RunManager ] 8400 debug: Reset the dark brem process (if it was activated)
[ RunManager ] 8401 debug: Reset the dark brem process (if it was activated)
[ RunManager ] 8402 debug: Reset the dark brem process (if it was activated)
[ RunManager ] 8403 debug: Reset the dark brem process (if it was activated)
[ RunManager ] 8404 debug: Reset the dark brem process (if it was activated)
[ RunManager ] 8405 debug: Reset the dark brem process (if it was activated)
[ RunManager ] 8406 debug: Reset the dark brem process (if it was activated)
[ RunManager ] 8407 debug: Reset the dark brem process (if it was activated)
[ RunManager ] 8408 debug: Reset the dark brem process (if it was activated)
[ RunManager ] 8409 debug: Reset the dark brem process (if it was activated)
[ RunManager ] 8410 debug: Reset the dark brem process (if it was activated)
[ RunManager ] 8411 debug: Reset the dark brem process (if it was activated)
[ RunManager ] 8412 debug: Reset the dark brem process (if it was activated)
[ RunManager ] 8413 debug: Reset the dark brem process (if it was activated)
[ RunManager ] 8414 debug: Reset the dark brem process (if it was activated)
[ RunManager ] 8415 debug: Reset the dark brem process (if it was activated)
[ RunManager ] 8416 debug: Reset the dark brem process (if it was activated)
[ RunManager ] 8417 debug: Reset the dark brem process (if it was activated)
[ RunManager ] 8418 debug: Reset the dark brem process (if it was activated)
[ RunManager ] 8419 debug: Reset the dark brem process (if it was activated)
[ RunManager ] 8420 debug: Reset the dark brem process (if it was activated)
[ RunManager ] 8421 debug: Reset the dark brem process (if it was activated)
[ RunManager ] 8422 debug: Reset the dark brem process (if it was activated)
[ RunManager ] 8423 debug: Reset the dark brem process (if it was activated)
[ RunManager ] 8424 debug: Reset the dark brem process (if it was activated)
[ RunManager ] 8425 debug: Reset the dark brem process (if it was activated)
[ RunManager ] 8426 debug: Reset the dark brem process (if it was activated)
[ RunManager ] 8427 debug: Reset the dark brem process (if it was activated)
[ RunManager ] 8428 debug: Reset the dark brem process (if it was activated)
[ RunManager ] 8429 debug: Reset the dark brem process (if it was activated)
[ RunManager ] 8430 debug: Reset the dark brem process (if it was activated)
[ RunManager ] 8431 debug: Reset the dark brem process (if it was activated)
[ RunManager ] 8432 debug: Reset the dark brem process (if it was activated)
[ RunManager ] 8433 debug: Reset the dark brem process (if it was activated)
[ RunManager ] 8434 debug: Reset the dark brem process (if it was activated)
[ RunManager ] 8435 debug: Reset the dark brem process (if it was activated)
[ RunManager ] 8436 debug: Reset the dark brem process (if it was activated)
[ RunManager ] 8437 debug: Reset the dark brem process (if it was activated)
[ RunManager ] 8438 debug: Reset the dark brem process (if it was activated)
[ RunManager ] 8439 debug: Reset the dark brem process (if it was activated)
[ RunManager ] 8440 debug: Reset the dark brem process (if it was activated)
[ RunManager ] 8441 debug: Reset the dark brem process (if it was activated)
[ RunManager ] 8442 debug: Reset the dark brem process (if it was activated)
[ RunManager ] 8443 debug: Reset the dark brem process (if it was activated)
[ RunManager ] 8444 debug: Reset the dark brem process (if it was activated)
[ RunManager ] 8445 debug: Reset the dark brem process (if it was activated)
[ RunManager ] 8446 debug: Reset the dark brem process (if it was activated)
[ RunManager ] 8447 debug: Reset the dark brem process (if it was activated)
[ RunManager ] 8448 debug: Reset the dark brem process (if it was activated)
[ RunManager ] 8449 debug: Reset the dark brem process (if it was activated)
[ RunManager ] 8450 debug: Reset the dark brem process (if it was activated)
[ RunManager ] 8451 debug: Reset the dark brem process (if it was activated)
[ RunManager ] 8452 debug: Reset the dark brem process (if it was activated)
[ RunManager ] 8453 debug: Reset the dark brem process (if it was activated)
[ RunManager ] 8454 debug: Reset the dark brem process (if it was activated)
[ RunManager ] 8455 debug: Reset the dark brem process (if it was activated)
[ RunManager ] 8456 debug: Reset the dark brem process (if it was activated)
[ RunManager ] 8457 debug: Reset the dark brem process (if it was activated)
[ RunManager ] 8458 debug: Reset the dark brem process (if it was activated)
[ RunManager ] 8459 debug: Reset the dark brem process (if it was activated)
[ RunManager ] 8460 debug: Reset the dark brem process (if it was activated)
[ RunManager ] 8461 debug: Reset the dark brem process (if it was activated)
[ RunManager ] 8462 debug: Reset the dark brem process (if it was activated)
[ RunManager ] 8463 debug: Reset the dark brem process (if it was activated)
[ RunManager ] 8464 debug: Reset the dark brem process (if it was activated)
[ RunManager ] 8465 debug: Reset the dark brem process (if it was activated)
[ RunManager ] 8466 debug: Reset the dark brem process (if it was activated)
[ RunManager ] 8467 debug: Reset the dark brem process (if it was activated)
[ RunManager ] 8468 debug: Reset the dark brem process (if it was activated)
[ RunManager ] 8469 debug: Reset the dark brem process (if it was activated)
[ RunManager ] 8470 debug: Reset the dark brem process (if it was activated)
[ RunManager ] 8471 debug: Reset the dark brem process (if it was activated)
[ RunManager ] 8472 debug: Reset the dark brem process (if it was activated)
[ RunManager ] 8473 debug: Reset the dark brem process (if it was activated)
[ RunManager ] 8474 debug: Reset the dark brem process (if it was activated)
[ RunManager ] 8475 debug: Reset the dark brem process (if it was activated)
[ RunManager ] 8476 debug: Reset the dark brem process (if it was activated)
[ RunManager ] 8477 debug: Reset the dark brem process (if it was activated)
[ RunManager ] 8478 debug: Reset the dark brem process (if it was activated)
[ RunManager ] 8479 debug: Reset the dark brem process (if it was activated)
[ RunManager ] 8480 debug: Reset the dark brem process (if it was activated)
[ RunManager ] 8481 debug: Reset the dark brem process (if it was activated)
[ RunManager ] 8482 debug: Reset the dark brem process (if it was activated)
[ RunManager ] 8483 debug: Reset the dark brem process (if it was activated)
[ RunManager ] 8484 debug: Reset the dark brem process (if it was activated)
[ RunManager ] 8485 debug: Reset the dark brem process (if it was activated)
[ RunManager ] 8486 debug: Reset the dark brem process (if it was activated)
[ RunManager ] 8487 debug: Reset the dark brem process (if it was activated)
[ RunManager ] 8488 debug: Reset the dark brem process (if it was activated)
[ RunManager ] 8489 debug: Reset the dark brem process (if it was activated)
[ RunManager ] 8490 debug: Reset the dark brem process (if it was activated)
[ RunManager ] 8491 debug: Reset the dark brem process (if it was activated)
[ RunManager ] 8492 debug: Reset the dark brem process (if it was activated)
[ RunManager ] 8493 debug: Reset the dark brem process (if it was activated)
[ RunManager ] 8494 debug: Reset the dark brem process (if it was activated)
[ RunManager ] 8495 debug: Reset the dark brem process (if it was activated)
[ RunManager ] 8496 debug: Reset the dark brem process (if it was activated)
[ RunManager ] 8497 debug: Reset the dark brem process (if it was activated)
[ RunManager ] 8498 debug: Reset the dark brem process (if it was activated)
[ RunManager ] 8499 debug: Reset the dark brem process (if it was activated)
[ RunManager ] 8500 debug: Reset the dark brem process (if it was activated)
[ RunManager ] 8501 debug: Reset the dark brem process (if it was activated)
[ RunManager ] 8502 debug: Reset the dark brem process (if it was activated)
[ RunManager ] 8503 debug: Reset the dark brem process (if it was activated)
[ RunManager ] 8504 debug: Reset the dark brem process (if it was activated)
[ RunManager ] 8505 debug: Reset the dark brem process (if it was activated)
[ RunManager ] 8506 debug: Reset the dark brem process (if it was activated)
[ RunManager ] 8507 debug: Reset the dark brem process (if it was activated)
[ RunManager ] 8508 debug: Reset the dark brem process (if it was activated)
[ RunManager ] 8509 debug: Reset the dark brem process (if it was activated)
[ RunManager ] 8510 debug: Reset the dark brem process (if it was activated)
[ RunManager ] 8511 debug: Reset the dark brem process (if it was activated)
[ RunManager ] 8512 debug: Reset the dark brem process (if it was activated)
[ RunManager ] 8513 debug: Reset the dark brem process (if it was activated)
[ RunManager ] 8514 debug: Reset the dark brem process (if it was activated)
[ RunManager ] 8515 debug: Reset the dark brem process (if it was activated)
[ RunManager ] 8516 debug: Reset the dark brem process (if it was activated)
[ RunManager ] 8517 debug: Reset the dark brem process (if it was activated)
[ RunManager ] 8518 debug: Reset the dark brem process (if it was activated)
[ RunManager ] 8519 debug: Reset the dark brem process (if it was activated)
[ RunManager ] 8520 debug: Reset the dark brem process (if it was activated)
[ RunManager ] 8521 debug: Reset the dark brem process (if it was activated)
[ RunManager ] 8522 debug: Reset the dark brem process (if it was activated)
[ RunManager ] 8523 debug: Reset the dark brem process (if it was activated)
[ RunManager ] 8524 debug: Reset the dark brem process (if it was activated)
[ RunManager ] 8525 debug: Reset the dark brem process (if it was activated)
[ RunManager ] 8526 debug: Reset the dark brem process (if it was activated)
[ RunManager ] 8527 debug: Reset the dark brem process (if it was activated)
[ RunManager ] 8528 debug: Reset the dark brem process (if it was activated)
[ RunManager ] 8529 debug: Reset the dark brem process (if it was activated)
[ RunManager ] 8530 debug: Reset the dark brem process (if it was activated)
[ RunManager ] 8531 debug: Reset the dark brem process (if it was activated)
[ RunManager ] 8532 debug: Reset the dark brem process (if it was activated)
[ RunManager ] 8533 debug: Reset the dark brem process (if it was activated)
[ RunManager ] 8534 debug: Reset the dark brem process (if it was activated)
[ RunManager ] 8535 debug: Reset the dark brem process (if it was activated)
[ RunManager ] 8536 debug: Reset the dark brem process (if it was activated)
[ RunManager ] 8537 debug: Reset the dark brem process (if it was activated)
[ RunManager ] 8538 debug: Reset the dark brem process (if it was activated)
[ RunManager ] 8539 debug: Reset the dark brem process (if it was activated)
[ RunManager ] 8540 debug: Reset the dark brem process (if it was activated)
[ RunManager ] 8541 debug: Reset the dark brem process (if it was activated)
[ RunManager ] 8542 debug: Reset the dark brem process (if it was activated)
[ RunManager ] 8543 debug: Reset the dark brem process (if it was activated)
[ RunManager ] 8544 debug: Reset the dark brem process (if it was activated)
[ RunManager ] 8545 debug: Reset the dark brem process (if it was activated)
[ RunManager ] 8546 debug: Reset the dark brem process (if it was activated)
[ RunManager ] 8547 debug: Reset the dark brem process (if it was activated)
[ RunManager ] 8548 debug: Reset the dark brem process (if it was activated)
[ RunManager ] 8549 debug: Reset the dark brem process (if it was activated)
[ RunManager ] 8550 debug: Reset the dark brem process (if it was activated)
[ RunManager ] 8551 debug: Reset the dark brem process (if it was activated)
[ RunManager ] 8552 debug: Reset the dark brem process (if it was activated)
[ RunManager ] 8553 debug: Reset the dark brem process (if it was activated)
[ RunManager ] 8554 debug: Reset the dark brem process (if it was activated)
[ RunManager ] 8555 debug: Reset the dark brem process (if it was activated)
[ RunManager ] 8556 debug: Reset the dark brem process (if it was activated)
[ RunManager ] 8557 debug: Reset the dark brem process (if it was activated)
[ RunManager ] 8558 debug: Reset the dark brem process (if it was activated)
[ RunManager ] 8559 debug: Reset the dark brem process (if it was activated)
[ RunManager ] 8560 debug: Reset the dark brem process (if it was activated)
[ RunManager ] 8561 debug: Reset the dark brem process (if it was activated)
[ RunManager ] 8562 debug: Reset the dark brem process (if it was activated)
[ RunManager ] 8563 debug: Reset the dark brem process (if it was activated)
[ RunManager ] 8564 debug: Reset the dark brem process (if it was activated)
[ RunManager ] 8565 debug: Reset the dark brem process (if it was activated)
[ RunManager ] 8566 debug: Reset the dark brem process (if it was activated)
[ RunManager ] 8567 debug: Reset the dark brem process (if it was activated)
[ RunManager ] 8568 debug: Reset the dark brem process (if it was activated)
[ RunManager ] 8569 debug: Reset the dark brem process (if it was activated)
[ RunManager ] 8570 debug: Reset the dark brem process (if it was activated)
[ RunManager ] 8571 debug: Reset the dark brem process (if it was activated)
[ RunManager ] 8572 debug: Reset the dark brem process (if it was activated)
[ RunManager ] 8573 debug: Reset the dark brem process (if it was activated)
[ RunManager ] 8574 debug: Reset the dark brem process (if it was activated)
[ RunManager ] 8575 debug: Reset the dark brem process (if it was activated)
[ RunManager ] 8576 debug: Reset the dark brem process (if it was activated)
[ RunManager ] 8577 debug: Reset the dark brem process (if it was activated)
[ RunManager ] 8578 debug: Reset the dark brem process (if it was activated)
[ RunManager ] 8579 debug: Reset the dark brem process (if it was activated)
[ RunManager ] 8580 debug: Reset the dark brem process (if it was activated)
[ RunManager ] 8581 debug: Reset the dark brem process (if it was activated)
[ RunManager ] 8582 debug: Reset the dark brem process (if it was activated)
[ RunManager ] 8583 debug: Reset the dark brem process (if it was activated)
[ RunManager ] 8584 debug: Reset the dark brem process (if it was activated)
[ RunManager ] 8585 debug: Reset the dark brem process (if it was activated)
[ RunManager ] 8586 debug: Reset the dark brem process (if it was activated)
[ RunManager ] 8587 debug: Reset the dark brem process (if it was activated)
[ RunManager ] 8588 debug: Reset the dark brem process (if it was activated)
[ RunManager ] 8589 debug: Reset the dark brem process (if it was activated)
[ RunManager ] 8590 debug: Reset the dark brem process (if it was activated)
[ RunManager ] 8591 debug: Reset the dark brem process (if it was activated)
[ RunManager ] 8592 debug: Reset the dark brem process (if it was activated)
[ RunManager ] 8593 debug: Reset the dark brem process (if it was activated)
[ RunManager ] 8594 debug: Reset the dark brem process (if it was activated)
[ RunManager ] 8595 debug: Reset the dark brem process (if it was activated)
[ RunManager ] 8596 debug: Reset the dark brem process (if it was activated)
[ RunManager ] 8597 debug: Reset the dark brem process (if it was activated)
[ RunManager ] 8598 debug: Reset the dark brem process (if it was activated)
[ RunManager ] 8599 debug: Reset the dark brem process (if it was activated)
[ RunManager ] 8600 debug: Reset the dark brem process (if it was activated)
[ RunManager ] 8601 debug: Reset the dark brem process (if it was activated)
[ RunManager ] 8602 debug: Reset the dark brem process (if it was activated)
[ RunManager ] 8603 debug: Reset the dark brem process (if it was activated)
[ RunManager ] 8604 debug: Reset the dark brem process (if it was activated)
[ RunManager ] 8605 debug: Reset the dark brem process (if it was activated)
[ RunManager ] 8606 debug: Reset the dark brem process (if it was activated)
[ RunManager ] 8607 debug: Reset the dark brem process (if it was activated)
[ RunManager ] 8608 debug: Reset the dark brem process (if it was activated)
[ RunManager ] 8609 debug: Reset the dark brem process (if it was activated)
[ RunManager ] 8610 debug: Reset the dark brem process (if it was activated)
[ RunManager ] 8611 debug: Reset the dark brem process (if it was activated)
[ RunManager ] 8612 debug: Reset the dark brem process (if it was activated)
[ RunManager ] 8613 debug: Reset the dark brem process (if it was activated)
[ RunManager ] 8614 debug: Reset the dark brem process (if it was activated)
[ RunManager ] 8615 debug: Reset the dark brem process (if it was activated)
[ RunManager ] 8616 debug: Reset the dark brem process (if it was activated)
[ RunManager ] 8617 debug: Reset the dark brem process (if it was activated)
[ RunManager ] 8618 debug: Reset the dark brem process (if it was activated)
[ RunManager ] 8619 debug: Reset the dark brem process (if it was activated)
[ RunManager ] 8620 debug: Reset the dark brem process (if it was activated)
[ RunManager ] 8621 debug: Reset the dark brem process (if it was activated)
[ RunManager ] 8622 debug: Reset the dark brem process (if it was activated)
[ RunManager ] 8623 debug: Reset the dark brem process (if it was activated)
[ RunManager ] 8624 debug: Reset the dark brem process (if it was activated)
[ RunManager ] 8625 debug: Reset the dark brem process (if it was activated)
[ RunManager ] 8626 debug: Reset the dark brem process (if it was activated)
[ RunManager ] 8627 debug: Reset the dark brem process (if it was activated)
[ RunManager ] 8628 debug: Reset the dark brem process (if it was activated)
[ RunManager ] 8629 debug: Reset the dark brem process (if it was activated)
[ RunManager ] 8630 debug: Reset the dark brem process (if it was activated)
[ RunManager ] 8631 debug: Reset the dark brem process (if it was activated)
[ RunManager ] 8632 debug: Reset the dark brem process (if it was activated)
[ RunManager ] 8633 debug: Reset the dark brem process (if it was activated)
[ RunManager ] 8634 debug: Reset the dark brem process (if it was activated)
[ RunManager ] 8635 debug: Reset the dark brem process (if it was activated)
[ RunManager ] 8636 debug: Reset the dark brem process (if it was activated)
[ RunManager ] 8637 debug: Reset the dark brem process (if it was activated)
[ RunManager ] 8638 debug: Reset the dark brem process (if it was activated)
[ RunManager ] 8639 debug: Reset the dark brem process (if it was activated)
[ RunManager ] 8640 debug: Reset the dark brem process (if it was activated)
[ RunManager ] 8641 debug: Reset the dark brem process (if it was activated)
[ RunManager ] 8642 debug: Reset the dark brem process (if it was activated)
[ RunManager ] 8643 debug: Reset the dark brem process (if it was activated)
[ RunManager ] 8644 debug: Reset the dark brem process (if it was activated)
[ RunManager ] 8645 debug: Reset the dark brem process (if it was activated)
[ RunManager ] 8646 debug: Reset the dark brem process (if it was activated)
[ RunManager ] 8647 debug: Reset the dark brem process (if it was activated)
[ RunManager ] 8648 debug: Reset the dark brem process (if it was activated)
[ RunManager ] 8649 debug: Reset the dark brem process (if it was activated)
[ RunManager ] 8650 debug: Reset the dark brem process (if it was activated)
[ RunManager ] 8651 debug: Reset the dark brem process (if it was activated)
[ RunManager ] 8652 debug: Reset the dark brem process (if it was activated)
[ RunManager ] 8653 debug: Reset the dark brem process (if it was activated)
[ RunManager ] 8654 debug: Reset the dark brem process (if it was activated)
[ RunManager ] 8655 debug: Reset the dark brem process (if it was activated)
[ RunManager ] 8656 debug: Reset the dark brem process (if it was activated)
[ RunManager ] 8657 debug: Reset the dark brem process (if it was activated)
[ RunManager ] 8658 debug: Reset the dark brem process (if it was activated)
[ RunManager ] 8659 debug: Reset the dark brem process (if it was activated)
[ RunManager ] 8660 debug: Reset the dark brem process (if it was activated)
[ RunManager ] 8661 debug: Reset the dark brem process (if it was activated)
[ RunManager ] 8662 debug: Reset the dark brem process (if it was activated)
[ RunManager ] 8663 debug: Reset the dark brem process (if it was activated)
[ RunManager ] 8664 debug: Reset the dark brem process (if it was activated)
[ RunManager ] 8665 debug: Reset the dark brem process (if it was activated)
[ RunManager ] 8666 debug: Reset the dark brem process (if it was activated)
[ RunManager ] 8667 debug: Reset the dark brem process (if it was activated)
[ RunManager ] 8668 debug: Reset the dark brem process (if it was activated)
[ RunManager ] 8669 debug: Reset the dark brem process (if it was activated)
[ RunManager ] 8670 debug: Reset the dark brem process (if it was activated)
[ RunManager ] 8671 debug: Reset the dark brem process (if it was activated)
[ RunManager ] 8672 debug: Reset the dark brem process (if it was activated)
[ RunManager ] 8673 debug: Reset the dark brem process (if it was activated)
[ RunManager ] 8674 debug: Reset the dark brem process (if it was activated)
[ RunManager ] 8675 debug: Reset the dark brem process (if it was activated)
[ RunManager ] 8676 debug: Reset the dark brem process (if it was activated)
[ RunManager ] 8677 debug: Reset the dark brem process (if it was activated)
[ RunManager ] 8678 debug: Reset the dark brem process (if it was activated)
[ RunManager ] 8679 debug: Reset the dark brem process (if it was activated)
[ RunManager ] 8680 debug: Reset the dark brem process (if it was activated)
[ RunManager ] 8681 debug: Reset the dark brem process (if it was activated)
[ RunManager ] 8682 debug: Reset the dark brem process (if it was activated)
[ RunManager ] 8683 debug: Reset the dark brem process (if it was activated)
[ RunManager ] 8684 debug: Reset the dark brem process (if it was activated)
[ RunManager ] 8685 debug: Reset the dark brem process (if it was activated)
[ RunManager ] 8686 debug: Reset the dark brem process (if it was activated)
[ RunManager ] 8687 debug: Reset the dark brem process (if it was activated)
[ RunManager ] 8688 debug: Reset the dark brem process (if it was activated)
[ RunManager ] 8689 debug: Reset the dark brem process (if it was activated)
[ RunManager ] 8690 debug: Reset the dark brem process (if it was activated)
[ RunManager ] 8691 debug: Reset the dark brem process (if it was activated)
[ RunManager ] 8692 debug: Reset the dark brem process (if it was activated)
[ RunManager ] 8693 debug: Reset the dark brem process (if it was activated)
[ RunManager ] 8694 debug: Reset the dark brem process (if it was activated)
[ RunManager ] 8695 debug: Reset the dark brem process (if it was activated)
[ RunManager ] 8696 debug: Reset the dark brem process (if it was activated)
[ RunManager ] 8697 debug: Reset the dark brem process (if it was activated)
[ RunManager ] 8698 debug: Reset the dark brem process (if it was activated)
[ RunManager ] 8699 debug: Reset the dark brem process (if it was activated)
[ RunManager ] 8700 debug: Reset the dark brem process (if it was activated)
[ RunManager ] 8701 debug: Reset the dark brem process (if it was activated)
[ RunManager ] 8702 debug: Reset the dark brem process (if it was activated)
[ RunManager ] 8703 debug: Reset the dark brem process (if it was activated)
[ RunManager ] 8704 debug: Reset the dark brem process (if it was activated)
[ RunManager ] 8705 debug: Reset the dark brem process (if it was activated)
[ RunManager ] 8706 debug: Reset the dark brem process (if it was activated)
[ RunManager ] 8707 debug: Reset the dark brem process (if it was activated)
[ RunManager ] 8708 debug: Reset the dark brem process (if it was activated)
[ RunManager ] 8709 debug: Reset the dark brem process (if it was activated)
[ RunManager ] 8710 debug: Reset the dark brem process (if it was activated)
[ RunManager ] 8711 debug: Reset the dark brem process (if it was activated)
[ RunManager ] 8712 debug: Reset the dark brem process (if it was activated)
[ RunManager ] 8713 debug: Reset the dark brem process (if it was activated)
[ RunManager ] 8714 debug: Reset the dark brem process (if it was activated)
[ RunManager ] 8715 debug: Reset the dark brem process (if it was activated)
[ RunManager ] 8716 debug: Reset the dark brem process (if it was activated)
[ RunManager ] 8717 debug: Reset the dark brem process (if it was activated)
[ RunManager ] 8718 debug: Reset the dark brem process (if it was activated)
[ RunManager ] 8719 debug: Reset the dark brem process (if it was activated)
[ RunManager ] 8720 debug: Reset the dark brem process (if it was activated)
[ RunManager ] 8721 debug: Reset the dark brem process (if it was activated)
[ RunManager ] 8722 debug: Reset the dark brem process (if it was activated)
[ RunManager ] 8723 debug: Reset the dark brem process (if it was activated)
[ RunManager ] 8724 debug: Reset the dark brem process (if it was activated)
[ RunManager ] 8725 debug: Reset the dark brem process (if it was activated)
[ RunManager ] 8726 debug: Reset the dark brem process (if it was activated)
[ RunManager ] 8727 debug: Reset the dark brem process (if it was activated)
[ RunManager ] 8728 debug: Reset the dark brem process (if it was activated)
[ RunManager ] 8729 debug: Reset the dark brem process (if it was activated)
[ RunManager ] 8730 debug: Reset the dark brem process (if it was activated)
[ RunManager ] 8731 debug: Reset the dark brem process (if it was activated)
[ RunManager ] 8732 debug: Reset the dark brem process (if it was activated)
[ RunManager ] 8733 debug: Reset the dark brem process (if it was activated)
[ RunManager ] 8734 debug: Reset the dark brem process (if it was activated)
[ RunManager ] 8735 debug: Reset the dark brem process (if it was activated)
[ RunManager ] 8736 debug: Reset the dark brem process (if it was activated)
[ RunManager ] 8737 debug: Reset the dark brem process (if it was activated)
[ RunManager ] 8738 debug: Reset the dark brem process (if it was activated)
[ RunManager ] 8739 debug: Reset the dark brem process (if it was activated)
[ RunManager ] 8740 debug: Reset the dark brem process (if it was activated)
[ RunManager ] 8741 debug: Reset the dark brem process (if it was activated)
[ RunManager ] 8742 debug: Reset the dark brem process (if it was activated)
[ RunManager ] 8743 debug: Reset the dark brem process (if it was activated)
[ RunManager ] 8744 debug: Reset the dark brem process (if it was activated)
[ RunManager ] 8745 debug: Reset the dark brem process (if it was activated)
[ RunManager ] 8746 debug: Reset the dark brem process (if it was activated)
[ RunManager ] 8747 debug: Reset the dark brem process (if it was activated)
[ RunManager ] 8748 debug: Reset the dark brem process (if it was activated)
[ RunManager ] 8749 debug: Reset the dark brem process (if it was activated)
[ RunManager ] 8750 debug: Reset the dark brem process (if it was activated)
[ RunManager ] 8751 debug: Reset the dark brem process (if it was activated)
[ RunManager ] 8752 debug: Reset the dark brem process (if it was activated)
[ RunManager ] 8753 debug: Reset the dark brem process (if it was activated)
[ RunManager ] 8754 debug: Reset the dark brem process (if it was activated)
[ RunManager ] 8755 debug: Reset the dark brem process (if it was activated)
[ RunManager ] 8756 debug: Reset the dark brem process (if it was activated)
[ RunManager ] 8757 debug: Reset the dark brem process (if it was activated)
[ RunManager ] 8758 debug: Reset the dark brem process (if it was activated)
[ RunManager ] 8759 debug: Reset the dark brem process (if it was activated)
[ RunManager ] 8760 debug: Reset the dark brem process (if it was activated)
[ RunManager ] 8761 debug: Reset the dark brem process (if it was activated)
[ RunManager ] 8762 debug: Reset the dark brem process (if it was activated)
[ RunManager ] 8763 debug: Reset the dark brem process (if it was activated)
[ RunManager ] 8764 debug: Reset the dark brem process (if it was activated)
[ RunManager ] 8765 debug: Reset the dark brem process (if it was activated)
[ RunManager ] 8766 debug: Reset the dark brem process (if it was activated)
[ RunManager ] 8767 debug: Reset the dark brem process (if it was activated)
[ RunManager ] 8768 debug: Reset the dark brem process (if it was activated)
[ RunManager ] 8769 debug: Reset the dark brem process (if it was activated)
[ RunManager ] 8770 debug: Reset the dark brem process (if it was activated)
[ RunManager ] 8771 debug: Reset the dark brem process (if it was activated)
[ RunManager ] 8772 debug: Reset the dark brem process (if it was activated)
[ RunManager ] 8773 debug: Reset the dark brem process (if it was activated)
[ RunManager ] 8774 debug: Reset the dark brem process (if it was activated)
[ RunManager ] 8775 debug: Reset the dark brem process (if it was activated)
[ RunManager ] 8776 debug: Reset the dark brem process (if it was activated)
[ RunManager ] 8777 debug: Reset the dark brem process (if it was activated)
[ RunManager ] 8778 debug: Reset the dark brem process (if it was activated)
[ RunManager ] 8779 debug: Reset the dark brem process (if it was activated)
[ RunManager ] 8780 debug: Reset the dark brem process (if it was activated)
[ RunManager ] 8781 debug: Reset the dark brem process (if it was activated)
[ RunManager ] 8782 debug: Reset the dark brem process (if it was activated)
[ RunManager ] 8783 debug: Reset the dark brem process (if it was activated)
[ RunManager ] 8784 debug: Reset the dark brem process (if it was activated)
[ RunManager ] 8785 debug: Reset the dark brem process (if it was activated)
[ RunManager ] 8786 debug: Reset the dark brem process (if it was activated)
[ RunManager ] 8787 debug: Reset the dark brem process (if it was activated)
[ RunManager ] 8788 debug: Reset the dark brem process (if it was activated)
[ RunManager ] 8789 debug: Reset the dark brem process (if it was activated)
[ RunManager ] 8790 debug: Reset the dark brem process (if it was activated)
[ RunManager ] 8791 debug: Reset the dark brem process (if it was activated)
[ RunManager ] 8792 debug: Reset the dark brem process (if it was activated)
[ RunManager ] 8793 debug: Reset the dark brem process (if it was activated)
[ RunManager ] 8794 debug: Reset the dark brem process (if it was activated)
[ RunManager ] 8795 debug: Reset the dark brem process (if it was activated)
[ RunManager ] 8796 debug: Reset the dark brem process (if it was activated)
[ RunManager ] 8797 debug: Reset the dark brem process (if it was activated)
[ RunManager ] 8798 debug: Reset the dark brem process (if it was activated)
[ RunManager ] 8799 debug: Reset the dark brem process (if it was activated)
[ RunManager ] 8800 debug: Reset the dark brem process (if it was activated)
[ RunManager ] 8801 debug: Reset the dark brem process (if it was activated)
[ RunManager ] 8802 debug: Reset the dark brem process (if it was activated)
[ RunManager ] 8803 debug: Reset the dark brem process (if it was activated)
[ RunManager ] 8804 debug: Reset the dark brem process (if it was activated)
[ RunManager ] 8805 debug: Reset the dark brem process (if it was activated)
[ RunManager ] 8806 debug: Reset the dark brem process (if it was activated)
[ RunManager ] 8807 debug: Reset the dark brem process (if it was activated)
[ RunManager ] 8808 debug: Reset the dark brem process (if it was activated)
[ RunManager ] 8809 debug: Reset the dark brem process (if it was activated)
[ RunManager ] 8810 debug: Reset the dark brem process (if it was activated)
[ RunManager ] 8811 debug: Reset the dark brem process (if it was activated)
[ RunManager ] 8812 debug: Reset the dark brem process (if it was activated)
[ RunManager ] 8813 debug: Reset the dark brem process (if it was activated)
[ RunManager ] 8814 debug: Reset the dark brem process (if it was activated)
[ RunManager ] 8815 debug: Reset the dark brem process (if it was activated)
[ RunManager ] 8816 debug: Reset the dark brem process (if it was activated)
[ RunManager ] 8817 debug: Reset the dark brem process (if it was activated)
[ RunManager ] 8818 debug: Reset the dark brem process (if it was activated)
[ RunManager ] 8819 debug: Reset the dark brem process (if it was activated)
[ RunManager ] 8820 debug: Reset the dark brem process (if it was activated)
[ RunManager ] 8821 debug: Reset the dark brem process (if it was activated)
[ RunManager ] 8822 debug: Reset the dark brem process (if it was activated)
[ RunManager ] 8823 debug: Reset the dark brem process (if it was activated)
[ RunManager ] 8824 debug: Reset the dark brem process (if it was activated)
[ RunManager ] 8825 debug: Reset the dark brem process (if it was activated)
[ RunManager ] 8826 debug: Reset the dark brem process (if it was activated)
[ RunManager ] 8827 debug: Reset the dark brem process (if it was activated)
[ RunManager ] 8828 debug: Reset the dark brem process (if it was activated)
[ RunManager ] 8829 debug: Reset the dark brem process (if it was activated)
[ RunManager ] 8830 debug: Reset the dark brem process (if it was activated)
[ RunManager ] 8831 debug: Reset the dark brem process (if it was activated)
[ RunManager ] 8832 debug: Reset the dark brem process (if it was activated)
[ RunManager ] 8833 debug: Reset the dark brem process (if it was activated)
[ RunManager ] 8834 debug: Reset the dark brem process (if it was activated)
[ RunManager ] 8835 debug: Reset the dark brem process (if it was activated)
[ RunManager ] 8836 debug: Reset the dark brem process (if it was activated)
[ RunManager ] 8837 debug: Reset the dark brem process (if it was activated)
[ RunManager ] 8838 debug: Reset the dark brem process (if it was activated)
[ RunManager ] 8839 debug: Reset the dark brem process (if it was activated)
[ RunManager ] 8840 debug: Reset the dark brem process (if it was activated)
[ RunManager ] 8841 debug: Reset the dark brem process (if it was activated)
[ RunManager ] 8842 debug: Reset the dark brem process (if it was activated)
[ RunManager ] 8843 debug: Reset the dark brem process (if it was activated)
[ RunManager ] 8844 debug: Reset the dark brem process (if it was activated)
[ RunManager ] 8845 debug: Reset the dark brem process (if it was activated)
[ RunManager ] 8846 debug: Reset the dark brem process (if it was activated)
[ RunManager ] 8847 debug: Reset the dark brem process (if it was activated)
[ RunManager ] 8848 debug: Reset the dark brem process (if it was activated)
[ RunManager ] 8849 debug: Reset the dark brem process (if it was activated)
[ RunManager ] 8850 debug: Reset the dark brem process (if it was activated)
[ RunManager ] 8851 debug: Reset the dark brem process (if it was activated)
[ RunManager ] 8852 debug: Reset the dark brem process (if it was activated)
[ RunManager ] 8853 debug: Reset the dark brem process (if it was activated)
[ RunManager ] 8854 debug: Reset the dark brem process (if it was activated)
[ RunManager ] 8855 debug: Reset the dark brem process (if it was activated)
[ RunManager ] 8856 debug: Reset the dark brem process (if it was activated)
[ RunManager ] 8857 debug: Reset the dark brem process (if it was activated)
[ RunManager ] 8858 debug: Reset the dark brem process (if it was activated)
[ RunManager ] 8859 debug: Reset the dark brem process (if it was activated)
[ RunManager ] 8860 debug: Reset the dark brem process (if it was activated)
[ RunManager ] 8861 debug: Reset the dark brem process (if it was activated)
[ RunManager ] 8862 debug: Reset the dark brem process (if it was activated)
[ RunManager ] 8863 debug: Reset the dark brem process (if it was activated)
[ RunManager ] 8864 debug: Reset the dark brem process (if it was activated)
[ RunManager ] 8865 debug: Reset the dark brem process (if it was activated)
[ RunManager ] 8866 debug: Reset the dark brem process (if it was activated)
[ RunManager ] 8867 debug: Reset the dark brem process (if it was activated)
[ RunManager ] 8868 debug: Reset the dark brem process (if it was activated)
[ RunManager ] 8869 debug: Reset the dark brem process (if it was activated)
[ RunManager ] 8870 debug: Reset the dark brem process (if it was activated)
[ RunManager ] 8871 debug: Reset the dark brem process (if it was activated)
[ RunManager ] 8872 debug: Reset the dark brem process (if it was activated)
[ RunManager ] 8873 debug: Reset the dark brem process (if it was activated)
[ RunManager ] 8874 debug: Reset the dark brem process (if it was activated)
[ RunManager ] 8875 debug: Reset the dark brem process (if it was activated)
[ RunManager ] 8876 debug: Reset the dark brem process (if it was activated)
[ RunManager ] 8877 debug: Reset the dark brem process (if it was activated)
[ RunManager ] 8878 debug: Reset the dark brem process (if it was activated)
[ RunManager ] 8879 debug: Reset the dark brem process (if it was activated)
[ RunManager ] 8880 debug: Reset the dark brem process (if it was activated)
[ RunManager ] 8881 debug: Reset the dark brem process (if it was activated)
[ RunManager ] 8882 debug: Reset the dark brem process (if it was activated)
[ RunManager ] 8883 debug: Reset the dark brem process (if it was activated)
[ RunManager ] 8884 debug: Reset the dark brem process (if it was activated)
[ RunManager ] 8885 debug: Reset the dark brem process (if it was activated)
[ RunManager ] 8886 debug: Reset the dark brem process (if it was activated)
[ RunManager ] 8887 debug: Reset the dark brem process (if it was activated)
[ RunManager ] 8888 debug: Reset the dark brem process (if it was activated)
[ RunManager ] 8889 debug: Reset the dark brem process (if it was activated)
[ RunManager ] 8890 debug: Reset the dark brem process (if it was activated)
[ RunManager ] 8891 debug: Reset the dark brem process (if it was activated)
[ RunManager ] 8892 debug: Reset the dark brem process (if it was activated)
[ RunManager ] 8893 debug: Reset the dark brem process (if it was activated)
[ RunManager ] 8894 debug: Reset the dark brem process (if it was activated)
[ RunManager ] 8895 debug: Reset the dark brem process (if it was activated)
[ RunManager ] 8896 debug: Reset the dark brem process (if it was activated)
[ RunManager ] 8897 debug: Reset the dark brem process (if it was activated)
[ RunManager ] 8898 debug: Reset the dark brem process (if it was activated)
[ RunManager ] 8899 debug: Reset the dark brem process (if it was activated)
[ RunManager ] 8900 debug: Reset the dark brem process (if it was activated)
[ RunManager ] 8901 debug: Reset the dark brem process (if it was activated)
[ RunManager ] 8902 debug: Reset the dark brem process (if it was activated)
[ RunManager ] 8903 debug: Reset the dark brem process (if it was activated)
[ RunManager ] 8904 debug: Reset the dark brem process (if it was activated)
[ RunManager ] 8905 debug: Reset the dark brem process (if it was activated)
[ RunManager ] 8906 debug: Reset the dark brem process (if it was activated)
[ RunManager ] 8907 debug: Reset the dark brem process (if it was activated)
[ RunManager ] 8908 debug: Reset the dark brem process (if it was activated)
[ RunManager ] 8909 debug: Reset the dark brem process (if it was activated)
[ RunManager ] 8910 debug: Reset the dark brem process (if it was activated)
[ RunManager ] 8911 debug: Reset the dark brem process (if it was activated)
[ RunManager ] 8912 debug: Reset the dark brem process (if it was activated)
[ RunManager ] 8913 debug: Reset the dark brem process (if it was activated)
[ RunManager ] 8914 debug: Reset the dark brem process (if it was activated)
[ RunManager ] 8915 debug: Reset the dark brem process (if it was activated)
[ RunManager ] 8916 debug: Reset the dark brem process (if it was activated)
[ RunManager ] 8917 debug: Reset the dark brem process (if it was activated)
[ RunManager ] 8918 debug: Reset the dark brem process (if it was activated)
[ RunManager ] 8919 debug: Reset the dark brem process (if it was activated)
[ RunManager ] 8920 debug: Reset the dark brem process (if it was activated)
[ RunManager ] 8921 debug: Reset the dark brem process (if it was activated)
[ RunManager ] 8922 debug: Reset the dark brem process (if it was activated)
[ RunManager ] 8923 debug: Reset the dark brem process (if it was activated)
[ RunManager ] 8924 debug: Reset the dark brem process (if it was activated)
[ RunManager ] 8925 debug: Reset the dark brem process (if it was activated)
[ RunManager ] 8926 debug: Reset the dark brem process (if it was activated)
[ RunManager ] 8927 debug: Reset the dark brem process (if it was activated)
[ RunManager ] 8928 debug: Reset the dark brem process (if it was activated)
[ RunManager ] 8929 debug: Reset the dark brem process (if it was activated)
[ RunManager ] 8930 debug: Reset the dark brem process (if it was activated)
[ RunManager ] 8931 debug: Reset the dark brem process (if it was activated)
[ RunManager ] 8932 debug: Reset the dark brem process (if it was activated)
[ RunManager ] 8933 debug: Reset the dark brem process (if it was activated)
[ RunManager ] 8934 debug: Reset the dark brem process (if it was activated)
[ RunManager ] 8935 debug: Reset the dark brem process (if it was activated)
[ RunManager ] 8936 debug: Reset the dark brem process (if it was activated)
[ RunManager ] 8937 debug: Reset the dark brem process (if it was activated)
[ RunManager ] 8938 debug: Reset the dark brem process (if it was activated)
[ RunManager ] 8939 debug: Reset the dark brem process (if it was activated)
[ RunManager ] 8940 debug: Reset the dark brem process (if it was activated)
[ RunManager ] 8941 debug: Reset the dark brem process (if it was activated)
[ RunManager ] 8942 debug: Reset the dark brem process (if it was activated)
[ RunManager ] 8943 debug: Reset the dark brem process (if it was activated)
[ RunManager ] 8944 debug: Reset the dark brem process (if it was activated)
[ RunManager ] 8945 debug: Reset the dark brem process (if it was activated)
[ RunManager ] 8946 debug: Reset the dark brem process (if it was activated)
[ RunManager ] 8947 debug: Reset the dark brem process (if it was activated)
[ RunManager ] 8948 debug: Reset the dark brem process (if it was activated)
[ RunManager ] 8949 debug: Reset the dark brem process (if it was activated)
[ RunManager ] 8950 debug: Reset the dark brem process (if it was activated)
[ RunManager ] 8951 debug: Reset the dark brem process (if it was activated)
[ RunManager ] 8952 debug: Reset the dark brem process (if it was activated)
[ RunManager ] 8953 debug: Reset the dark brem process (if it was activated)
[ RunManager ] 8954 debug: Reset the dark brem process (if it was activated)
[ RunManager ] 8955 debug: Reset the dark brem process (if it was activated)
[ RunManager ] 8956 debug: Reset the dark brem process (if it was activated)
[ RunManager ] 8957 debug: Reset the dark brem process (if it was activated)
[ RunManager ] 8958 debug: Reset the dark brem process (if it was activated)
[ RunManager ] 8959 debug: Reset the dark brem process (if it was activated)
[ RunManager ] 8960 debug: Reset the dark brem process (if it was activated)
[ RunManager ] 8961 debug: Reset the dark brem process (if it was activated)
[ RunManager ] 8962 debug: Reset the dark brem process (if it was activated)
[ RunManager ] 8963 debug: Reset the dark brem process (if it was activated)
[ RunManager ] 8964 debug: Reset the dark brem process (if it was activated)
[ RunManager ] 8965 debug: Reset the dark brem process (if it was activated)
[ RunManager ] 8966 debug: Reset the dark brem process (if it was activated)
[ RunManager ] 8967 debug: Reset the dark brem process (if it was activated)
[ RunManager ] 8968 debug: Reset the dark brem process (if it was activated)
[ RunManager ] 8969 debug: Reset the dark brem process (if it was activated)
[ RunManager ] 8970 debug: Reset the dark brem process (if it was activated)
[ RunManager ] 8971 debug: Reset the dark brem process (if it was activated)
[ RunManager ] 8972 debug: Reset the dark brem process (if it was activated)
[ RunManager ] 8973 debug: Reset the dark brem process (if it was activated)
[ RunManager ] 8974 debug: Reset the dark brem process (if it was activated)
[ RunManager ] 8975 debug: Reset the dark brem process (if it was activated)
[ RunManager ] 8976 debug: Reset the dark brem process (if it was activated)
[ RunManager ] 8977 debug: Reset the dark brem process (if it was activated)
[ RunManager ] 8978 debug: Reset the dark brem process (if it was activated)
[ RunManager ] 8979 debug: Reset the dark brem process (if it was activated)
[ RunManager ] 8980 debug: Reset the dark brem process (if it was activated)
[ RunManager ] 8981 debug: Reset the dark brem process (if it was activated)
[ RunManager ] 8982 debug: Reset the dark brem process (if it was activated)
[ RunManager ] 8983 debug: Reset the dark brem process (if it was activated)
[ RunManager ] 8984 debug: Reset the dark brem process (if it was activated)
[ RunManager ] 8985 debug: Reset the dark brem process (if it was activated)
[ RunManager ] 8986 debug: Reset the dark brem process (if it was activated)
[ RunManager ] 8987 debug: Reset the dark brem process (if it was activated)
[ RunManager ] 8988 debug: Reset the dark brem process (if it was activated)
[ RunManager ] 8989 debug: Reset the dark brem process (if it was activated)
[ RunManager ] 8990 debug: Reset the dark brem process (if it was activated)
[ RunManager ] 8991 debug: Reset the dark brem process (if it was activated)
[ RunManager ] 8992 debug: Reset the dark brem process (if it was activated)
[ RunManager ] 8993 debug: Reset the dark brem process (if it was activated)
[ RunManager ] 8994 debug: Reset the dark brem process (if it was activated)
[ RunManager ] 8995 debug: Reset the dark brem process (if it was activated)
[ RunManager ] 8996 debug: Reset the dark brem process (if it was activated)
[ RunManager ] 8997 debug: Reset the dark brem process (if it was activated)
[ RunManager ] 8998 debug: Reset the dark brem process (if it was activated)
[ RunManager ] 8999 debug: Reset the dark brem process (if it was activated)
[ RunManager ] 9000 debug: Reset the dark brem process (if it was activated)
[ RunManager ] 9001 debug: Reset the dark brem process (if it was activated)
[ RunManager ] 9002 debug: Reset the dark brem process (if it was activated)
[ RunManager ] 9003 debug: Reset the dark brem process (if it was activated)
[ RunManager ] 9004 debug: Reset the dark brem process (if it was activated)
[ RunManager ] 9005 debug: Reset the dark brem process (if it was activated)
[ RunManager ] 9006 debug: Reset the dark brem process (if it was activated)
[ RunManager ] 9007 debug: Reset the dark brem process (if it was activated)
[ RunManager ] 9008 debug: Reset the dark brem process (if it was activated)
[ RunManager ] 9009 debug: Reset the dark brem process (if it was activated)
[ RunManager ] 9010 debug: Reset the dark brem process (if it was activated)
[ RunManager ] 9011 debug: Reset the dark brem process (if it was activated)
[ RunManager ] 9012 debug: Reset the dark brem process (if it was activated)
[ RunManager ] 9013 debug: Reset the dark brem process (if it was activated)
[ RunManager ] 9014 debug: Reset the dark brem process (if it was activated)
[ RunManager ] 9015 debug: Reset the dark brem process (if it was activated)
[ RunManager ] 9016 debug: Reset the dark brem process (if it was activated)
[ RunManager ] 9017 debug: Reset the dark brem process (if it was activated)
[ RunManager ] 9018 debug: Reset the dark brem process (if it was activated)
[ RunManager ] 9019 debug: Reset the dark brem process (if it was activated)
[ RunManager ] 9020 debug: Reset the dark brem process (if it was activated)
[ RunManager ] 9021 debug: Reset the dark brem process (if it was activated)
[ RunManager ] 9022 debug: Reset the dark brem process (if it was activated)
[ RunManager ] 9023 debug: Reset the dark brem process (if it was activated)
[ RunManager ] 9024 debug: Reset the dark brem process (if it was activated)
[ RunManager ] 9025 debug: Reset the dark brem process (if it was activated)
[ RunManager ] 9026 debug: Reset the dark brem process (if it was activated)
[ RunManager ] 9027 debug: Reset the dark brem process (if it was activated)
[ RunManager ] 9028 debug: Reset the dark brem process (if it was activated)
[ RunManager ] 9029 debug: Reset the dark brem process (if it was activated)
[ RunManager ] 9030 debug: Reset the dark brem process (if it was activated)
[ RunManager ] 9031 debug: Reset the dark brem process (if it was activated)
[ RunManager ] 9032 debug: Reset the dark brem process (if it was activated)
[ RunManager ] 9033 debug: Reset the dark brem process (if it was activated)
[ RunManager ] 9034 debug: Reset the dark brem process (if it was activated)
[ RunManager ] 9035 debug: Reset the dark brem process (if it was activated)
[ RunManager ] 9036 debug: Reset the dark brem process (if it was activated)
[ RunManager ] 9037 debug: Reset the dark brem process (if it was activated)
[ RunManager ] 9038 debug: Reset the dark brem process (if it was activated)
[ RunManager ] 9039 debug: Reset the dark brem process (if it was activated)
[ RunManager ] 9040 debug: Reset the dark brem process (if it was activated)
[ RunManager ] 9041 debug: Reset the dark brem process (if it was activated)
[ RunManager ] 9042 debug: Reset the dark brem process (if it was activated)
[ RunManager ] 9043 debug: Reset the dark brem process (if it was activated)
[ RunManager ] 9044 debug: Reset the dark brem process (if it was activated)
[ RunManager ] 9045 debug: Reset the dark brem process (if it was activated)
[ RunManager ] 9046 debug: Reset the dark brem process (if it was activated)
[ RunManager ] 9047 debug: Reset the dark brem process (if it was activated)
[ RunManager ] 9048 debug: Reset the dark brem process (if it was activated)
[ RunManager ] 9049 debug: Reset the dark brem process (if it was activated)
[ RunManager ] 9050 debug: Reset the dark brem process (if it was activated)
[ RunManager ] 9051 debug: Reset the dark brem process (if it was activated)
[ RunManager ] 9052 debug: Reset the dark brem process (if it was activated)
[ RunManager ] 9053 debug: Reset the dark brem process (if it was activated)
[ RunManager ] 9054 debug: Reset the dark brem process (if it was activated)
[ RunManager ] 9055 debug: Reset the dark brem process (if it was activated)
[ RunManager ] 9056 debug: Reset the dark brem process (if it was activated)
[ RunManager ] 9057 debug: Reset the dark brem process (if it was activated)
[ RunManager ] 9058 debug: Reset the dark brem process (if it was activated)
[ RunManager ] 9059 debug: Reset the dark brem process (if it was activated)
[ RunManager ] 9060 debug: Reset the dark brem process (if it was activated)
[ RunManager ] 9061 debug: Reset the dark brem process (if it was activated)
[ RunManager ] 9062 debug: Reset the dark brem process (if it was activated)
[ RunManager ] 9063 debug: Reset the dark brem process (if it was activated)
[ RunManager ] 9064 debug: Reset the dark brem process (if it was activated)
[ RunManager ] 9065 debug: Reset the dark brem process (if it was activated)
[ RunManager ] 9066 debug: Reset the dark brem process (if it was activated)
[ RunManager ] 9067 debug: Reset the dark brem process (if it was activated)
[ RunManager ] 9068 debug: Reset the dark brem process (if it was activated)
[ RunManager ] 9069 debug: Reset the dark brem process (if it was activated)
[ RunManager ] 9070 debug: Reset the dark brem process (if it was activated)
[ RunManager ] 9071 debug: Reset the dark brem process (if it was activated)
[ RunManager ] 9072 debug: Reset the dark brem process (if it was activated)
[ RunManager ] 9073 debug: Reset the dark brem process (if it was activated)
[ RunManager ] 9074 debug: Reset the dark brem process (if it was activated)
[ RunManager ] 9075 debug: Reset the dark brem process (if it was activated)
[ RunManager ] 9076 debug: Reset the dark brem process (if it was activated)
[ RunManager ] 9077 debug: Reset the dark brem process (if it was activated)
[ RunManager ] 9078 debug: Reset the dark brem process (if it was activated)
[ RunManager ] 9079 debug: Reset the dark brem process (if it was activated)
[ RunManager ] 9080 debug: Reset the dark brem process (if it was activated)
[ RunManager ] 9081 debug: Reset the dark brem process (if it was activated)
[ RunManager ] 9082 debug: Reset the dark brem process (if it was activated)
[ RunManager ] 9083 debug: Reset the dark brem process (if it was activated)
[ RunManager ] 9084 debug: Reset the dark brem process (if it was activated)
[ RunManager ] 9085 debug: Reset the dark brem process (if it was activated)
[ RunManager ] 9086 debug: Reset the dark brem process (if it was activated)
[ RunManager ] 9087 debug: Reset the dark brem process (if it was activated)
[ RunManager ] 9088 debug: Reset the dark brem process (if it was activated)
[ RunManager ] 9089 debug: Reset the dark brem process (if it was activated)
[ RunManager ] 9090 debug: Reset the dark brem process (if it was activated)
[ RunManager ] 9091 debug: Reset the dark brem process (if it was activated)
[ RunManager ] 9092 debug: Reset the dark brem process (if it was activated)
[ RunManager ] 9093 debug: Reset the dark brem process (if it was activated)
[ RunManager ] 9094 debug: Reset the dark brem process (if it was activated)
[ RunManager ] 9095 debug: Reset the dark brem process (if it was activated)
[ RunManager ] 9096 debug: Reset the dark brem process (if it was activated)
[ RunManager ] 9097 debug: Reset the dark brem process (if it was activated)
[ RunManager ] 9098 debug: Reset the dark brem process (if it was activated)
[ RunManager ] 9099 debug: Reset the dark brem process (if it was activated)
[ RunManager ] 9100 debug: Reset the dark brem process (if it was activated)
[ RunManager ] 9101 debug: Reset the dark brem process (if it was activated)
[ RunManager ] 9102 debug: Reset the dark brem process (if it was activated)
[ RunManager ] 9103 debug: Reset the dark brem process (if it was activated)
[ RunManager ] 9104 debug: Reset the dark brem process (if it was activated)
[ RunManager ] 9105 debug: Reset the dark brem process (if it was activated)
[ RunManager ] 9106 debug: Reset the dark brem process (if it was activated)
[ RunManager ] 9107 debug: Reset the dark brem process (if it was activated)
[ RunManager ] 9108 debug: Reset the dark brem process (if it was activated)
[ RunManager ] 9109 debug: Reset the dark brem process (if it was activated)
[ RunManager ] 9110 debug: Reset the dark brem process (if it was activated)
[ RunManager ] 9111 debug: Reset the dark brem process (if it was activated)
[ RunManager ] 9112 debug: Reset the dark brem process (if it was activated)
[ RunManager ] 9113 debug: Reset the dark brem process (if it was activated)
[ RunManager ] 9114 debug: Reset the dark brem process (if it was activated)
[ RunManager ] 9115 debug: Reset the dark brem process (if it was activated)
[ RunManager ] 9116 debug: Reset the dark brem process (if it was activated)
[ RunManager ] 9117 debug: Reset the dark brem process (if it was activated)
[ RunManager ] 9118 debug: Reset the dark brem process (if it was activated)
[ RunManager ] 9119 debug: Reset the dark brem process (if it was activated)
[ RunManager ] 9120 debug: Reset the dark brem process (if it was activated)
[ RunManager ] 9121 debug: Reset the dark brem process (if it was activated)
[ RunManager ] 9122 debug: Reset the dark brem process (if it was activated)
[ RunManager ] 9123 debug: Reset the dark brem process (if it was activated)
[ RunManager ] 9124 debug: Reset the dark brem process (if it was activated)
[ RunManager ] 9125 debug: Reset the dark brem process (if it was activated)
[ RunManager ] 9126 debug: Reset the dark brem process (if it was activated)
[ RunManager ] 9127 debug: Reset the dark brem process (if it was activated)
[ RunManager ] 9128 debug: Reset the dark brem process (if it was activated)
[ RunManager ] 9129 debug: Reset the dark brem process (if it was activated)
[ RunManager ] 9130 debug: Reset the dark brem process (if it was activated)
[ RunManager ] 9131 debug: Reset the dark brem process (if it was activated)
[ RunManager ] 9132 debug: Reset the dark brem process (if it was activated)
[ RunManager ] 9133 debug: Reset the dark brem process (if it was activated)
[ RunManager ] 9134 debug: Reset the dark brem process (if it was activated)
[ RunManager ] 9135 debug: Reset the dark brem process (if it was activated)
[ RunManager ] 9136 debug: Reset the dark brem process (if it was activated)
[ RunManager ] 9137 debug: Reset the dark brem process (if it was activated)
[ RunManager ] 9138 debug: Reset the dark brem process (if it was activated)
[ RunManager ] 9139 debug: Reset the dark brem process (if it was activated)
[ RunManager ] 9140 debug: Reset the dark brem process (if it was activated)
[ RunManager ] 9141 debug: Reset the dark brem process (if it was activated)
[ RunManager ] 9142 debug: Reset the dark brem process (if it was activated)
[ RunManager ] 9143 debug: Reset the dark brem process (if it was activated)
[ RunManager ] 9144 debug: Reset the dark brem process (if it was activated)
[ RunManager ] 9145 debug: Reset the dark brem process (if it was activated)
[ RunManager ] 9146 debug: Reset the dark brem process (if it was activated)
[ RunManager ] 9147 debug: Reset the dark brem process (if it was activated)
[ RunManager ] 9148 debug: Reset the dark brem process (if it was activated)
[ RunManager ] 9149 debug: Reset the dark brem process (if it was activated)
[ RunManager ] 9150 debug: Reset the dark brem process (if it was activated)
[ RunManager ] 9151 debug: Reset the dark brem process (if it was activated)
[ RunManager ] 9152 debug: Reset the dark brem process (if it was activated)
[ RunManager ] 9153 debug: Reset the dark brem process (if it was activated)
[ RunManager ] 9154 debug: Reset the dark brem process (if it was activated)
[ RunManager ] 9155 debug: Reset the dark brem process (if it was activated)
[ RunManager ] 9156 debug: Reset the dark brem process (if it was activated)
[ RunManager ] 9157 debug: Reset the dark brem process (if it was activated)
[ RunManager ] 9158 debug: Reset the dark brem process (if it was activated)
[ RunManager ] 9159 debug: Reset the dark brem process (if it was activated)
[ RunManager ] 9160 debug: Reset the dark brem process (if it was activated)
[ RunManager ] 9161 debug: Reset the dark brem process (if it was activated)
[ RunManager ] 9162 debug: Reset the dark brem process (if it was activated)
[ RunManager ] 9163 debug: Reset the dark brem process (if it was activated)
[ RunManager ] 9164 debug: Reset the dark brem process (if it was activated)
[ RunManager ] 9165 debug: Reset the dark brem process (if it was activated)
[ RunManager ] 9166 debug: Reset the dark brem process (if it was activated)
[ RunManager ] 9167 debug: Reset the dark brem process (if it was activated)
[ RunManager ] 9168 debug: Reset the dark brem process (if it was activated)
[ RunManager ] 9169 debug: Reset the dark brem process (if it was activated)
[ RunManager ] 9170 debug: Reset the dark brem process (if it was activated)
[ RunManager ] 9171 debug: Reset the dark brem process (if it was activated)
[ RunManager ] 9172 debug: Reset the dark brem process (if it was activated)
[ RunManager ] 9173 debug: Reset the dark brem process (if it was activated)
[ RunManager ] 9174 debug: Reset the dark brem process (if it was activated)
[ RunManager ] 9175 debug: Reset the dark brem process (if it was activated)
[ RunManager ] 9176 debug: Reset the dark brem process (if it was activated)
[ RunManager ] 9177 debug: Reset the dark brem process (if it was activated)
[ RunManager ] 9178 debug: Reset the dark brem process (if it was activated)
[ RunManager ] 9179 debug: Reset the dark brem process (if it was activated)
[ RunManager ] 9180 debug: Reset the dark brem process (if it was activated)
[ RunManager ] 9181 debug: Reset the dark brem process (if it was activated)
[ RunManager ] 9182 debug: Reset the dark brem process (if it was activated)
[ RunManager ] 9183 debug: Reset the dark brem process (if it was activated)
[ RunManager ] 9184 debug: Reset the dark brem process (if it was activated)
[ RunManager ] 9185 debug: Reset the dark brem process (if it was activated)
[ RunManager ] 9186 debug: Reset the dark brem process (if it was activated)
[ RunManager ] 9187 debug: Reset the dark brem process (if it was activated)
[ RunManager ] 9188 debug: Reset the dark brem process (if it was activated)
[ RunManager ] 9189 debug: Reset the dark brem process (if it was activated)
[ RunManager ] 9190 debug: Reset the dark brem process (if it was activated)
[ RunManager ] 9191 debug: Reset the dark brem process (if it was activated)
[ RunManager ] 9192 debug: Reset the dark brem process (if it was activated)
[ RunManager ] 9193 debug: Reset the dark brem process (if it was activated)
[ RunManager ] 9194 debug: Reset the dark brem process (if it was activated)
[ RunManager ] 9195 debug: Reset the dark brem process (if it was activated)
[ RunManager ] 9196 debug: Reset the dark brem process (if it was activated)
[ RunManager ] 9197 debug: Reset the dark brem process (if it was activated)
[ RunManager ] 9198 debug: Reset the dark brem process (if it was activated)
[ RunManager ] 9199 debug: Reset the dark brem process (if it was activated)
[ RunManager ] 9200 debug: Reset the dark brem process (if it was activated)
[ RunManager ] 9201 debug: Reset the dark brem process (if it was activated)
[ RunManager ] 9202 debug: Reset the dark brem process (if it was activated)
[ RunManager ] 9203 debug: Reset the dark brem process (if it was activated)
[ RunManager ] 9204 debug: Reset the dark brem process (if it was activated)
[ RunManager ] 9205 debug: Reset the dark brem process (if it was activated)
[ RunManager ] 9206 debug: Reset the dark brem process (if it was activated)
[ RunManager ] 9207 debug: Reset the dark brem process (if it was activated)
[ RunManager ] 9208 debug: Reset the dark brem process (if it was activated)
[ RunManager ] 9209 debug: Reset the dark brem process (if it was activated)
[ RunManager ] 9210 debug: Reset the dark brem process (if it was activated)
[ RunManager ] 9211 debug: Reset the dark brem process (if it was activated)
[ RunManager ] 9212 debug: Reset the dark brem process (if it was activated)
[ RunManager ] 9213 debug: Reset the dark brem process (if it was activated)
[ RunManager ] 9214 debug: Reset the dark brem process (if it was activated)
[ RunManager ] 9215 debug: Reset the dark brem process (if it was activated)
[ RunManager ] 9216 debug: Reset the dark brem process (if it was activated)
[ RunManager ] 9217 debug: Reset the dark brem process (if it was activated)
[ RunManager ] 9218 debug: Reset the dark brem process (if it was activated)
[ RunManager ] 9219 debug: Reset the dark brem process (if it was activated)
[ RunManager ] 9220 debug: Reset the dark brem process (if it was activated)
[ RunManager ] 9221 debug: Reset the dark brem process (if it was activated)
[ RunManager ] 9222 debug: Reset the dark brem process (if it was activated)
[ RunManager ] 9223 debug: Reset the dark brem process (if it was activated)
[ RunManager ] 9224 debug: Reset the dark brem process (if it was activated)
[ RunManager ] 9225 debug: Reset the dark brem process (if it was activated)
[ RunManager ] 9226 debug: Reset the dark brem process (if it was activated)
[ RunManager ] 9227 debug: Reset the dark brem process (if it was activated)
[ RunManager ] 9228 debug: Reset the dark brem process (if it was activated)
[ RunManager ] 9229 debug: Reset the dark brem process (if it was activated)
[ RunManager ] 9230 debug: Reset the dark brem process (if it was activated)
[ RunManager ] 9231 debug: Reset the dark brem process (if it was activated)
[ RunManager ] 9232 debug: Reset the dark brem process (if it was activated)
[ RunManager ] 9233 debug: Reset the dark brem process (if it was activated)
[ RunManager ] 9234 debug: Reset the dark brem process (if it was activated)
[ RunManager ] 9235 debug: Reset the dark brem process (if it was activated)
[ RunManager ] 9236 debug: Reset the dark brem process (if it was activated)
[ RunManager ] 9237 debug: Reset the dark brem process (if it was activated)
[ RunManager ] 9238 debug: Reset the dark brem process (if it was activated)
[ RunManager ] 9239 debug: Reset the dark brem process (if it was activated)
[ RunManager ] 9240 debug: Reset the dark brem process (if it was activated)
[ RunManager ] 9241 debug: Reset the dark brem process (if it was activated)
[ RunManager ] 9242 debug: Reset the dark brem process (if it was activated)
[ RunManager ] 9243 debug: Reset the dark brem process (if it was activated)
[ RunManager ] 9244 debug: Reset the dark brem process (if it was activated)
[ RunManager ] 9245 debug: Reset the dark brem process (if it was activated)
[ RunManager ] 9246 debug: Reset the dark brem process (if it was activated)
[ RunManager ] 9247 debug: Reset the dark brem process (if it was activated)
[ RunManager ] 9248 debug: Reset the dark brem process (if it was activated)
[ RunManager ] 9249 debug: Reset the dark brem process (if it was activated)
[ RunManager ] 9250 debug: Reset the dark brem process (if it was activated)
[ RunManager ] 9251 debug: Reset the dark brem process (if it was activated)
[ RunManager ] 9252 debug: Reset the dark brem process (if it was activated)
[ RunManager ] 9253 debug: Reset the dark brem process (if it was activated)
[ RunManager ] 9254 debug: Reset the dark brem process (if it was activated)
[ RunManager ] 9255 debug: Reset the dark brem process (if it was activated)
[ RunManager ] 9256 debug: Reset the dark brem process (if it was activated)
[ RunManager ] 9257 debug: Reset the dark brem process (if it was activated)
[ RunManager ] 9258 debug: Reset the dark brem process (if it was activated)
[ RunManager ] 9259 debug: Reset the dark brem process (if it was activated)
[ RunManager ] 9260 debug: Reset the dark brem process (if it was activated)
[ RunManager ] 9261 debug: Reset the dark brem process (if it was activated)
[ RunManager ] 9262 debug: Reset the dark brem process (if it was activated)
[ RunManager ] 9263 debug: Reset the dark brem process (if it was activated)
[ RunManager ] 9264 debug: Reset the dark brem process (if it was activated)
[ RunManager ] 9265 debug: Reset the dark brem process (if it was activated)
[ RunManager ] 9266 debug: Reset the dark brem process (if it was activated)
[ RunManager ] 9267 debug: Reset the dark brem process (if it was activated)
[ RunManager ] 9268 debug: Reset the dark brem process (if it was activated)
[ RunManager ] 9269 debug: Reset the dark brem process (if it was activated)
[ RunManager ] 9270 debug: Reset the dark brem process (if it was activated)
[ RunManager ] 9271 debug: Reset the dark brem process (if it was activated)
[ RunManager ] 9272 debug: Reset the dark brem process (if it was activated)
[ RunManager ] 9273 debug: Reset the dark brem process (if it was activated)
[ RunManager ] 9274 debug: Reset the dark brem process (if it was activated)
[ RunManager ] 9275 debug: Reset the dark brem process (if it was activated)
[ RunManager ] 9276 debug: Reset the dark brem process (if it was activated)
[ RunManager ] 9277 debug: Reset the dark brem process (if it was activated)
[ RunManager ] 9278 debug: Reset the dark brem process (if it was activated)
[ RunManager ] 9279 debug: Reset the dark brem process (if it was activated)
[ RunManager ] 9280 debug: Reset the dark brem process (if it was activated)
[ RunManager ] 9281 debug: Reset the dark brem process (if it was activated)
[ RunManager ] 9282 debug: Reset the dark brem process (if it was activated)
[ RunManager ] 9283 debug: Reset the dark brem process (if it was activated)
[ RunManager ] 9284 debug: Reset the dark brem process (if it was activated)
[ RunManager ] 9285 debug: Reset the dark brem process (if it was activated)
[ RunManager ] 9286 debug: Reset the dark brem process (if it was activated)
[ RunManager ] 9287 debug: Reset the dark brem process (if it was activated)
[ RunManager ] 9288 debug: Reset the dark brem process (if it was activated)
[ RunManager ] 9289 debug: Reset the dark brem process (if it was activated)
[ RunManager ] 9290 debug: Reset the dark brem process (if it was activated)
[ RunManager ] 9291 debug: Reset the dark brem process (if it was activated)
[ RunManager ] 9292 debug: Reset the dark brem process (if it was activated)
[ RunManager ] 9293 debug: Reset the dark brem process (if it was activated)
[ RunManager ] 9294 debug: Reset the dark brem process (if it was activated)
[ RunManager ] 9295 debug: Reset the dark brem process (if it was activated)
[ RunManager ] 9296 debug: Reset the dark brem process (if it was activated)
[ RunManager ] 9297 debug: Reset the dark brem process (if it was activated)
[ RunManager ] 9298 debug: Reset the dark brem process (if it was activated)
[ RunManager ] 9299 debug: Reset the dark brem process (if it was activated)
[ RunManager ] 9300 debug: Reset the dark brem process (if it was activated)
[ RunManager ] 9301 debug: Reset the dark brem process (if it was activated)
[ RunManager ] 9302 debug: Reset the dark brem process (if it was activated)
[ RunManager ] 9303 debug: Reset the dark brem process (if it was activated)
[ RunManager ] 9304 debug: Reset the dark brem process (if it was activated)
[ RunManager ] 9305 debug: Reset the dark brem process (if it was activated)
[ RunManager ] 9306 debug: Reset the dark brem process (if it was activated)
[ RunManager ] 9307 debug: Reset the dark brem process (if it was activated)
[ RunManager ] 9308 debug: Reset the dark brem process (if it was activated)
[ RunManager ] 9309 debug: Reset the dark brem process (if it was activated)
[ RunManager ] 9310 debug: Reset the dark brem process (if it was activated)
[ RunManager ] 9311 debug: Reset the dark brem process (if it was activated)
[ RunManager ] 9312 debug: Reset the dark brem process (if it was activated)
[ RunManager ] 9313 debug: Reset the dark brem process (if it was activated)
[ RunManager ] 9314 debug: Reset the dark brem process (if it was activated)
[ RunManager ] 9315 debug: Reset the dark brem process (if it was activated)
[ RunManager ] 9316 debug: Reset the dark brem process (if it was activated)
[ RunManager ] 9317 debug: Reset the dark brem process (if it was activated)
[ RunManager ] 9318 debug: Reset the dark brem process (if it was activated)
[ RunManager ] 9319 debug: Reset the dark brem process (if it was activated)
[ RunManager ] 9320 debug: Reset the dark brem process (if it was activated)
[ RunManager ] 9321 debug: Reset the dark brem process (if it was activated)
[ RunManager ] 9322 debug: Reset the dark brem process (if it was activated)
[ RunManager ] 9323 debug: Reset the dark brem process (if it was activated)
[ RunManager ] 9324 debug: Reset the dark brem process (if it was activated)
[ RunManager ] 9325 debug: Reset the dark brem process (if it was activated)
[ RunManager ] 9326 debug: Reset the dark brem process (if it was activated)
[ RunManager ] 9327 debug: Reset the dark brem process (if it was activated)
[ RunManager ] 9328 debug: Reset the dark brem process (if it was activated)
[ RunManager ] 9329 debug: Reset the dark brem process (if it was activated)
[ RunManager ] 9330 debug: Reset the dark brem process (if it was activated)
[ RunManager ] 9331 debug: Reset the dark brem process (if it was activated)
[ RunManager ] 9332 debug: Reset the dark brem process (if it was activated)
[ RunManager ] 9333 debug: Reset the dark brem process (if it was activated)
[ RunManager ] 9334 debug: Reset the dark brem process (if it was activated)
[ RunManager ] 9335 debug: Reset the dark brem process (if it was activated)
[ RunManager ] 9336 debug: Reset the dark brem process (if it was activated)
[ RunManager ] 9337 debug: Reset the dark brem process (if it was activated)
[ RunManager ] 9338 debug: Reset the dark brem process (if it was activated)
[ RunManager ] 9339 debug: Reset the dark brem process (if it was activated)
[ RunManager ] 9340 debug: Reset the dark brem process (if it was activated)
[ RunManager ] 9341 debug: Reset the dark brem process (if it was activated)
[ RunManager ] 9342 debug: Reset the dark brem process (if it was activated)
[ RunManager ] 9343 debug: Reset the dark brem process (if it was activated)
[ RunManager ] 9344 debug: Reset the dark brem process (if it was activated)
[ RunManager ] 9345 debug: Reset the dark brem process (if it was activated)
[ RunManager ] 9346 debug: Reset the dark brem process (if it was activated)
[ RunManager ] 9347 debug: Reset the dark brem process (if it was activated)
[ RunManager ] 9348 debug: Reset the dark brem process (if it was activated)
[ RunManager ] 9349 debug: Reset the dark brem process (if it was activated)
[ RunManager ] 9350 debug: Reset the dark brem process (if it was activated)
[ RunManager ] 9351 debug: Reset the dark brem process (if it was activated)
[ RunManager ] 9352 debug: Reset the dark brem process (if it was activated)
[ RunManager ] 9353 debug: Reset the dark brem process (if it was activated)
[ RunManager ] 9354 debug: Reset the dark brem process (if it was activated)
[ RunManager ] 9355 debug: Reset the dark brem process (if it was activated)
[ RunManager ] 9356 debug: Reset the dark brem process (if it was activated)
[ RunManager ] 9357 debug: Reset the dark brem process (if it was activated)
[ RunManager ] 9358 debug: Reset the dark brem process (if it was activated)
[ RunManager ] 9359 debug: Reset the dark brem process (if it was activated)
[ RunManager ] 9360 debug: Reset the dark brem process (if it was activated)
[ RunManager ] 9361 debug: Reset the dark brem process (if it was activated)
[ RunManager ] 9362 debug: Reset the dark brem process (if it was activated)
[ RunManager ] 9363 debug: Reset the dark brem process (if it was activated)
[ RunManager ] 9364 debug: Reset the dark brem process (if it was activated)
[ RunManager ] 9365 debug: Reset the dark brem process (if it was activated)
[ RunManager ] 9366 debug: Reset the dark brem process (if it was activated)
[ RunManager ] 9367 debug: Reset the dark brem process (if it was activated)
[ RunManager ] 9368 debug: Reset the dark brem process (if it was activated)
[ RunManager ] 9369 debug: Reset the dark brem process (if it was activated)
[ RunManager ] 9370 debug: Reset the dark brem process (if it was activated)
[ RunManager ] 9371 debug: Reset the dark brem process (if it was activated)
[ RunManager ] 9372 debug: Reset the dark brem process (if it was activated)
[ RunManager ] 9373 debug: Reset the dark brem process (if it was activated)
[ RunManager ] 9374 debug: Reset the dark brem process (if it was activated)
[ RunManager ] 9375 debug: Reset the dark brem process (if it was activated)
[ RunManager ] 9376 debug: Reset the dark brem process (if it was activated)
[ RunManager ] 9377 debug: Reset the dark brem process (if it was activated)
[ RunManager ] 9378 debug: Reset the dark brem process (if it was activated)
[ RunManager ] 9379 debug: Reset the dark brem process (if it was activated)
[ RunManager ] 9380 debug: Reset the dark brem process (if it was activated)
[ RunManager ] 9381 debug: Reset the dark brem process (if it was activated)
[ RunManager ] 9382 debug: Reset the dark brem process (if it was activated)
[ RunManager ] 9383 debug: Reset the dark brem process (if it was activated)
[ RunManager ] 9384 debug: Reset the dark brem process (if it was activated)
[ RunManager ] 9385 debug: Reset the dark brem process (if it was activated)
[ RunManager ] 9386 debug: Reset the dark brem process (if it was activated)
[ RunManager ] 9387 debug: Reset the dark brem process (if it was activated)
[ RunManager ] 9388 debug: Reset the dark brem process (if it was activated)
[ RunManager ] 9389 debug: Reset the dark brem process (if it was activated)
[ RunManager ] 9390 debug: Reset the dark brem process (if it was activated)
[ RunManager ] 9391 debug: Reset the dark brem process (if it was activated)
[ RunManager ] 9392 debug: Reset the dark brem process (if it was activated)
[ RunManager ] 9393 debug: Reset the dark brem process (if it was activated)
[ RunManager ] 9394 debug: Reset the dark brem process (if it was activated)
[ RunManager ] 9395 debug: Reset the dark brem process (if it was activated)
[ RunManager ] 9396 debug: Reset the dark brem process (if it was activated)
[ RunManager ] 9397 debug: Reset the dark brem process (if it was activated)
[ RunManager ] 9398 debug: Reset the dark brem process (if it was activated)
[ RunManager ] 9399 debug: Reset the dark brem process (if it was activated)
[ RunManager ] 9400 debug: Reset the dark brem process (if it was activated)
[ RunManager ] 9401 debug: Reset the dark brem process (if it was activated)
[ RunManager ] 9402 debug: Reset the dark brem process (if it was activated)
[ RunManager ] 9403 debug: Reset the dark brem process (if it was activated)
[ RunManager ] 9404 debug: Reset the dark brem process (if it was activated)
[ RunManager ] 9405 debug: Reset the dark brem process (if it was activated)
[ RunManager ] 9406 debug: Reset the dark brem process (if it was activated)
[ RunManager ] 9407 debug: Reset the dark brem process (if it was activated)
[ RunManager ] 9408 debug: Reset the dark brem process (if it was activated)
[ RunManager ] 9409 debug: Reset the dark brem process (if it was activated)
[ RunManager ] 9410 debug: Reset the dark brem process (if it was activated)
[ RunManager ] 9411 debug: Reset the dark brem process (if it was activated)
[ RunManager ] 9412 debug: Reset the dark brem process (if it was activated)
[ RunManager ] 9413 debug: Reset the dark brem process (if it was activated)
[ RunManager ] 9414 debug: Reset the dark brem process (if it was activated)
[ RunManager ] 9415 debug: Reset the dark brem process (if it was activated)
[ RunManager ] 9416 debug: Reset the dark brem process (if it was activated)
[ RunManager ] 9417 debug: Reset the dark brem process (if it was activated)
[ RunManager ] 9418 debug: Reset the dark brem process (if it was activated)
[ RunManager ] 9419 debug: Reset the dark brem process (if it was activated)
[ RunManager ] 9420 debug: Reset the dark brem process (if it was activated)
[ RunManager ] 9421 debug: Reset the dark brem process (if it was activated)
[ RunManager ] 9422 debug: Reset the dark brem process (if it was activated)
[ RunManager ] 9423 debug: Reset the dark brem process (if it was activated)
[ RunManager ] 9424 debug: Reset the dark brem process (if it was activated)
[ RunManager ] 9425 debug: Reset the dark brem process (if it was activated)
[ RunManager ] 9426 debug: Reset the dark brem process (if it was activated)
[ RunManager ] 9427 debug: Reset the dark brem process (if it was activated)
[ RunManager ] 9428 debug: Reset the dark brem process (if it was activated)
[ RunManager ] 9429 debug: Reset the dark brem process (if it was activated)
[ RunManager ] 9430 debug: Reset the dark brem process (if it was activated)
[ RunManager ] 9431 debug: Reset the dark brem process (if it was activated)
[ RunManager ] 9432 debug: Reset the dark brem process (if it was activated)
[ RunManager ] 9433 debug: Reset the dark brem process (if it was activated)
[ RunManager ] 9434 debug: Reset the dark brem process (if it was activated)
[ RunManager ] 9435 debug: Reset the dark brem process (if it was activated)
[ RunManager ] 9436 debug: Reset the dark brem process (if it was activated)
[ RunManager ] 9437 debug: Reset the dark brem process (if it was activated)
[ RunManager ] 9438 debug: Reset the dark brem process (if it was activated)
[ RunManager ] 9439 debug: Reset the dark brem process (if it was activated)
[ RunManager ] 9440 debug: Reset the dark brem process (if it was activated)
[ RunManager ] 9441 debug: Reset the dark brem process (if it was activated)
[ RunManager ] 9442 debug: Reset the dark brem process (if it was activated)
[ RunManager ] 9443 debug: Reset the dark brem process (if it was activated)
[ RunManager ] 9444 debug: Reset the dark brem process (if it was activated)
[ RunManager ] 9445 debug: Reset the dark brem process (if it was activated)
[ RunManager ] 9446 debug: Reset the dark brem process (if it was activated)
[ RunManager ] 9447 debug: Reset the dark brem process (if it was activated)
[ RunManager ] 9448 debug: Reset the dark brem process (if it was activated)
[ RunManager ] 9449 debug: Reset the dark brem process (if it was activated)
[ RunManager ] 9450 debug: Reset the dark brem process (if it was activated)
[ RunManager ] 9451 debug: Reset the dark brem process (if it was activated)
[ RunManager ] 9452 debug: Reset the dark brem process (if it was activated)
[ RunManager ] 9453 debug: Reset the dark brem process (if it was activated)
[ RunManager ] 9454 debug: Reset the dark brem process (if it was activated)
[ RunManager ] 9455 debug: Reset the dark brem process (if it was activated)
[ RunManager ] 9456 debug: Reset the dark brem process (if it was activated)
[ RunManager ] 9457 debug: Reset the dark brem process (if it was activated)
[ RunManager ] 9458 debug: Reset the dark brem process (if it was activated)
[ RunManager ] 9459 debug: Reset the dark brem process (if it was activated)
[ RunManager ] 9460 debug: Reset the dark brem process (if it was activated)
[ RunManager ] 9461 debug: Reset the dark brem process (if it was activated)
[ RunManager ] 9462 debug: Reset the dark brem process (if it was activated)
[ RunManager ] 9463 debug: Reset the dark brem process (if it was activated)
[ RunManager ] 9464 debug: Reset the dark brem process (if it was activated)
[ RunManager ] 9465 debug: Reset the dark brem process (if it was activated)
[ RunManager ] 9466 debug: Reset the dark brem process (if it was activated)
[ RunManager ] 9467 debug: Reset the dark brem process (if it was activated)
[ RunManager ] 9468 debug: Reset the dark brem process (if it was activated)
[ RunManager ] 9469 debug: Reset the dark brem process (if it was activated)
[ RunManager ] 9470 debug: Reset the dark brem process (if it was activated)
[ RunManager ] 9471 debug: Reset the dark brem process (if it was activated)
[ RunManager ] 9472 debug: Reset the dark brem process (if it was activated)
[ RunManager ] 9473 debug: Reset the dark brem process (if it was activated)
[ RunManager ] 9474 debug: Reset the dark brem process (if it was activated)
[ RunManager ] 9475 debug: Reset the dark brem process (if it was activated)
[ RunManager ] 9476 debug: Reset the dark brem process (if it was activated)
[ RunManager ] 9477 debug: Reset the dark brem process (if it was activated)
[ RunManager ] 9478 debug: Reset the dark brem process (if it was activated)
[ RunManager ] 9479 debug: Reset the dark brem process (if it was activated)
[ RunManager ] 9480 debug: Reset the dark brem process (if it was activated)
[ RunManager ] 9481 debug: Reset the dark brem process (if it was activated)
[ RunManager ] 9482 debug: Reset the dark brem process (if it was activated)
[ RunManager ] 9483 debug: Reset the dark brem process (if it was activated)
[ RunManager ] 9484 debug: Reset the dark brem process (if it was activated)
[ RunManager ] 9485 debug: Reset the dark brem process (if it was activated)
[ RunManager ] 9486 debug: Reset the dark brem process (if it was activated)
[ RunManager ] 9487 debug: Reset the dark brem process (if it was activated)
[ RunManager ] 9488 debug: Reset the dark brem process (if it was activated)
[ RunManager ] 9489 debug: Reset the dark brem process (if it was activated)
[ RunManager ] 9490 debug: Reset the dark brem process (if it was activated)
[ RunManager ] 9491 debug: Reset the dark brem process (if it was activated)
[ RunManager ] 9492 debug: Reset the dark brem process (if it was activated)
[ RunManager ] 9493 debug: Reset the dark brem process (if it was activated)
[ RunManager ] 9494 debug: Reset the dark brem process (if it was activated)
[ RunManager ] 9495 debug: Reset the dark brem process (if it was activated)
[ RunManager ] 9496 debug: Reset the dark brem process (if it was activated)
[ RunManager ] 9497 debug: Reset the dark brem process (if it was activated)
[ RunManager ] 9498 debug: Reset the dark brem process (if it was activated)
[ RunManager ] 9499 debug: Reset the dark brem process (if it was activated)
[ RunManager ] 9500 debug: Reset the dark brem process (if it was activated)
[ RunManager ] 9501 debug: Reset the dark brem process (if it was activated)
[ RunManager ] 9502 debug: Reset the dark brem process (if it was activated)
[ RunManager ] 9503 debug: Reset the dark brem process (if it was activated)
[ RunManager ] 9504 debug: Reset the dark brem process (if it was activated)
[ RunManager ] 9505 debug: Reset the dark brem process (if it was activated)
[ RunManager ] 9506 debug: Reset the dark brem process (if it was activated)
[ RunManager ] 9507 debug: Reset the dark brem process (if it was activated)
[ RunManager ] 9508 debug: Reset the dark brem process (if it was activated)
[ RunManager ] 9509 debug: Reset the dark brem process (if it was activated)
[ RunManager ] 9510 debug: Reset the dark brem process (if it was activated)
[ RunManager ] 9511 debug: Reset the dark brem process (if it was activated)
[ RunManager ] 9512 debug: Reset the dark brem process (if it was activated)
[ RunManager ] 9513 debug: Reset the dark brem process (if it was activated)
[ RunManager ] 9514 debug: Reset the dark brem process (if it was activated)
[ RunManager ] 9515 debug: Reset the dark brem process (if it was activated)
[ RunManager ] 9516 debug: Reset the dark brem process (if it was activated)
[ RunManager ] 9517 debug: Reset the dark brem process (if it was activated)
[ RunManager ] 9518 debug: Reset the dark brem process (if it was activated)
[ RunManager ] 9519 debug: Reset the dark brem process (if it was activated)
[ RunManager ] 9520 debug: Reset the dark brem process (if it was activated)
[ RunManager ] 9521 debug: Reset the dark brem process (if it was activated)
[ RunManager ] 9522 debug: Reset the dark brem process (if it was activated)
[ RunManager ] 9523 debug: Reset the dark brem process (if it was activated)
[ RunManager ] 9524 debug: Reset the dark brem process (if it was activated)
[ RunManager ] 9525 debug: Reset the dark brem process (if it was activated)
[ RunManager ] 9526 debug: Reset the dark brem process (if it was activated)
[ RunManager ] 9527 debug: Reset the dark brem process (if it was activated)
[ RunManager ] 9528 debug: Reset the dark brem process (if it was activated)
[ RunManager ] 9529 debug: Reset the dark brem process (if it was activated)
[ RunManager ] 9530 debug: Reset the dark brem process (if it was activated)
[ RunManager ] 9531 debug: Reset the dark brem process (if it was activated)
[ RunManager ] 9532 debug: Reset the dark brem process (if it was activated)
[ RunManager ] 9533 debug: Reset the dark brem process (if it was activated)
[ RunManager ] 9534 debug: Reset the dark brem process (if it was activated)
[ RunManager ] 9535 debug: Reset the dark brem process (if it was activated)
[ RunManager ] 9536 debug: Reset the dark brem process (if it was activated)
[ RunManager ] 9537 debug: Reset the dark brem process (if it was activated)
[ RunManager ] 9538 debug: Reset the dark brem process (if it was activated)
[ RunManager ] 9539 debug: Reset the dark brem process (if it was activated)
[ RunManager ] 9540 debug: Reset the dark brem process (if it was activated)
[ RunManager ] 9541 debug: Reset the dark brem process (if it was activated)
[ RunManager ] 9542 debug: Reset the dark brem process (if it was activated)
[ RunManager ] 9543 debug: Reset the dark brem process (if it was activated)
[ RunManager ] 9544 debug: Reset the dark brem process (if it was activated)
[ RunManager ] 9545 debug: Reset the dark brem process (if it was activated)
[ RunManager ] 9546 debug: Reset the dark brem process (if it was activated)
[ RunManager ] 9547 debug: Reset the dark brem process (if it was activated)
[ RunManager ] 9548 debug: Reset the dark brem process (if it was activated)
[ RunManager ] 9549 debug: Reset the dark brem process (if it was activated)
[ RunManager ] 9550 debug: Reset the dark brem process (if it was activated)
[ RunManager ] 9551 debug: Reset the dark brem process (if it was activated)
[ RunManager ] 9552 debug: Reset the dark brem process (if it was activated)
[ RunManager ] 9553 debug: Reset the dark brem process (if it was activated)
[ RunManager ] 9554 debug: Reset the dark brem process (if it was activated)
[ RunManager ] 9555 debug: Reset the dark brem process (if it was activated)
[ RunManager ] 9556 debug: Reset the dark brem process (if it was activated)
[ RunManager ] 9557 debug: Reset the dark brem process (if it was activated)
[ RunManager ] 9558 debug: Reset the dark brem process (if it was activated)
[ RunManager ] 9559 debug: Reset the dark brem process (if it was activated)
[ RunManager ] 9560 debug: Reset the dark brem process (if it was activated)
[ RunManager ] 9561 debug: Reset the dark brem process (if it was activated)
[ RunManager ] 9562 debug: Reset the dark brem process (if it was activated)
[ RunManager ] 9563 debug: Reset the dark brem process (if it was activated)
[ RunManager ] 9564 debug: Reset the dark brem process (if it was activated)
[ RunManager ] 9565 debug: Reset the dark brem process (if it was activated)
[ RunManager ] 9566 debug: Reset the dark brem process (if it was activated)
[ RunManager ] 9567 debug: Reset the dark brem process (if it was activated)
[ RunManager ] 9568 debug: Reset the dark brem process (if it was activated)
[ RunManager ] 9569 debug: Reset the dark brem process (if it was activated)
[ RunManager ] 9570 debug: Reset the dark brem process (if it was activated)
[ RunManager ] 9571 debug: Reset the dark brem process (if it was activated)
[ RunManager ] 9572 debug: Reset the dark brem process (if it was activated)
[ RunManager ] 9573 debug: Reset the dark brem process (if it was activated)
[ RunManager ] 9574 debug: Reset the dark brem process (if it was activated)
[ RunManager ] 9575 debug: Reset the dark brem process (if it was activated)
[ RunManager ] 9576 debug: Reset the dark brem process (if it was activated)
[ RunManager ] 9577 debug: Reset the dark brem process (if it was activated)
[ RunManager ] 9578 debug: Reset the dark brem process (if it was activated)
[ RunManager ] 9579 debug: Reset the dark brem process (if it was activated)
[ RunManager ] 9580 debug: Reset the dark brem process (if it was activated)
[ RunManager ] 9581 debug: Reset the dark brem process (if it was activated)
[ RunManager ] 9582 debug: Reset the dark brem process (if it was activated)
[ RunManager ] 9583 debug: Reset the dark brem process (if it was activated)
[ RunManager ] 9584 debug: Reset the dark brem process (if it was activated)
[ RunManager ] 9585 debug: Reset the dark brem process (if it was activated)
[ RunManager ] 9586 debug: Reset the dark brem process (if it was activated)
[ RunManager ] 9587 debug: Reset the dark brem process (if it was activated)
[ RunManager ] 9588 debug: Reset the dark brem process (if it was activated)
[ RunManager ] 9589 debug: Reset the dark brem process (if it was activated)
[ RunManager ] 9590 debug: Reset the dark brem process (if it was activated)
[ RunManager ] 9591 debug: Reset the dark brem process (if it was activated)
[ RunManager ] 9592 debug: Reset the dark brem process (if it was activated)
[ RunManager ] 9593 debug: Reset the dark brem process (if it was activated)
[ RunManager ] 9594 debug: Reset the dark brem process (if it was activated)
[ RunManager ] 9595 debug: Reset the dark brem process (if it was activated)
[ RunManager ] 9596 debug: Reset the dark brem process (if it was activated)
[ RunManager ] 9597 debug: Reset the dark brem process (if it was activated)
[ RunManager ] 9598 debug: Reset the dark brem process (if it was activated)
[ RunManager ] 9599 debug: Reset the dark brem process (if it was activated)
[ RunManager ] 9600 debug: Reset the dark brem process (if it was activated)
[ RunManager ] 9601 debug: Reset the dark brem process (if it was activated)
[ RunManager ] 9602 debug: Reset the dark brem process (if it was activated)
[ RunManager ] 9603 debug: Reset the dark brem process (if it was activated)
[ RunManager ] 9604 debug: Reset the dark brem process (if it was activated)
[ RunManager ] 9605 debug: Reset the dark brem process (if it was activated)
[ RunManager ] 9606 debug: Reset the dark brem process (if it was activated)
[ RunManager ] 9607 debug: Reset the dark brem process (if it was activated)
[ RunManager ] 9608 debug: Reset the dark brem process (if it was activated)
[ RunManager ] 9609 debug: Reset the dark brem process (if it was activated)
[ RunManager ] 9610 debug: Reset the dark brem process (if it was activated)
[ RunManager ] 9611 debug: Reset the dark brem process (if it was activated)
[ RunManager ] 9612 debug: Reset the dark brem process (if it was activated)
[ RunManager ] 9613 debug: Reset the dark brem process (if it was activated)
[ RunManager ] 9614 debug: Reset the dark brem process (if it was activated)
[ RunManager ] 9615 debug: Reset the dark brem process (if it was activated)
[ RunManager ] 9616 debug: Reset the dark brem process (if it was activated)
[ RunManager ] 9617 debug: Reset the dark brem process (if it was activated)
[ RunManager ] 9618 debug: Reset the dark brem process (if it was activated)
[ RunManager ] 9619 debug: Reset the dark brem process (if it was activated)
[ RunManager ] 9620 debug: Reset the dark brem process (if it was activated)
[ RunManager ] 9621 debug: Reset the dark brem process (if it was activated)
[ RunManager ] 9622 debug: Reset the dark brem process (if it was activated)
[ RunManager ] 9623 debug: Reset the dark brem process (if it was activated)
[ RunManager ] 9624 debug: Reset the dark brem process (if it was activated)
[ RunManager ] 9625 debug: Reset the dark brem process (if it was activated)
[ RunManager ] 9626 debug: Reset the dark brem process (if it was activated)
[ RunManager ] 9627 debug: Reset the dark brem process (if it was activated)
[ RunManager ] 9628 debug: Reset the dark brem process (if it was activated)
[ RunManager ] 9629 debug: Reset the dark brem process (if it was activated)
[ RunManager ] 9630 debug: Reset the dark brem process (if it was activated)
[ RunManager ] 9631 debug: Reset the dark brem process (if it was activated)
[ RunManager ] 9632 debug: Reset the dark brem process (if it was activated)
[ RunManager ] 9633 debug: Reset the dark brem process (if it was activated)
[ RunManager ] 9634 debug: Reset the dark brem process (if it was activated)
[ RunManager ] 9635 debug: Reset the dark brem process (if it was activated)
[ RunManager ] 9636 debug: Reset the dark brem process (if it was activated)
[ RunManager ] 9637 debug: Reset the dark brem process (if it was activated)
[ RunManager ] 9638 debug: Reset the dark brem process (if it was activated)
[ RunManager ] 9639 debug: Reset the dark brem process (if it was activated)
[ RunManager ] 9640 debug: Reset the dark brem process (if it was activated)
[ RunManager ] 9641 debug: Reset the dark brem process (if it was activated)
[ RunManager ] 9642 debug: Reset the dark brem process (if it was activated)
[ RunManager ] 9643 debug: Reset the dark brem process (if it was activated)
[ RunManager ] 9644 debug: Reset the dark brem process (if it was activated)
[ RunManager ] 9645 debug: Reset the dark brem process (if it was activated)
[ RunManager ] 9646 debug: Reset the dark brem process (if it was activated)
[ RunManager ] 9647 debug: Reset the dark brem process (if it was activated)
[ RunManager ] 9648 debug: Reset the dark brem process (if it was activated)
[ RunManager ] 9649 debug: Reset the dark brem process (if it was activated)
[ RunManager ] 9650 debug: Reset the dark brem process (if it was activated)
[ RunManager ] 9651 debug: Reset the dark brem process (if it was activated)
[ RunManager ] 9652 debug: Reset the dark brem process (if it was activated)
[ RunManager ] 9653 debug: Reset the dark brem process (if it was activated)
[ RunManager ] 9654 debug: Reset the dark brem process (if it was activated)
[ RunManager ] 9655 debug: Reset the dark brem process (if it was activated)
[ RunManager ] 9656 debug: Reset the dark brem process (if it was activated)
[ RunManager ] 9657 debug: Reset the dark brem process (if it was activated)
[ RunManager ] 9658 debug: Reset the dark brem process (if it was activated)
[ RunManager ] 9659 debug: Reset the dark brem process (if it was activated)
[ RunManager ] 9660 debug: Reset the dark brem process (if it was activated)
[ RunManager ] 9661 debug: Reset the dark brem process (if it was activated)
[ RunManager ] 9662 debug: Reset the dark brem process (if it was activated)
[ RunManager ] 9663 debug: Reset the dark brem process (if it was activated)
[ RunManager ] 9664 debug: Reset the dark brem process (if it was activated)
[ RunManager ] 9665 debug: Reset the dark brem process (if it was activated)
[ RunManager ] 9666 debug: Reset the dark brem process (if it was activated)
[ RunManager ] 9667 debug: Reset the dark brem process (if it was activated)
[ RunManager ] 9668 debug: Reset the dark brem process (if it was activated)
[ RunManager ] 9669 debug: Reset the dark brem process (if it was activated)
[ RunManager ] 9670 debug: Reset the dark brem process (if it was activated)
[ RunManager ] 9671 debug: Reset the dark brem process (if it was activated)
[ RunManager ] 9672 debug: Reset the dark brem process (if it was activated)
[ RunManager ] 9673 debug: Reset the dark brem process (if it was activated)
[ RunManager ] 9674 debug: Reset the dark brem process (if it was activated)
[ RunManager ] 9675 debug: Reset the dark brem process (if it was activated)
[ RunManager ] 9676 debug: Reset the dark brem process (if it was activated)
[ RunManager ] 9677 debug: Reset the dark brem process (if it was activated)
[ RunManager ] 9678 debug: Reset the dark brem process (if it was activated)
[ RunManager ] 9679 debug: Reset the dark brem process (if it was activated)
[ RunManager ] 9680 debug: Reset the dark brem process (if it was activated)
[ RunManager ] 9681 debug: Reset the dark brem process (if it was activated)
[ RunManager ] 9682 debug: Reset the dark brem process (if it was activated)
[ RunManager ] 9683 debug: Reset the dark brem process (if it was activated)
[ RunManager ] 9684 debug: Reset the dark brem process (if it was activated)
[ RunManager ] 9685 debug: Reset the dark brem process (if it was activated)
[ RunManager ] 9686 debug: Reset the dark brem process (if it was activated)
[ RunManager ] 9687 debug: Reset the dark brem process (if it was activated)
[ RunManager ] 9688 debug: Reset the dark brem process (if it was activated)
[ RunManager ] 9689 debug: Reset the dark brem process (if it was activated)
[ RunManager ] 9690 debug: Reset the dark brem process (if it was activated)
[ RunManager ] 9691 debug: Reset the dark brem process (if it was activated)
[ RunManager ] 9692 debug: Reset the dark brem process (if it was activated)
[ RunManager ] 9693 debug: Reset the dark brem process (if it was activated)
[ RunManager ] 9694 debug: Reset the dark brem process (if it was activated)
[ RunManager ] 9695 debug: Reset the dark brem process (if it was activated)
[ RunManager ] 9696 debug: Reset the dark brem process (if it was activated)
[ RunManager ] 9697 debug: Reset the dark brem process (if it was activated)
[ RunManager ] 9698 debug: Reset the dark brem process (if it was activated)
[ RunManager ] 9699 debug: Reset the dark brem process (if it was activated)
[ RunManager ] 9700 debug: Reset the dark brem process (if it was activated)
[ RunManager ] 9701 debug: Reset the dark brem process (if it was activated)
[ RunManager ] 9702 debug: Reset the dark brem process (if it was activated)
[ RunManager ] 9703 debug: Reset the dark brem process (if it was activated)
[ RunManager ] 9704 debug: Reset the dark brem process (if it was activated)
[ RunManager ] 9705 debug: Reset the dark brem process (if it was activated)
[ RunManager ] 9706 debug: Reset the dark brem process (if it was activated)
[ RunManager ] 9707 debug: Reset the dark brem process (if it was activated)
[ RunManager ] 9708 debug: Reset the dark brem process (if it was activated)
[ RunManager ] 9709 debug: Reset the dark brem process (if it was activated)
[ RunManager ] 9710 debug: Reset the dark brem process (if it was activated)
[ RunManager ] 9711 debug: Reset the dark brem process (if it was activated)
[ RunManager ] 9712 debug: Reset the dark brem process (if it was activated)
[ RunManager ] 9713 debug: Reset the dark brem process (if it was activated)
[ RunManager ] 9714 debug: Reset the dark brem process (if it was activated)
[ RunManager ] 9715 debug: Reset the dark brem process (if it was activated)
[ RunManager ] 9716 debug: Reset the dark brem process (if it was activated)
[ RunManager ] 9717 debug: Reset the dark brem process (if it was activated)
[ RunManager ] 9718 debug: Reset the dark brem process (if it was activated)
[ RunManager ] 9719 debug: Reset the dark brem process (if it was activated)
[ RunManager ] 9720 debug: Reset the dark brem process (if it was activated)
[ RunManager ] 9721 debug: Reset the dark brem process (if it was activated)
[ RunManager ] 9722 debug: Reset the dark brem process (if it was activated)
[ RunManager ] 9723 debug: Reset the dark brem process (if it was activated)
[ RunManager ] 9724 debug: Reset the dark brem process (if it was activated)
[ RunManager ] 9725 debug: Reset the dark brem process (if it was activated)
[ RunManager ] 9726 debug: Reset the dark brem process (if it was activated)
[ RunManager ] 9727 debug: Reset the dark brem process (if it was activated)
[ RunManager ] 9728 debug: Reset the dark brem process (if it was activated)
[ RunManager ] 9729 debug: Reset the dark brem process (if it was activated)
[ RunManager ] 9730 debug: Reset the dark brem process (if it was activated)
[ RunManager ] 9731 debug: Reset the dark brem process (if it was activated)
[ RunManager ] 9732 debug: Reset the dark brem process (if it was activated)
[ RunManager ] 9733 debug: Reset the dark brem process (if it was activated)
[ RunManager ] 9734 debug: Reset the dark brem process (if it was activated)
[ RunManager ] 9735 debug: Reset the dark brem process (if it was activated)
[ RunManager ] 9736 debug: Reset the dark brem process (if it was activated)
[ RunManager ] 9737 debug: Reset the dark brem process (if it was activated)
[ RunManager ] 9738 debug: Reset the dark brem process (if it was activated)
[ RunManager ] 9739 debug: Reset the dark brem process (if it was activated)
[ RunManager ] 9740 debug: Reset the dark brem process (if it was activated)
[ RunManager ] 9741 debug: Reset the dark brem process (if it was activated)
[ RunManager ] 9742 debug: Reset the dark brem process (if it was activated)
[ RunManager ] 9743 debug: Reset the dark brem process (if it was activated)
[ RunManager ] 9744 debug: Reset the dark brem process (if it was activated)
[ RunManager ] 9745 debug: Reset the dark brem process (if it was activated)
[ RunManager ] 9746 debug: Reset the dark brem process (if it was activated)
[ RunManager ] 9747 debug: Reset the dark brem process (if it was activated)
[ RunManager ] 9748 debug: Reset the dark brem process (if it was activated)
[ RunManager ] 9749 debug: Reset the dark brem process (if it was activated)
[ RunManager ] 9750 debug: Reset the dark brem process (if it was activated)
[ RunManager ] 9751 debug: Reset the dark brem process (if it was activated)
[ RunManager ] 9752 debug: Reset the dark brem process (if it was activated)
[ RunManager ] 9753 debug: Reset the dark brem process (if it was activated)
[ RunManager ] 9754 debug: Reset the dark brem process (if it was activated)
[ RunManager ] 9755 debug: Reset the dark brem process (if it was activated)
[ RunManager ] 9756 debug: Reset the dark brem process (if it was activated)
[ RunManager ] 9757 debug: Reset the dark brem process (if it was activated)
[ RunManager ] 9758 debug: Reset the dark brem process (if it was activated)
[ RunManager ] 9759 debug: Reset the dark brem process (if it was activated)
[ RunManager ] 9760 debug: Reset the dark brem process (if it was activated)
[ RunManager ] 9761 debug: Reset the dark brem process (if it was activated)
[ RunManager ] 9762 debug: Reset the dark brem process (if it was activated)
[ RunManager ] 9763 debug: Reset the dark brem process (if it was activated)
[ RunManager ] 9764 debug: Reset the dark brem process (if it was activated)
[ RunManager ] 9765 debug: Reset the dark brem process (if it was activated)
[ RunManager ] 9766 debug: Reset the dark brem process (if it was activated)
[ RunManager ] 9767 debug: Reset the dark brem process (if it was activated)
[ RunManager ] 9768 debug: Reset the dark brem process (if it was activated)
[ RunManager ] 9769 debug: Reset the dark brem process (if it was activated)
[ RunManager ] 9770 debug: Reset the dark brem process (if it was activated)
[ RunManager ] 9771 debug: Reset the dark brem process (if it was activated)
[ RunManager ] 9772 debug: Reset the dark brem process (if it was activated)
[ RunManager ] 9773 debug: Reset the dark brem process (if it was activated)
[ RunManager ] 9774 debug: Reset the dark brem process (if it was activated)
[ RunManager ] 9775 debug: Reset the dark brem process (if it was activated)
[ RunManager ] 9776 debug: Reset the dark brem process (if it was activated)
[ RunManager ] 9777 debug: Reset the dark brem process (if it was activated)
[ RunManager ] 9778 debug: Reset the dark brem process (if it was activated)
[ RunManager ] 9779 debug: Reset the dark brem process (if it was activated)
[ RunManager ] 9780 debug: Reset the dark brem process (if it was activated)
[ RunManager ] 9781 debug: Reset the dark brem process (if it was activated)
[ RunManager ] 9782 debug: Reset the dark brem process (if it was activated)
[ RunManager ] 9783 debug: Reset the dark brem process (if it was activated)
[ RunManager ] 9784 debug: Reset the dark brem process (if it was activated)
[ RunManager ] 9785 debug: Reset the dark brem process (if it was activated)
[ RunManager ] 9786 debug: Reset the dark brem process (if it was activated)
[ RunManager ] 9787 debug: Reset the dark brem process (if it was activated)
[ RunManager ] 9788 debug: Reset the dark brem process (if it was activated)
[ RunManager ] 9789 debug: Reset the dark brem process (if it was activated)
[ RunManager ] 9790 debug: Reset the dark brem process (if it was activated)
[ RunManager ] 9791 debug: Reset the dark brem process (if it was activated)
[ RunManager ] 9792 debug: Reset the dark brem process (if it was activated)
[ RunManager ] 9793 debug: Reset the dark brem process (if it was activated)
[ RunManager ] 9794 debug: Reset the dark brem process (if it was activated)
[ RunManager ] 9795 debug: Reset the dark brem process (if it was activated)
[ RunManager ] 9796 debug: Reset the dark brem process (if it was activated)
[ RunManager ] 9797 debug: Reset the dark brem process (if it was activated)
[ RunManager ] 9798 debug: Reset the dark brem process (if it was activated)
[ RunManager ] 9799 debug: Reset the dark brem process (if it was activated)
[ RunManager ] 9800 debug: Reset the dark brem process (if it was activated)
[ RunManager ] 9801 debug: Reset the dark brem process (if it was activated)
[ RunManager ] 9802 debug: Reset the dark brem process (if it was activated)
[ RunManager ] 9803 debug: Reset the dark brem process (if it was activated)
[ RunManager ] 9804 debug: Reset the dark brem process (if it was activated)
[ RunManager ] 9805 debug: Reset the dark brem process (if it was activated)
[ RunManager ] 9806 debug: Reset the dark brem process (if it was activated)
[ RunManager ] 9807 debug: Reset the dark brem process (if it was activated)
[ RunManager ] 9808 debug: Reset the dark brem process (if it was activated)
[ RunManager ] 9809 debug: Reset the dark brem process (if it was activated)
[ RunManager ] 9810 debug: Reset the dark brem process (if it was activated)
[ RunManager ] 9811 debug: Reset the dark brem process (if it was activated)
[ RunManager ] 9812 debug: Reset the dark brem process (if it was activated)
[ RunManager ] 9813 debug: Reset the dark brem process (if it was activated)
[ RunManager ] 9814 debug: Reset the dark brem process (if it was activated)
[ RunManager ] 9815 debug: Reset the dark brem process (if it was activated)
[ RunManager ] 9816 debug: Reset the dark brem process (if it was activated)
[ RunManager ] 9817 debug: Reset the dark brem process (if it was activated)
[ RunManager ] 9818 debug: Reset the dark brem process (if it was activated)
[ RunManager ] 9819 debug: Reset the dark brem process (if it was activated)
[ RunManager ] 9820 debug: Reset the dark brem process (if it was activated)
[ RunManager ] 9821 debug: Reset the dark brem process (if it was activated)
[ RunManager ] 9822 debug: Reset the dark brem process (if it was activated)
[ RunManager ] 9823 debug: Reset the dark brem process (if it was activated)
[ RunManager ] 9824 debug: Reset the dark brem process (if it was activated)
[ RunManager ] 9825 debug: Reset the dark brem process (if it was activated)
[ RunManager ] 9826 debug: Reset the dark brem process (if it was activated)
[ RunManager ] 9827 debug: Reset the dark brem process (if it was activated)
[ RunManager ] 9828 debug: Reset the dark brem process (if it was activated)
[ RunManager ] 9829 debug: Reset the dark brem process (if it was activated)
[ RunManager ] 9830 debug: Reset the dark brem process (if it was activated)
[ RunManager ] 9831 debug: Reset the dark brem process (if it was activated)
[ RunManager ] 9832 debug: Reset the dark brem process (if it was activated)
[ RunManager ] 9833 debug: Reset the dark brem process (if it was activated)
[ RunManager ] 9834 debug: Reset the dark brem process (if it was activated)
[ RunManager ] 9835 debug: Reset the dark brem process (if it was activated)
[ RunManager ] 9836 debug: Reset the dark brem process (if it was activated)
[ RunManager ] 9837 debug: Reset the dark brem process (if it was activated)
[ RunManager ] 9838 debug: Reset the dark brem process (if it was activated)
[ RunManager ] 9839 debug: Reset the dark brem process (if it was activated)
[ RunManager ] 9840 debug: Reset the dark brem process (if it was activated)
[ RunManager ] 9841 debug: Reset the dark brem process (if it was activated)
[ RunManager ] 9842 debug: Reset the dark brem process (if it was activated)
[ RunManager ] 9843 debug: Reset the dark brem process (if it was activated)
[ RunManager ] 9844 debug: Reset the dark brem process (if it was activated)
[ RunManager ] 9845 debug: Reset the dark brem process (if it was activated)
[ RunManager ] 9846 debug: Reset the dark brem process (if it was activated)
[ RunManager ] 9847 debug: Reset the dark brem process (if it was activated)
[ RunManager ] 9848 debug: Reset the dark brem process (if it was activated)
[ RunManager ] 9849 debug: Reset the dark brem process (if it was activated)
[ RunManager ] 9850 debug: Reset the dark brem process (if it was activated)
[ RunManager ] 9851 debug: Reset the dark brem process (if it was activated)
[ RunManager ] 9852 debug: Reset the dark brem process (if it was activated)
[ RunManager ] 9853 debug: Reset the dark brem process (if it was activated)
[ RunManager ] 9854 debug: Reset the dark brem process (if it was activated)
[ RunManager ] 9855 debug: Reset the dark brem process (if it was activated)
[ RunManager ] 9856 debug: Reset the dark brem process (if it was activated)
[ RunManager ] 9857 debug: Reset the dark brem process (if it was activated)
[ RunManager ] 9858 debug: Reset the dark brem process (if it was activated)
[ RunManager ] 9859 debug: Reset the dark brem process (if it was activated)
[ RunManager ] 9860 debug: Reset the dark brem process (if it was activated)
[ RunManager ] 9861 debug: Reset the dark brem process (if it was activated)
[ RunManager ] 9862 debug: Reset the dark brem process (if it was activated)
[ RunManager ] 9863 debug: Reset the dark brem process (if it was activated)
[ RunManager ] 9864 debug: Reset the dark brem process (if it was activated)
[ RunManager ] 9865 debug: Reset the dark brem process (if it was activated)
[ RunManager ] 9866 debug: Reset the dark brem process (if it was activated)
[ RunManager ] 9867 debug: Reset the dark brem process (if it was activated)
[ RunManager ] 9868 debug: Reset the dark brem process (if it was activated)
[ RunManager ] 9869 debug: Reset the dark brem process (if it was activated)
[ RunManager ] 9870 debug: Reset the dark brem process (if it was activated)
[ RunManager ] 9871 debug: Reset the dark brem process (if it was activated)
[ RunManager ] 9872 debug: Reset the dark brem process (if it was activated)
[ RunManager ] 9873 debug: Reset the dark brem process (if it was activated)
[ RunManager ] 9874 debug: Reset the dark brem process (if it was activated)
[ RunManager ] 9875 debug: Reset the dark brem process (if it was activated)
[ RunManager ] 9876 debug: Reset the dark brem process (if it was activated)
[ RunManager ] 9877 debug: Reset the dark brem process (if it was activated)
[ RunManager ] 9878 debug: Reset the dark brem process (if it was activated)
[ RunManager ] 9879 debug: Reset the dark brem process (if it was activated)
[ RunManager ] 9880 debug: Reset the dark brem process (if it was activated)
[ RunManager ] 9881 debug: Reset the dark brem process (if it was activated)
[ RunManager ] 9882 debug: Reset the dark brem process (if it was activated)
[ RunManager ] 9883 debug: Reset the dark brem process (if it was activated)
[ RunManager ] 9884 debug: Reset the dark brem process (if it was activated)
[ RunManager ] 9885 debug: Reset the dark brem process (if it was activated)
[ RunManager ] 9886 debug: Reset the dark brem process (if it was activated)
[ RunManager ] 9887 debug: Reset the dark brem process (if it was activated)
[ RunManager ] 9888 debug: Reset the dark brem process (if it was activated)
[ RunManager ] 9889 debug: Reset the dark brem process (if it was activated)
[ RunManager ] 9890 debug: Reset the dark brem process (if it was activated)
[ RunManager ] 9891 debug: Reset the dark brem process (if it was activated)
[ RunManager ] 9892 debug: Reset the dark brem process (if it was activated)
[ RunManager ] 9893 debug: Reset the dark brem process (if it was activated)
[ RunManager ] 9894 debug: Reset the dark brem process (if it was activated)
[ RunManager ] 9895 debug: Reset the dark brem process (if it was activated)
[ RunManager ] 9896 debug: Reset the dark brem process (if it was activated)
[ RunManager ] 9897 debug: Reset the dark brem process (if it was activated)
[ RunManager ] 9898 debug: Reset the dark brem process (if it was activated)
[ RunManager ] 9899 debug: Reset the dark brem process (if it was activated)
[ RunManager ] 9900 debug: Reset the dark brem process (if it was activated)
[ RunManager ] 9901 debug: Reset the dark brem process (if it was activated)
[ RunManager ] 9902 debug: Reset the dark brem process (if it was activated)
[ RunManager ] 9903 debug: Reset the dark brem process (if it was activated)
[ RunManager ] 9904 debug: Reset the dark brem process (if it was activated)
[ RunManager ] 9905 debug: Reset the dark brem process (if it was activated)
[ RunManager ] 9906 debug: Reset the dark brem process (if it was activated)
[ RunManager ] 9907 debug: Reset the dark brem process (if it was activated)
[ RunManager ] 9908 debug: Reset the dark brem process (if it was activated)
[ RunManager ] 9909 debug: Reset the dark brem process (if it was activated)
[ RunManager ] 9910 debug: Reset the dark brem process (if it was activated)
[ RunManager ] 9911 debug: Reset the dark brem process (if it was activated)
[ RunManager ] 9912 debug: Reset the dark brem process (if it was activated)
[ RunManager ] 9913 debug: Reset the dark brem process (if it was activated)
[ RunManager ] 9914 debug: Reset the dark brem process (if it was activated)
[ RunManager ] 9915 debug: Reset the dark brem process (if it was activated)
[ RunManager ] 9916 debug: Reset the dark brem process (if it was activated)
[ RunManager ] 9917 debug: Reset the dark brem process (if it was activated)
[ RunManager ] 9918 debug: Reset the dark brem process (if it was activated)
[ RunManager ] 9919 debug: Reset the dark brem process (if it was activated)
[ RunManager ] 9920 debug: Reset the dark brem process (if it was activated)
[ RunManager ] 9921 debug: Reset the dark brem process (if it was activated)
[ RunManager ] 9922 debug: Reset the dark brem process (if it was activated)
[ RunManager ] 9923 debug: Reset the dark brem process (if it was activated)
[ RunManager ] 9924 debug: Reset the dark brem process (if it was activated)
[ RunManager ] 9925 debug: Reset the dark brem process (if it was activated)
[ RunManager ] 9926 debug: Reset the dark brem process (if it was activated)
[ RunManager ] 9927 debug: Reset the dark brem process (if it was activated)
[ RunManager ] 9928 debug: Reset the dark brem process (if it was activated)
[ RunManager ] 9929 debug: Reset the dark brem process (if it was activated)
[ RunManager ] 9930 debug: Reset the dark brem process (if it was activated)
[ RunManager ] 9931 debug: Reset the dark brem process (if it was activated)
[ RunManager ] 9932 debug: Reset the dark brem process (if it was activated)
[ RunManager ] 9933 debug: Reset the dark brem process (if it was activated)
[ RunManager ] 9934 debug: Reset the dark brem process (if it was activated)
[ RunManager ] 9935 debug: Reset the dark brem process (if it was activated)
[ RunManager ] 9936 debug: Reset the dark brem process (if it was activated)
[ RunManager ] 9937 debug: Reset the dark brem process (if it was activated)
[ RunManager ] 9938 debug: Reset the dark brem process (if it was activated)
[ RunManager ] 9939 debug: Reset the dark brem process (if it was activated)
[ RunManager ] 9940 debug: Reset the dark brem process (if it was activated)
[ RunManager ] 9941 debug: Reset the dark brem process (if it was activated)
[ RunManager ] 9942 debug: Reset the dark brem process (if it was activated)
[ RunManager ] 9943 debug: Reset the dark brem process (if it was activated)
[ RunManager ] 9944 debug: Reset the dark brem process (if it was activated)
[ RunManager ] 9945 debug: Reset the dark brem process (if it was activated)
[ RunManager ] 9946 debug: Reset the dark brem process (if it was activated)
[ RunManager ] 9947 debug: Reset the dark brem process (if it was activated)
[ RunManager ] 9948 debug: Reset the dark brem process (if it was activated)
[ RunManager ] 9949 debug: Reset the dark brem process (if it was activated)
[ RunManager ] 9950 debug: Reset the dark brem process (if it was activated)
[ RunManager ] 9951 debug: Reset the dark brem process (if it was activated)
[ RunManager ] 9952 debug: Reset the dark brem process (if it was activated)
[ RunManager ] 9953 debug: Reset the dark brem process (if it was activated)
[ RunManager ] 9954 debug: Reset the dark brem process (if it was activated)
[ RunManager ] 9955 debug: Reset the dark brem process (if it was activated)
[ RunManager ] 9956 debug: Reset the dark brem process (if it was activated)
[ RunManager ] 9957 debug: Reset the dark brem process (if it was activated)
[ RunManager ] 9958 debug: Reset the dark brem process (if it was activated)
[ RunManager ] 9959 debug: Reset the dark brem process (if it was activated)
[ RunManager ] 9960 debug: Reset the dark brem process (if it was activated)
[ RunManager ] 9961 debug: Reset the dark brem process (if it was activated)
[ RunManager ] 9962 debug: Reset the dark brem process (if it was activated)
[ RunManager ] 9963 debug: Reset the dark brem process (if it was activated)
[ RunManager ] 9964 debug: Reset the dark brem process (if it was activated)
[ RunManager ] 9965 debug: Reset the dark brem process (if it was activated)
[ RunManager ] 9966 debug: Reset the dark brem process (if it was activated)
[ RunManager ] 9967 debug: Reset the dark brem process (if it was activated)
[ RunManager ] 9968 debug: Reset the dark brem process (if it was activated)
[ RunManager ] 9969 debug: Reset the dark brem process (if it was activated)
[ RunManager ] 9970 debug: Reset the dark brem process (if it was activated)
[ RunManager ] 9971 debug: Reset the dark brem process (if it was activated)
[ RunManager ] 9972 debug: Reset the dark brem process (if it was activated)
[ RunManager ] 9973 debug: Reset the dark brem process (if it was activated)
[ RunManager ] 9974 debug: Reset the dark brem process (if it was activated)
[ RunManager ] 9975 debug: Reset the dark brem process (if it was activated)
[ RunManager ] 9976 debug: Reset the dark brem process (if it was activated)
[ RunManager ] 9977 debug: Reset the dark brem process (if it was activated)
[ RunManager ] 9978 debug: Reset the dark brem process (if it was activated)
[ RunManager ] 9979 debug: Reset the dark brem process (if it was activated)
[ RunManager ] 9980 debug: Reset the dark brem process (if it was activated)
[ RunManager ] 9981 debug: Reset the dark brem process (if it was activated)
[ RunManager ] 9982 debug: Reset the dark brem process (if it was activated)
[ RunManager ] 9983 debug: Reset the dark brem process (if it was activated)
[ RunManager ] 9984 debug: Reset the dark brem process (if it was activated)
[ RunManager ] 9985 debug: Reset the dark brem process (if it was activated)
[ RunManager ] 9986 debug: Reset the dark brem process (if it was activated)
[ RunManager ] 9987 debug: Reset the dark brem process (if it was activated)
[ RunManager ] 9988 debug: Reset the dark brem process (if it was activated)
[ RunManager ] 9989 debug: Reset the dark brem process (if it was activated)
[ RunManager ] 9990 debug: Reset the dark brem process (if it was activated)
[ RunManager ] 9991 debug: Reset the dark brem process (if it was activated)
[ RunManager ] 9992 debug: Reset the dark brem process (if it was activated)
[ RunManager ] 9993 debug: Reset the dark brem process (if it was activated)
[ RunManager ] 9994 debug: Reset the dark brem process (if it was activated)
[ RunManager ] 9995 debug: Reset the dark brem process (if it was activated)
[ RunManager ] 9996 debug: Reset the dark brem process (if it was activated)
[ RunManager ] 9997 debug: Reset the dark brem process (if it was activated)
[ RunManager ] 9998 debug: Reset the dark brem process (if it was activated)
[ RunManager ] 9999 debug: Reset the dark brem process (if it was activated)
[ RunManager ] 10000 debug: Reset the dark brem process (if it was activated)
[ SimulatorBase ] 10000  warn: Started 10000 events to produce 10000 events.
---- LDMXSW: Event processing complete  --------
